--
-- PostgreSQL database dump
--

-- Dumped from database version 14.5 (Ubuntu 14.5-0ubuntu0.22.04.1)
-- Dumped by pg_dump version 14.5 (Ubuntu 14.5-0ubuntu0.22.04.1)

SET statement_timeout = 0;
SET lock_timeout = 0;
SET idle_in_transaction_session_timeout = 0;
SET client_encoding = 'UTF8';
SET standard_conforming_strings = on;
SELECT pg_catalog.set_config('search_path', '', false);
SET check_function_bodies = false;
SET xmloption = content;
SET client_min_messages = warning;
SET row_security = off;

--
-- Name: add_create_at_data(); Type: FUNCTION; Schema: public; Owner: db_user
--

CREATE FUNCTION public.add_create_at_data() RETURNS trigger
    LANGUAGE plpgsql
    AS $$
BEGIN
      IF (NEW.created_at IS NULL) THEN
	  NEW.created_at := now();
	  END IF;
  RETURN NEW;
END
$$;


ALTER FUNCTION public.add_create_at_data() OWNER TO db_user;

--
-- Name: get_product_price_with_all_reduces_by_user_id_product_price_id(integer, integer); Type: FUNCTION; Schema: public; Owner: db_user
--

CREATE FUNCTION public.get_product_price_with_all_reduces_by_user_id_product_price_id(user_id integer, product_price_id integer) RETURNS money
    LANGUAGE sql
    AS $$
  SELECT 
CASE
	WHEN (prices_with_discounts.percents IS NULL) THEN reduced_price
	ELSE reduced_price - reduced_price / 100 * products_prices_reduces_individual.percents
	END
	FROM products_prices_reduces_individual
	LEFT JOIN prices_with_discounts ON prices_with_discounts.products_price_id = products_prices_reduces_individual.products_price_id
	WHERE user_id = user_id AND product_id = product_price_id;

$$;


ALTER FUNCTION public.get_product_price_with_all_reduces_by_user_id_product_price_id(user_id integer, product_price_id integer) OWNER TO db_user;

SET default_tablespace = '';

SET default_table_access_method = heap;

--
-- Name: baskets; Type: TABLE; Schema: public; Owner: db_user
--

CREATE TABLE public.baskets (
    id integer NOT NULL,
    is_ordered boolean DEFAULT false,
    created_at timestamp without time zone
);


ALTER TABLE public.baskets OWNER TO db_user;

--
-- Name: baskets_products; Type: TABLE; Schema: public; Owner: db_user
--

CREATE TABLE public.baskets_products (
    id integer NOT NULL,
    basket_id integer NOT NULL,
    product_id integer NOT NULL,
    product_count integer DEFAULT 0,
    created_at timestamp without time zone
);


ALTER TABLE public.baskets_products OWNER TO db_user;

--
-- Name: products_prices; Type: TABLE; Schema: public; Owner: db_user
--

CREATE TABLE public.products_prices (
    id integer NOT NULL,
    product_id integer,
    price money
);


ALTER TABLE public.products_prices OWNER TO db_user;

--
-- Name: products_prices_reduces; Type: TABLE; Schema: public; Owner: db_user
--

CREATE TABLE public.products_prices_reduces (
    id integer NOT NULL,
    products_price_id integer NOT NULL,
    percents numeric DEFAULT 0
);


ALTER TABLE public.products_prices_reduces OWNER TO db_user;

--
-- Name: prices_with_discounts; Type: VIEW; Schema: public; Owner: db_user
--

CREATE VIEW public.prices_with_discounts AS
 SELECT products_prices.id AS products_price_id,
    products_prices.product_id,
    products_prices.price,
        CASE
            WHEN (products_prices_reduces.percents IS NULL) THEN products_prices.price
            ELSE (products_prices.price - ((products_prices.price / 100) * (products_prices_reduces.percents)::double precision))
        END AS reduced_price,
    products_prices_reduces.percents
   FROM (public.products_prices
     LEFT JOIN public.products_prices_reduces ON ((products_prices.id = products_prices_reduces.products_price_id)));


ALTER TABLE public.prices_with_discounts OWNER TO db_user;

--
-- Name: baskets_costs_view; Type: VIEW; Schema: public; Owner: db_user
--

CREATE VIEW public.baskets_costs_view AS
 SELECT baskets.id,
    sum((prices_with_discounts.reduced_price * baskets_products.product_count)) AS total_basket_cost
   FROM ((public.baskets
     JOIN public.baskets_products ON ((baskets_products.basket_id = baskets.id)))
     JOIN public.prices_with_discounts ON ((prices_with_discounts.product_id = baskets_products.product_id)))
  GROUP BY baskets.id
  ORDER BY baskets.id;


ALTER TABLE public.baskets_costs_view OWNER TO db_user;

--
-- Name: baskets_id_seq; Type: SEQUENCE; Schema: public; Owner: db_user
--

CREATE SEQUENCE public.baskets_id_seq
    AS integer
    START WITH 1
    INCREMENT BY 1
    NO MINVALUE
    NO MAXVALUE
    CACHE 1;


ALTER TABLE public.baskets_id_seq OWNER TO db_user;

--
-- Name: baskets_id_seq; Type: SEQUENCE OWNED BY; Schema: public; Owner: db_user
--

ALTER SEQUENCE public.baskets_id_seq OWNED BY public.baskets.id;


--
-- Name: baskets_products_id_seq; Type: SEQUENCE; Schema: public; Owner: db_user
--

CREATE SEQUENCE public.baskets_products_id_seq
    AS integer
    START WITH 1
    INCREMENT BY 1
    NO MINVALUE
    NO MAXVALUE
    CACHE 1;


ALTER TABLE public.baskets_products_id_seq OWNER TO db_user;

--
-- Name: baskets_products_id_seq; Type: SEQUENCE OWNED BY; Schema: public; Owner: db_user
--

ALTER SEQUENCE public.baskets_products_id_seq OWNED BY public.baskets_products.id;


--
-- Name: baskets_users; Type: TABLE; Schema: public; Owner: db_user
--

CREATE TABLE public.baskets_users (
    id integer NOT NULL,
    user_id integer,
    basket_id integer,
    created_at timestamp without time zone
);


ALTER TABLE public.baskets_users OWNER TO db_user;

--
-- Name: baskets_users_id_seq; Type: SEQUENCE; Schema: public; Owner: db_user
--

CREATE SEQUENCE public.baskets_users_id_seq
    AS integer
    START WITH 1
    INCREMENT BY 1
    NO MINVALUE
    NO MAXVALUE
    CACHE 1;


ALTER TABLE public.baskets_users_id_seq OWNER TO db_user;

--
-- Name: baskets_users_id_seq; Type: SEQUENCE OWNED BY; Schema: public; Owner: db_user
--

ALTER SEQUENCE public.baskets_users_id_seq OWNED BY public.baskets_users.id;


--
-- Name: orders; Type: TABLE; Schema: public; Owner: db_user
--

CREATE TABLE public.orders (
    id integer NOT NULL,
    basket_id integer NOT NULL,
    pickpoint_id integer,
    created_at timestamp without time zone,
    finish_date timestamp without time zone
);


ALTER TABLE public.orders OWNER TO db_user;

--
-- Name: orders_id_seq; Type: SEQUENCE; Schema: public; Owner: db_user
--

CREATE SEQUENCE public.orders_id_seq
    AS integer
    START WITH 1
    INCREMENT BY 1
    NO MINVALUE
    NO MAXVALUE
    CACHE 1;


ALTER TABLE public.orders_id_seq OWNER TO db_user;

--
-- Name: orders_id_seq; Type: SEQUENCE OWNED BY; Schema: public; Owner: db_user
--

ALTER SEQUENCE public.orders_id_seq OWNED BY public.orders.id;


--
-- Name: pay_cards; Type: TABLE; Schema: public; Owner: db_user
--

CREATE TABLE public.pay_cards (
    id integer NOT NULL,
    user_id integer,
    created_at timestamp without time zone,
    card_num character varying(25) NOT NULL
);


ALTER TABLE public.pay_cards OWNER TO db_user;

--
-- Name: pay_cards_id_seq; Type: SEQUENCE; Schema: public; Owner: db_user
--

CREATE SEQUENCE public.pay_cards_id_seq
    AS integer
    START WITH 1
    INCREMENT BY 1
    NO MINVALUE
    NO MAXVALUE
    CACHE 1;


ALTER TABLE public.pay_cards_id_seq OWNER TO db_user;

--
-- Name: pay_cards_id_seq; Type: SEQUENCE OWNED BY; Schema: public; Owner: db_user
--

ALTER SEQUENCE public.pay_cards_id_seq OWNED BY public.pay_cards.id;


--
-- Name: pickpoints; Type: TABLE; Schema: public; Owner: db_user
--

CREATE TABLE public.pickpoints (
    id integer NOT NULL,
    address character varying(512),
    created_at timestamp without time zone
);


ALTER TABLE public.pickpoints OWNER TO db_user;

--
-- Name: pickpoints_id_seq; Type: SEQUENCE; Schema: public; Owner: db_user
--

CREATE SEQUENCE public.pickpoints_id_seq
    AS integer
    START WITH 1
    INCREMENT BY 1
    NO MINVALUE
    NO MAXVALUE
    CACHE 1;


ALTER TABLE public.pickpoints_id_seq OWNER TO db_user;

--
-- Name: pickpoints_id_seq; Type: SEQUENCE OWNED BY; Schema: public; Owner: db_user
--

ALTER SEQUENCE public.pickpoints_id_seq OWNED BY public.pickpoints.id;


--
-- Name: products; Type: TABLE; Schema: public; Owner: db_user
--

CREATE TABLE public.products (
    id integer NOT NULL,
    name character varying(127),
    description text,
    is_active boolean,
    created_at timestamp without time zone
);


ALTER TABLE public.products OWNER TO db_user;

--
-- Name: products_id_seq; Type: SEQUENCE; Schema: public; Owner: db_user
--

CREATE SEQUENCE public.products_id_seq
    AS integer
    START WITH 1
    INCREMENT BY 1
    NO MINVALUE
    NO MAXVALUE
    CACHE 1;


ALTER TABLE public.products_id_seq OWNER TO db_user;

--
-- Name: products_id_seq; Type: SEQUENCE OWNED BY; Schema: public; Owner: db_user
--

ALTER SEQUENCE public.products_id_seq OWNED BY public.products.id;


--
-- Name: products_photos; Type: TABLE; Schema: public; Owner: db_user
--

CREATE TABLE public.products_photos (
    id integer NOT NULL,
    product_id integer,
    photo_url character varying(255),
    created_at timestamp without time zone
);


ALTER TABLE public.products_photos OWNER TO db_user;

--
-- Name: products_photos_id_seq; Type: SEQUENCE; Schema: public; Owner: db_user
--

CREATE SEQUENCE public.products_photos_id_seq
    AS integer
    START WITH 1
    INCREMENT BY 1
    NO MINVALUE
    NO MAXVALUE
    CACHE 1;


ALTER TABLE public.products_photos_id_seq OWNER TO db_user;

--
-- Name: products_photos_id_seq; Type: SEQUENCE OWNED BY; Schema: public; Owner: db_user
--

ALTER SEQUENCE public.products_photos_id_seq OWNED BY public.products_photos.id;


--
-- Name: products_prices_id_seq; Type: SEQUENCE; Schema: public; Owner: db_user
--

CREATE SEQUENCE public.products_prices_id_seq
    AS integer
    START WITH 1
    INCREMENT BY 1
    NO MINVALUE
    NO MAXVALUE
    CACHE 1;


ALTER TABLE public.products_prices_id_seq OWNER TO db_user;

--
-- Name: products_prices_id_seq; Type: SEQUENCE OWNED BY; Schema: public; Owner: db_user
--

ALTER SEQUENCE public.products_prices_id_seq OWNED BY public.products_prices.id;


--
-- Name: products_prices_reduces_id_seq; Type: SEQUENCE; Schema: public; Owner: db_user
--

CREATE SEQUENCE public.products_prices_reduces_id_seq
    AS integer
    START WITH 1
    INCREMENT BY 1
    NO MINVALUE
    NO MAXVALUE
    CACHE 1;


ALTER TABLE public.products_prices_reduces_id_seq OWNER TO db_user;

--
-- Name: products_prices_reduces_id_seq; Type: SEQUENCE OWNED BY; Schema: public; Owner: db_user
--

ALTER SEQUENCE public.products_prices_reduces_id_seq OWNED BY public.products_prices_reduces.id;


--
-- Name: products_prices_reduces_individual; Type: TABLE; Schema: public; Owner: db_user
--

CREATE TABLE public.products_prices_reduces_individual (
    user_id integer NOT NULL,
    products_price_id integer NOT NULL,
    percents numeric DEFAULT 0
);


ALTER TABLE public.products_prices_reduces_individual OWNER TO db_user;

--
-- Name: profiles; Type: TABLE; Schema: public; Owner: db_user
--

CREATE TABLE public.profiles (
    id integer NOT NULL,
    user_id integer,
    email character varying(120) NOT NULL,
    phone character varying(15),
    gender character(1),
    created_at timestamp without time zone,
    birthdate date,
    CONSTRAINT profiles_gender_check CHECK ((gender = ANY (ARRAY['F'::bpchar, 'M'::bpchar])))
);


ALTER TABLE public.profiles OWNER TO db_user;

--
-- Name: profiles_id_seq; Type: SEQUENCE; Schema: public; Owner: db_user
--

CREATE SEQUENCE public.profiles_id_seq
    AS integer
    START WITH 1
    INCREMENT BY 1
    NO MINVALUE
    NO MAXVALUE
    CACHE 1;


ALTER TABLE public.profiles_id_seq OWNER TO db_user;

--
-- Name: profiles_id_seq; Type: SEQUENCE OWNED BY; Schema: public; Owner: db_user
--

ALTER SEQUENCE public.profiles_id_seq OWNED BY public.profiles.id;


--
-- Name: security; Type: TABLE; Schema: public; Owner: db_user
--

CREATE TABLE public.security (
    id integer NOT NULL,
    user_id integer,
    password character varying(128)
);


ALTER TABLE public.security OWNER TO db_user;

--
-- Name: security_id_seq; Type: SEQUENCE; Schema: public; Owner: db_user
--

CREATE SEQUENCE public.security_id_seq
    AS integer
    START WITH 1
    INCREMENT BY 1
    NO MINVALUE
    NO MAXVALUE
    CACHE 1;


ALTER TABLE public.security_id_seq OWNER TO db_user;

--
-- Name: security_id_seq; Type: SEQUENCE OWNED BY; Schema: public; Owner: db_user
--

ALTER SEQUENCE public.security_id_seq OWNED BY public.security.id;


--
-- Name: users; Type: TABLE; Schema: public; Owner: db_user
--

CREATE TABLE public.users (
    id integer NOT NULL,
    first_name character varying(50) NOT NULL,
    last_name character varying(50) NOT NULL,
    created_at timestamp without time zone
);


ALTER TABLE public.users OWNER TO db_user;

--
-- Name: users_id_seq; Type: SEQUENCE; Schema: public; Owner: db_user
--

CREATE SEQUENCE public.users_id_seq
    AS integer
    START WITH 1
    INCREMENT BY 1
    NO MINVALUE
    NO MAXVALUE
    CACHE 1;


ALTER TABLE public.users_id_seq OWNER TO db_user;

--
-- Name: users_id_seq; Type: SEQUENCE OWNED BY; Schema: public; Owner: db_user
--

ALTER SEQUENCE public.users_id_seq OWNED BY public.users.id;


--
-- Name: baskets id; Type: DEFAULT; Schema: public; Owner: db_user
--

ALTER TABLE ONLY public.baskets ALTER COLUMN id SET DEFAULT nextval('public.baskets_id_seq'::regclass);


--
-- Name: baskets_products id; Type: DEFAULT; Schema: public; Owner: db_user
--

ALTER TABLE ONLY public.baskets_products ALTER COLUMN id SET DEFAULT nextval('public.baskets_products_id_seq'::regclass);


--
-- Name: baskets_users id; Type: DEFAULT; Schema: public; Owner: db_user
--

ALTER TABLE ONLY public.baskets_users ALTER COLUMN id SET DEFAULT nextval('public.baskets_users_id_seq'::regclass);


--
-- Name: orders id; Type: DEFAULT; Schema: public; Owner: db_user
--

ALTER TABLE ONLY public.orders ALTER COLUMN id SET DEFAULT nextval('public.orders_id_seq'::regclass);


--
-- Name: pay_cards id; Type: DEFAULT; Schema: public; Owner: db_user
--

ALTER TABLE ONLY public.pay_cards ALTER COLUMN id SET DEFAULT nextval('public.pay_cards_id_seq'::regclass);


--
-- Name: pickpoints id; Type: DEFAULT; Schema: public; Owner: db_user
--

ALTER TABLE ONLY public.pickpoints ALTER COLUMN id SET DEFAULT nextval('public.pickpoints_id_seq'::regclass);


--
-- Name: products id; Type: DEFAULT; Schema: public; Owner: db_user
--

ALTER TABLE ONLY public.products ALTER COLUMN id SET DEFAULT nextval('public.products_id_seq'::regclass);


--
-- Name: products_photos id; Type: DEFAULT; Schema: public; Owner: db_user
--

ALTER TABLE ONLY public.products_photos ALTER COLUMN id SET DEFAULT nextval('public.products_photos_id_seq'::regclass);


--
-- Name: products_prices id; Type: DEFAULT; Schema: public; Owner: db_user
--

ALTER TABLE ONLY public.products_prices ALTER COLUMN id SET DEFAULT nextval('public.products_prices_id_seq'::regclass);


--
-- Name: products_prices_reduces id; Type: DEFAULT; Schema: public; Owner: db_user
--

ALTER TABLE ONLY public.products_prices_reduces ALTER COLUMN id SET DEFAULT nextval('public.products_prices_reduces_id_seq'::regclass);


--
-- Name: profiles id; Type: DEFAULT; Schema: public; Owner: db_user
--

ALTER TABLE ONLY public.profiles ALTER COLUMN id SET DEFAULT nextval('public.profiles_id_seq'::regclass);


--
-- Name: security id; Type: DEFAULT; Schema: public; Owner: db_user
--

ALTER TABLE ONLY public.security ALTER COLUMN id SET DEFAULT nextval('public.security_id_seq'::regclass);


--
-- Name: users id; Type: DEFAULT; Schema: public; Owner: db_user
--

ALTER TABLE ONLY public.users ALTER COLUMN id SET DEFAULT nextval('public.users_id_seq'::regclass);


--
-- Data for Name: baskets; Type: TABLE DATA; Schema: public; Owner: db_user
--

COPY public.baskets (id, is_ordered, created_at) FROM stdin;
1	f	2023-08-05 00:03:01
2	t	2022-12-31 11:13:39
3	f	2021-09-15 23:06:07
4	f	2022-02-16 11:39:59
5	t	2023-08-26 04:31:22
6	t	2021-09-17 16:53:33
7	t	2022-06-16 03:46:39
8	f	2023-05-11 01:17:23
9	t	2023-08-07 08:06:25
10	f	2022-03-22 05:26:29
11	f	2023-07-07 12:43:34
12	t	2022-07-26 23:51:51
13	f	2023-02-27 15:46:28
14	f	2022-05-04 13:50:58
15	t	2022-09-07 11:50:18
16	t	2021-10-11 02:32:33
17	t	2023-02-05 02:45:19
18	t	2021-11-22 22:34:45
19	f	2022-03-03 08:42:37
20	t	2022-01-05 21:15:41
21	t	2022-10-17 22:18:13
22	t	2022-02-04 07:15:49
23	t	2022-03-23 13:31:37
24	t	2021-09-25 19:52:50
25	f	2023-05-20 21:45:47
26	f	2022-07-14 09:19:46
27	f	2023-07-06 16:11:44
28	t	2021-12-31 11:15:14
29	t	2022-06-20 01:56:38
30	f	2023-04-24 19:02:25
31	t	2023-04-09 20:23:04
32	f	2022-01-31 16:59:13
33	f	2021-12-21 11:22:05
34	f	2023-06-25 21:29:27
35	f	2022-09-24 04:12:15
36	f	2022-06-22 14:59:19
37	f	2022-06-18 17:26:37
38	t	2021-09-18 01:01:40
39	f	2023-08-13 22:34:04
40	f	2022-02-07 11:59:05
41	f	2022-11-10 00:47:34
42	t	2023-02-21 21:49:40
43	t	2022-07-15 14:49:45
44	t	2022-05-12 18:26:09
45	t	2021-12-27 08:18:28
46	t	2023-06-07 05:39:42
47	f	2021-12-08 18:08:23
48	f	2022-03-08 11:53:24
49	t	2023-06-27 09:20:53
50	f	2022-06-24 07:14:34
51	t	2022-05-21 02:09:21
52	t	2023-06-15 04:40:20
53	f	2021-11-16 06:18:14
54	t	2022-11-27 00:09:50
55	f	2023-07-08 04:42:28
56	t	2022-11-24 19:52:41
57	t	2021-09-15 14:44:07
58	t	2022-09-25 04:14:49
59	t	2022-06-21 12:41:45
60	t	2022-01-24 23:22:28
61	f	2023-02-26 02:11:56
62	f	2022-01-26 03:28:40
63	t	2021-10-24 09:41:12
64	t	2022-08-31 22:59:58
65	t	2022-01-19 01:54:27
66	t	2023-04-29 04:19:53
67	t	2023-04-27 11:18:52
68	t	2023-01-09 09:42:07
69	f	2023-04-16 03:56:17
70	t	2022-12-30 19:28:31
71	f	2023-02-24 00:47:15
72	t	2022-01-21 08:06:19
73	t	2023-03-02 21:14:20
74	t	2022-10-07 00:40:28
75	f	2022-12-23 14:22:59
76	f	2023-05-10 17:36:24
77	t	2022-06-10 08:17:34
78	t	2022-01-11 16:51:14
79	t	2022-07-13 20:35:09
80	t	2022-03-10 07:04:03
81	f	2023-02-13 05:56:05
82	t	2021-10-26 23:11:19
83	f	2023-04-10 10:41:49
84	t	2021-12-01 12:51:33
85	f	2023-01-06 04:52:56
86	t	2022-04-24 06:15:48
87	t	2023-01-17 07:03:40
88	f	2023-08-01 08:36:17
89	f	2022-05-23 07:39:01
90	t	2022-09-28 03:31:23
91	t	2022-04-01 18:09:52
92	f	2021-09-06 20:37:34
93	t	2022-06-20 14:56:46
94	f	2022-12-13 10:55:22
95	t	2022-12-13 08:34:14
96	t	2022-11-26 04:03:43
97	f	2023-08-16 09:28:40
98	f	2023-04-19 04:03:28
99	t	2023-05-08 21:19:45
100	f	2023-03-29 04:19:39
101	f	2022-05-10 09:37:44
102	t	2022-05-30 19:43:06
103	f	2021-10-27 02:45:38
104	f	2022-01-29 10:52:30
105	f	2023-08-20 03:35:10
106	t	2023-06-25 14:09:37
107	t	2023-07-22 05:19:49
108	f	2021-11-19 06:59:26
109	f	2021-09-06 16:03:47
110	f	2022-06-19 15:39:49
111	f	2022-09-22 03:28:54
112	f	2021-09-20 20:50:26
113	t	2022-10-09 14:46:28
114	f	2022-11-27 00:14:41
115	f	2023-08-16 09:46:59
116	f	2022-11-05 09:53:02
117	t	2022-05-08 03:12:50
118	t	2022-07-21 17:31:02
119	t	2022-10-27 01:53:27
120	t	2021-12-10 00:10:44
121	f	2023-06-10 06:38:51
122	f	2022-02-01 17:10:41
123	f	2023-03-14 21:54:55
124	t	2023-01-29 07:22:13
125	t	2022-03-09 00:03:56
126	f	2021-11-25 14:54:10
127	f	2021-11-08 18:15:29
128	t	2022-12-20 10:31:20
129	f	2022-04-14 21:34:46
130	t	2022-04-06 23:02:30
131	t	2021-12-05 01:07:28
132	t	2021-12-14 15:44:08
133	t	2023-06-29 04:41:11
134	f	2023-06-09 05:05:00
135	f	2022-06-21 08:00:21
136	t	2023-03-12 11:38:27
137	f	2022-03-07 12:29:34
138	t	2022-05-02 06:10:24
139	f	2023-06-15 16:02:11
140	t	2023-08-09 01:24:51
141	t	2023-05-07 12:51:07
142	t	2022-08-18 08:41:11
143	f	2022-01-12 14:19:04
144	f	2023-08-06 20:03:17
145	t	2023-07-03 12:19:07
146	f	2021-11-26 00:22:43
147	f	2023-07-27 15:06:54
148	t	2023-08-28 08:05:23
149	t	2022-07-22 13:58:11
150	f	2022-03-18 15:53:59
151	t	2022-06-20 05:22:21
152	f	2023-04-13 14:53:26
153	t	2021-12-21 22:22:34
154	t	2023-02-12 02:41:21
155	f	2023-07-06 13:39:30
156	t	2022-06-08 20:49:39
157	t	2023-05-20 23:49:04
158	t	2023-02-24 08:10:16
159	t	2022-04-21 20:01:22
160	f	2023-04-09 06:37:28
161	t	2022-01-19 06:16:10
162	t	2022-03-16 12:01:04
163	t	2022-11-01 09:51:31
164	t	2021-09-02 00:30:26
165	t	2022-08-25 19:01:20
166	f	2023-01-23 19:55:14
167	t	2022-08-06 01:46:33
168	t	2022-09-18 15:03:41
169	f	2022-11-25 22:42:31
170	t	2022-07-21 05:38:50
171	t	2022-04-19 00:11:09
172	t	2023-04-09 00:26:08
173	f	2022-08-06 04:09:19
174	t	2021-10-14 16:16:07
175	f	2022-10-27 00:57:05
176	t	2022-11-18 00:40:31
177	f	2022-07-20 13:48:43
178	t	2022-04-28 23:04:03
179	t	2023-07-23 22:07:48
180	f	2022-06-12 18:42:01
181	f	2022-03-04 18:18:39
182	f	2023-05-31 22:56:24
183	f	2023-02-12 18:13:17
184	t	2023-01-13 14:27:36
185	f	2022-03-25 13:56:47
186	t	2023-02-14 02:09:57
187	f	2021-08-30 19:41:02
188	f	2023-03-02 19:08:32
189	f	2021-12-22 10:11:46
190	f	2022-04-17 08:22:26
191	f	2023-05-01 15:04:07
192	f	2023-04-04 20:47:00
193	t	2022-10-22 21:35:33
194	t	2022-10-02 11:12:44
195	f	2022-03-20 21:02:23
196	f	2021-12-25 13:09:37
197	t	2023-04-23 09:58:14
198	t	2023-01-30 13:49:40
199	f	2021-09-19 14:16:55
200	f	2023-06-24 16:09:06
201	t	2022-08-08 19:02:19
202	f	2023-08-19 08:17:13
203	f	2022-10-06 15:25:54
204	f	2023-03-31 23:23:42
205	t	2021-12-18 23:59:23
206	t	2022-07-10 05:59:59
207	f	2022-03-19 20:06:59
208	f	2022-12-07 10:48:01
209	t	2023-04-30 13:49:09
210	t	2022-06-01 10:45:50
211	t	2022-04-22 01:56:58
212	t	2022-11-14 15:12:08
213	f	2022-01-01 22:57:59
214	f	2022-03-29 14:51:38
215	t	2023-05-13 23:11:06
216	f	2021-12-06 07:56:38
217	t	2023-07-03 07:40:39
218	t	2022-02-22 06:56:31
219	t	2022-03-02 21:41:03
220	f	2022-02-19 07:37:45
221	t	2021-11-27 17:06:22
222	f	2022-01-09 03:17:42
223	t	2023-03-20 18:10:32
224	t	2022-03-12 00:04:39
225	t	2023-01-04 05:33:27
226	f	2022-10-16 20:41:34
227	t	2022-08-07 13:49:09
228	t	2022-11-08 23:04:51
229	f	2023-02-08 12:54:30
230	t	2022-04-07 21:20:01
231	f	2021-12-29 03:36:48
232	t	2021-10-03 11:39:44
233	f	2021-10-03 18:17:57
234	f	2022-10-21 07:21:03
235	f	2021-09-29 03:06:51
236	t	2022-03-08 00:57:33
237	t	2022-09-05 03:02:20
238	t	2021-09-27 19:45:10
239	f	2023-08-17 21:50:49
240	t	2023-03-24 11:58:08
241	t	2022-07-06 12:34:34
242	f	2023-04-06 02:44:15
243	f	2022-07-10 23:43:26
244	t	2022-11-28 04:35:49
245	t	2022-12-10 04:03:08
246	t	2022-10-23 23:41:35
247	t	2022-04-22 22:39:22
248	t	2023-01-05 22:14:12
249	f	2021-12-30 23:22:29
250	t	2022-04-29 13:34:29
251	t	2022-12-24 01:38:09
252	t	2023-07-13 02:25:26
253	t	2023-05-07 13:17:33
254	t	2022-12-30 17:06:38
255	t	2022-04-17 00:14:38
256	t	2023-06-09 12:36:22
257	t	2021-09-16 09:32:37
258	f	2023-05-14 11:40:07
259	t	2023-04-02 19:38:22
260	t	2023-07-29 13:30:20
261	t	2022-05-14 07:23:25
262	f	2022-07-07 20:03:28
263	f	2023-08-21 21:41:05
264	f	2023-05-08 22:31:06
265	t	2022-11-14 23:33:01
266	t	2021-12-15 09:47:06
267	f	2021-11-12 20:36:38
268	f	2022-12-02 06:05:51
269	t	2022-09-04 10:47:50
270	f	2022-10-25 05:17:53
271	t	2022-01-22 12:44:51
272	t	2022-02-17 20:20:38
273	t	2022-11-29 02:24:23
274	t	2022-08-16 17:42:02
275	f	2023-08-08 00:02:55
276	t	2022-07-22 18:10:30
277	f	2022-10-20 17:40:57
278	f	2022-03-07 21:27:45
279	f	2023-06-25 23:57:13
280	t	2023-05-09 00:20:01
281	f	2022-08-02 09:24:08
282	t	2022-05-24 05:48:12
283	t	2023-03-21 19:19:25
284	t	2021-10-25 09:57:27
285	t	2022-02-08 22:08:20
286	f	2023-05-27 10:16:01
287	t	2023-07-20 23:20:28
288	f	2022-07-07 20:39:29
289	t	2022-05-09 18:43:34
290	f	2023-06-01 11:22:39
291	t	2022-06-15 15:25:12
292	f	2023-08-14 04:33:57
293	f	2022-07-29 12:48:59
294	t	2023-01-13 02:46:08
295	t	2022-06-03 05:48:37
296	t	2021-12-07 18:52:16
297	t	2021-11-27 17:35:04
298	f	2021-12-18 04:14:38
299	f	2022-05-24 15:39:29
300	f	2022-03-14 15:36:44
301	t	2022-10-07 07:14:36
302	t	2021-12-02 20:46:20
303	f	2022-07-23 22:00:17
304	t	2021-09-01 14:49:10
305	t	2022-08-01 09:44:19
306	t	2023-08-24 09:24:00
307	f	2023-08-27 17:52:25
308	f	2022-10-16 15:05:30
309	t	2021-12-17 14:49:02
310	f	2021-12-25 22:09:25
311	f	2021-12-21 04:57:47
312	t	2022-06-27 05:42:12
313	t	2023-05-18 13:01:17
314	t	2023-01-31 18:19:01
315	t	2021-09-04 19:46:58
316	t	2022-02-02 19:03:00
317	f	2023-04-04 23:43:17
318	f	2022-10-20 21:03:00
319	t	2022-09-10 10:35:27
320	f	2023-01-23 07:18:19
321	f	2021-12-08 11:33:24
322	f	2023-06-26 11:45:27
323	f	2023-06-11 03:32:43
324	t	2022-02-17 08:46:58
325	t	2023-03-04 21:50:20
326	t	2021-12-27 11:43:42
327	t	2022-02-27 00:11:05
328	f	2022-11-19 16:19:08
329	f	2021-11-11 15:15:45
330	t	2022-07-11 08:16:21
331	f	2022-04-27 05:29:14
332	f	2022-08-25 11:02:26
333	f	2022-12-14 12:59:08
334	t	2023-02-28 05:08:12
335	t	2023-04-21 01:23:01
336	f	2021-11-16 15:42:34
337	f	2022-02-24 19:15:10
338	f	2022-05-22 13:48:46
339	t	2022-03-23 22:49:32
340	f	2022-02-13 07:13:14
341	t	2023-02-19 10:41:54
342	f	2021-11-02 04:31:16
343	f	2023-03-15 11:06:26
344	t	2022-10-26 10:23:42
345	t	2021-10-12 01:39:50
346	t	2021-11-16 05:30:36
347	f	2023-06-02 17:16:08
348	f	2021-12-31 13:41:07
349	f	2022-04-02 00:28:03
350	t	2022-07-03 14:21:46
351	f	2023-05-30 02:58:05
352	f	2022-09-10 22:52:05
353	f	2023-04-28 08:20:49
354	t	2023-01-11 23:42:26
355	f	2021-12-30 01:24:15
356	t	2022-05-20 15:37:54
357	f	2023-02-04 21:00:01
358	t	2022-02-08 12:50:56
359	f	2023-02-13 02:39:56
360	t	2022-06-23 19:17:33
361	t	2022-10-29 03:30:27
362	f	2022-06-29 03:45:30
363	f	2022-03-16 01:20:59
364	f	2023-07-27 08:34:24
365	t	2022-06-12 06:16:25
366	f	2022-03-13 04:37:27
367	t	2022-07-11 16:32:53
368	t	2021-11-09 03:23:58
369	f	2022-08-30 11:16:54
370	f	2022-06-03 17:27:01
371	f	2023-07-11 05:56:08
372	f	2023-08-26 21:47:17
373	f	2022-06-18 16:50:54
374	t	2022-07-28 09:17:44
375	t	2021-11-07 11:43:30
376	f	2022-05-01 06:45:04
377	f	2021-11-14 17:32:49
378	t	2021-12-06 17:51:50
379	f	2023-07-09 04:19:11
380	f	2023-02-27 13:16:45
381	f	2023-05-13 12:48:02
382	f	2022-02-01 13:45:21
383	f	2023-06-15 19:19:56
384	f	2021-10-14 00:10:14
385	t	2021-12-12 13:20:04
386	f	2023-04-30 11:22:06
387	t	2021-11-23 16:22:19
388	f	2022-04-01 13:17:15
389	f	2023-01-13 08:34:43
390	t	2023-05-26 08:19:25
391	t	2023-05-29 20:11:17
392	t	2021-08-30 17:04:09
393	f	2021-09-20 00:37:47
394	t	2022-06-04 20:41:24
395	f	2021-10-27 17:33:16
396	f	2021-10-05 04:17:34
397	t	2022-11-20 18:07:00
398	t	2022-05-22 08:19:29
399	f	2023-02-16 18:17:20
400	t	2021-12-17 04:14:23
401	t	2023-06-21 12:12:30
402	f	2023-07-20 14:32:33
403	t	2022-03-01 07:23:32
404	f	2023-04-21 13:53:05
405	t	2022-05-17 14:35:20
406	f	2023-05-24 22:59:11
407	f	2023-07-09 22:54:25
408	t	2022-06-28 06:08:21
409	t	2023-08-28 02:32:28
410	f	2021-10-23 17:34:54
411	f	2023-05-16 20:08:15
412	t	2022-06-01 03:31:49
413	f	2022-11-18 08:20:40
414	t	2021-10-23 13:30:20
415	t	2022-01-23 07:24:21
416	t	2022-06-05 13:10:06
417	t	2023-03-13 17:48:38
418	t	2021-10-27 06:40:55
419	f	2021-10-05 10:01:14
420	t	2023-07-17 00:56:41
421	t	2023-04-26 05:02:43
422	f	2023-05-19 09:13:07
423	f	2022-02-11 00:26:39
424	t	2022-04-14 21:13:19
425	t	2022-05-01 17:04:07
426	f	2022-12-17 01:39:21
427	f	2022-08-27 01:41:31
428	t	2023-03-15 06:45:22
429	t	2021-09-18 20:26:33
430	t	2023-05-20 20:49:43
431	f	2023-04-15 16:47:17
432	f	2022-06-02 15:36:49
433	t	2023-02-24 04:26:28
434	t	2022-11-14 13:55:24
435	t	2022-09-04 18:46:13
436	f	2022-03-07 12:40:47
437	f	2023-02-10 14:02:23
438	f	2022-02-05 15:50:13
439	f	2023-06-19 11:30:11
440	f	2023-05-21 19:09:02
441	t	2022-05-27 00:40:46
442	f	2023-02-06 03:13:06
443	f	2022-03-14 01:52:29
444	t	2022-05-04 13:50:28
445	f	2022-04-17 03:29:01
446	f	2023-03-06 12:34:21
447	f	2021-10-11 07:21:15
448	t	2021-12-29 18:00:43
449	t	2022-04-08 05:31:36
450	t	2022-08-01 06:45:05
451	t	2023-02-08 15:38:04
452	f	2022-04-28 23:23:27
453	f	2022-11-03 14:28:50
454	f	2021-09-11 21:15:31
455	f	2023-06-19 14:25:45
456	t	2022-01-26 06:49:03
457	f	2022-11-19 23:09:30
458	t	2023-01-20 20:15:54
459	f	2023-07-08 18:16:33
460	f	2022-02-01 18:11:24
461	f	2022-05-04 04:30:11
462	t	2022-03-15 09:33:47
463	t	2022-04-18 15:40:56
464	f	2022-11-28 10:40:54
465	t	2021-09-21 16:29:14
466	t	2023-07-07 14:57:55
467	t	2022-08-12 20:54:59
468	f	2022-11-22 17:39:03
469	f	2022-06-23 00:45:21
470	f	2021-10-19 05:32:23
471	t	2022-02-27 09:12:14
472	t	2022-09-08 20:14:56
473	t	2022-01-02 16:03:31
474	f	2022-06-12 13:09:19
475	t	2022-06-24 02:43:49
476	f	2022-09-04 02:10:58
477	f	2022-05-24 03:49:52
478	t	2021-10-03 06:48:18
479	f	2021-10-10 20:07:47
480	t	2022-01-03 14:14:32
481	f	2023-05-25 00:54:26
482	f	2022-01-30 15:49:09
483	t	2022-02-01 22:54:02
484	t	2021-11-21 20:35:25
485	t	2021-11-22 03:04:09
486	t	2023-01-13 12:48:27
487	t	2021-10-29 23:41:02
488	f	2022-04-05 08:58:02
489	f	2023-06-28 18:04:11
490	t	2021-09-17 03:07:05
491	t	2023-06-27 17:37:26
492	t	2022-09-20 06:07:03
493	f	2023-04-01 20:13:11
494	t	2022-12-01 09:08:00
495	f	2023-03-25 10:59:53
496	f	2023-05-24 03:28:19
497	t	2022-12-13 03:35:46
498	t	2021-11-19 19:36:44
499	t	2022-11-18 10:47:17
500	f	2021-09-29 00:22:56
\.


--
-- Data for Name: baskets_products; Type: TABLE DATA; Schema: public; Owner: db_user
--

COPY public.baskets_products (id, basket_id, product_id, product_count, created_at) FROM stdin;
1201	260	432	6	2023-08-13 08:25:43
1202	152	77	1	2021-11-09 02:46:29
1203	148	365	4	2022-07-20 08:13:01
1204	128	357	2	2022-07-03 06:49:46
1205	219	349	4	2022-12-25 15:14:39
1206	55	402	7	2022-09-24 10:05:15
1207	285	272	5	2023-08-24 14:55:15
1208	232	121	9	2023-05-24 20:40:46
1209	49	59	2	2023-07-20 07:36:05
1210	224	390	8	2022-09-19 15:39:40
1211	122	77	2	2023-05-07 21:39:41
1212	152	404	3	2022-09-22 01:37:22
1213	93	71	2	2022-01-10 13:39:24
1214	236	244	4	2022-01-09 05:52:46
1215	100	412	4	2022-11-02 08:17:50
1216	289	230	5	2022-10-14 06:04:09
1217	178	79	9	2023-04-12 10:42:49
1218	289	444	4	2022-04-29 23:03:41
1219	214	110	8	2021-10-29 13:12:26
1220	242	75	5	2022-04-04 02:26:51
1221	83	428	9	2023-04-15 07:32:13
1222	58	114	7	2023-03-10 10:50:32
1223	276	397	3	2022-02-28 04:56:05
1224	158	472	9	2022-02-02 05:21:21
1225	249	217	1	2022-04-24 02:58:58
1226	14	188	8	2023-03-01 02:53:24
1227	180	321	5	2022-09-01 12:24:54
1228	109	374	9	2023-05-24 15:02:25
1229	241	98	6	2023-02-01 02:55:25
1230	229	105	2	2022-12-30 05:12:45
1231	9	384	7	2023-02-27 16:55:11
1232	143	168	1	2022-02-22 15:47:22
1233	87	230	2	2023-04-07 11:49:34
1234	254	398	7	2022-02-24 15:53:46
1235	181	317	3	2022-06-06 10:08:47
1236	67	296	6	2022-12-20 16:09:13
1237	210	194	8	2021-10-03 06:53:41
1238	102	145	3	2022-06-19 20:43:22
1239	221	335	10	2023-04-05 23:39:04
1240	73	460	4	2023-07-06 23:45:22
1241	239	150	2	2022-12-04 04:04:20
1242	68	320	7	2022-10-06 07:53:30
1243	249	199	8	2023-03-20 04:59:40
1244	133	66	8	2023-04-27 16:01:15
1245	3	359	9	2023-06-06 22:29:10
1246	200	232	7	2023-05-31 14:54:12
1247	134	130	10	2023-04-04 09:01:11
1248	271	336	4	2022-02-14 06:36:13
1249	54	354	10	2022-02-04 18:37:10
1250	18	297	7	2022-06-04 08:58:54
1251	119	482	9	2022-12-12 20:17:57
1252	38	144	8	2021-09-20 13:54:23
1253	140	40	6	2022-05-24 20:36:25
1254	79	91	10	2023-06-25 06:09:14
1255	130	166	6	2021-08-30 05:47:48
1256	175	206	8	2022-08-19 22:02:33
1257	270	410	5	2022-12-10 08:46:32
1258	187	474	7	2022-07-04 18:50:07
1259	177	31	3	2023-08-08 22:41:26
1260	174	111	5	2023-04-04 20:08:17
1261	111	163	9	2022-10-29 18:43:24
1262	200	473	8	2023-08-17 02:38:58
1263	28	116	10	2023-08-21 01:23:09
1264	93	353	3	2023-02-23 23:19:09
1265	269	41	9	2022-01-01 11:46:24
1266	140	451	7	2021-09-13 15:25:41
1267	211	202	2	2023-06-06 20:42:46
1268	131	196	5	2021-10-14 23:31:22
1269	114	442	6	2021-08-30 17:23:19
1270	25	124	5	2022-11-08 08:21:32
1271	263	438	6	2023-07-08 18:22:31
1272	279	353	3	2023-04-27 22:48:31
1273	126	276	4	2023-04-11 08:34:40
1274	148	31	5	2022-05-24 20:13:31
1275	87	345	5	2023-06-19 01:13:17
1276	141	228	3	2023-05-25 03:41:24
1277	47	292	9	2023-03-18 18:33:17
1278	8	406	3	2023-08-18 02:12:47
1279	161	467	7	2023-04-01 10:18:14
1280	44	77	2	2023-02-04 09:27:38
1281	125	441	6	2021-12-03 16:06:32
1282	74	197	10	2021-12-23 18:29:57
1283	126	268	2	2021-12-31 00:36:57
1284	249	201	2	2022-01-02 07:44:43
1285	287	88	4	2023-02-12 21:19:57
1286	220	321	8	2022-12-22 07:12:14
1287	212	265	6	2022-08-07 14:55:35
1288	187	233	2	2021-12-29 16:05:56
1289	146	26	4	2023-04-16 22:15:08
1290	174	240	6	2021-12-30 18:21:59
1291	272	484	3	2023-08-02 11:22:17
1292	175	336	3	2021-10-13 04:16:37
1293	251	144	7	2023-05-11 22:14:57
1294	298	347	5	2022-08-28 12:05:55
1295	137	443	4	2023-01-26 12:27:33
1296	68	314	2	2023-03-12 10:27:23
1297	236	323	9	2022-12-24 05:45:01
1298	292	332	4	2022-01-11 12:55:36
1299	137	189	1	2023-03-20 09:45:26
1300	107	474	9	2022-09-11 04:46:37
1301	145	53	2	2022-01-27 16:44:43
1302	133	396	3	2022-05-27 11:06:01
1303	241	9	5	2022-11-30 08:09:59
1304	218	478	8	2023-01-09 23:11:35
1305	273	321	9	2022-01-18 16:39:57
1306	139	31	7	2022-07-22 17:17:29
1307	212	25	6	2023-01-18 19:59:40
1308	230	423	10	2022-05-22 15:30:10
1309	41	17	9	2023-02-04 12:59:01
1310	214	424	7	2022-08-14 14:32:57
1311	206	67	4	2021-12-19 11:13:08
1312	24	235	5	2023-08-15 08:24:39
1313	204	459	1	2023-04-26 11:35:18
1314	245	119	4	2022-04-26 16:20:42
1315	229	425	6	2022-09-21 03:57:39
1316	77	489	8	2023-06-22 15:04:21
1317	25	92	9	2022-03-07 12:01:24
1318	286	385	7	2022-04-27 16:25:44
1319	78	328	4	2021-09-23 15:50:38
1320	113	396	4	2023-06-08 20:35:48
1321	165	110	8	2022-03-20 19:27:04
1322	81	179	4	2022-12-03 02:17:18
1323	210	300	5	2022-02-16 17:40:32
1324	17	463	9	2022-08-28 01:44:54
1325	120	201	4	2021-11-14 03:41:07
1326	163	312	9	2023-04-23 05:18:55
1327	135	225	10	2023-02-04 15:24:46
1328	275	323	9	2023-08-12 01:56:16
1329	255	267	1	2023-07-24 12:40:26
1330	133	9	2	2023-04-03 12:03:44
1331	289	177	2	2022-02-15 02:10:01
1332	30	438	10	2023-07-19 07:37:01
1333	74	266	4	2022-08-25 08:47:09
1334	120	104	4	2021-09-29 16:51:16
1335	195	466	2	2022-08-27 15:39:17
1336	233	234	2	2023-02-21 16:26:42
1337	60	209	8	2023-03-13 12:16:14
1338	67	273	3	2022-11-28 12:26:35
1339	290	195	10	2022-12-20 17:54:29
1340	156	271	2	2022-09-06 13:38:23
1341	300	66	6	2022-11-01 04:53:22
1342	47	434	5	2022-12-03 09:51:08
1343	145	470	8	2022-04-10 18:14:58
1344	13	344	5	2021-09-21 16:01:56
1345	199	154	2	2022-02-21 15:07:13
1346	200	47	6	2023-06-12 15:51:14
1347	185	157	4	2023-08-04 20:40:23
1348	160	63	7	2021-10-14 03:46:55
1349	299	428	9	2021-12-23 08:50:46
1350	264	352	8	2023-07-20 13:05:02
1351	120	94	5	2023-07-24 16:10:10
1352	254	427	1	2022-09-16 22:19:14
1353	144	302	9	2023-04-18 10:02:23
1354	22	421	6	2022-07-06 11:19:30
1355	261	48	2	2022-01-23 10:50:20
1356	299	375	2	2022-01-02 10:17:23
1357	272	218	7	2022-11-27 17:32:12
1358	193	257	2	2022-02-01 16:51:50
1359	160	67	7	2022-03-05 20:32:05
1360	168	23	10	2021-09-30 13:51:17
1361	10	412	5	2022-11-15 00:25:47
1362	160	253	8	2022-07-10 22:44:11
1363	17	290	9	2023-08-10 13:25:36
1364	222	309	8	2021-12-11 18:57:00
1365	188	398	3	2023-07-16 20:19:02
1366	264	320	8	2022-02-19 00:34:54
1367	191	317	2	2022-10-19 00:24:33
1368	50	129	3	2023-01-08 20:51:06
1369	82	372	3	2022-11-09 18:46:42
1370	191	72	4	2023-04-19 18:57:21
1371	145	34	3	2022-06-20 02:06:13
1372	284	72	4	2023-08-28 18:54:54
1373	259	69	1	2022-10-18 16:00:30
1374	37	332	7	2022-09-10 16:58:17
1375	3	246	2	2022-08-04 06:53:13
1376	57	368	6	2021-09-14 05:40:06
1377	298	332	6	2022-06-29 20:13:24
1378	72	166	3	2022-05-15 14:41:05
1379	37	238	7	2021-11-01 07:51:15
1380	57	48	5	2021-10-22 02:03:50
1381	186	238	9	2022-08-02 14:57:37
1382	266	95	8	2022-07-24 03:31:31
1383	52	235	7	2023-02-27 11:46:56
1384	121	148	4	2022-11-17 02:18:57
1385	51	338	6	2022-05-14 13:38:44
1386	228	147	8	2023-05-14 13:29:48
1387	44	80	2	2023-05-28 23:29:24
1388	223	55	7	2022-04-18 10:11:30
1389	29	373	6	2022-08-19 16:19:37
1390	214	345	6	2023-04-22 05:20:14
1391	231	35	2	2022-02-08 05:50:29
1392	107	476	4	2022-09-10 23:43:45
1393	214	153	8	2023-04-08 09:23:20
1394	161	92	10	2022-08-31 05:49:09
1395	117	291	10	2022-09-30 00:26:34
1396	26	45	3	2022-08-16 08:47:39
1397	112	66	4	2023-03-04 03:58:33
1398	235	184	3	2022-10-29 05:31:22
1399	179	112	5	2022-09-14 22:27:14
1400	235	93	7	2023-02-01 13:41:30
1401	233	445	4	2022-06-01 08:04:43
1402	3	389	6	2021-11-07 02:23:27
1403	49	103	6	2022-03-30 15:18:34
1404	81	118	6	2022-10-08 02:42:25
1405	74	383	2	2022-07-01 09:52:59
1406	216	394	10	2023-08-22 19:50:49
1407	4	47	4	2023-06-22 21:42:16
1408	151	341	8	2022-09-15 16:24:31
1409	61	451	4	2023-08-23 20:10:46
1410	7	171	2	2021-10-27 10:48:52
1411	222	468	1	2022-01-03 12:36:07
1412	35	412	8	2022-01-03 11:23:13
1413	160	209	5	2022-06-25 23:12:30
1414	225	457	3	2022-06-06 11:02:29
1415	85	325	4	2022-09-11 19:26:35
1416	3	235	4	2023-08-10 01:03:00
1417	126	177	9	2022-02-05 18:43:13
1418	114	413	5	2022-11-07 19:40:29
1419	55	248	7	2022-12-16 00:35:39
1420	244	83	4	2022-09-30 09:29:17
1421	161	163	2	2022-11-28 00:22:15
1422	279	65	9	2023-08-18 03:35:07
1423	172	321	7	2022-06-15 15:22:43
1424	201	165	4	2022-12-16 18:21:05
1425	123	111	5	2023-03-17 15:30:14
1426	104	284	3	2022-08-04 11:11:34
1427	56	479	1	2022-01-24 18:01:23
1428	156	393	4	2021-09-06 21:41:10
1429	69	256	4	2022-05-01 05:30:54
1430	154	413	6	2023-07-19 05:47:34
1431	44	189	5	2022-11-26 03:16:56
1432	270	326	3	2023-03-27 01:08:59
1433	46	191	9	2021-11-05 03:11:34
1434	155	83	6	2023-01-08 09:19:48
1435	285	12	8	2023-08-16 04:49:54
1436	111	321	2	2023-08-24 10:08:30
1437	127	71	8	2023-04-30 14:31:05
1438	41	282	5	2023-03-15 20:22:00
1439	114	313	8	2023-06-29 20:01:14
1440	174	21	6	2021-12-31 00:08:37
1441	28	194	7	2023-05-03 08:53:49
1442	212	263	10	2021-10-22 01:27:41
1443	109	458	8	2021-12-06 11:27:19
1444	76	416	3	2022-12-09 01:23:18
1445	194	353	3	2022-10-31 09:01:04
1446	23	391	1	2023-05-04 18:28:12
1447	297	250	6	2021-11-02 10:01:56
1448	218	77	8	2023-06-26 19:52:49
1449	59	421	4	2023-02-01 03:27:25
1450	35	258	9	2023-01-13 21:16:53
1451	67	330	3	2021-12-21 19:33:21
1452	252	36	2	2021-10-05 04:09:19
1453	223	130	4	2021-11-07 21:36:53
1454	33	474	5	2022-10-04 09:25:23
1455	288	143	3	2023-06-19 03:15:12
1456	30	288	6	2022-07-07 11:57:47
1457	283	123	5	2022-11-03 12:18:09
1458	214	220	5	2022-07-18 02:10:00
1459	210	441	4	2021-08-31 16:33:09
1460	70	45	9	2021-09-07 22:53:35
1461	100	212	9	2022-10-18 13:59:46
1462	44	126	3	2022-09-29 06:50:58
1463	253	17	4	2022-10-14 18:08:08
1464	101	137	6	2022-03-04 00:45:50
1465	234	253	3	2022-10-24 11:22:54
1466	30	419	8	2022-07-26 23:55:42
1467	192	465	10	2023-02-07 17:43:01
1468	263	263	4	2022-04-06 06:53:23
1469	294	248	1	2022-10-12 20:02:36
1470	143	456	9	2021-12-30 15:01:07
1471	196	233	8	2022-08-02 15:54:26
1472	256	5	9	2023-07-25 17:30:54
1473	122	268	2	2023-03-24 09:48:42
1474	52	130	5	2021-12-30 08:01:05
1475	211	487	9	2022-03-03 01:33:01
1476	54	465	7	2023-05-07 13:34:36
1477	250	72	2	2021-10-25 20:07:13
1478	275	270	3	2022-10-31 12:17:20
1479	273	42	9	2023-01-05 22:33:13
1480	226	450	8	2022-06-08 01:09:35
1481	108	74	5	2022-05-09 03:12:05
1482	205	258	5	2021-10-23 06:12:24
1483	34	419	6	2021-09-10 05:43:02
1484	97	291	2	2021-09-07 02:17:42
1485	33	299	2	2022-09-09 23:56:49
1486	135	227	7	2023-04-26 21:21:40
1487	100	440	4	2023-04-11 05:42:57
1488	96	157	5	2023-04-29 19:35:53
1489	204	260	10	2023-01-08 21:56:51
1490	99	242	8	2023-04-04 10:54:20
1491	161	442	9	2023-03-10 17:35:12
1492	81	453	8	2021-09-07 21:28:34
1493	8	53	7	2022-12-28 12:02:40
1494	155	420	8	2023-04-12 17:30:17
1495	142	144	4	2022-06-14 00:57:28
1496	21	460	8	2023-07-01 03:52:40
1497	118	128	3	2023-01-11 03:24:47
1498	127	361	4	2022-10-20 00:44:38
1499	290	243	5	2023-02-07 00:40:36
1500	164	438	4	2021-09-23 00:26:49
1501	281	226	4	2022-05-04 08:39:44
1502	152	7	8	2022-09-13 00:04:17
1503	227	481	4	2021-11-11 15:42:57
1504	133	373	6	2023-01-09 12:26:43
1505	103	259	8	2022-01-23 15:51:05
1506	182	40	9	2021-10-15 14:19:17
1507	114	107	8	2021-11-18 20:34:31
1508	254	463	6	2023-02-07 18:50:28
1509	86	314	3	2023-06-03 07:06:37
1510	203	182	5	2022-06-23 20:33:01
1511	223	295	4	2023-02-24 20:08:43
1512	269	14	10	2023-05-26 17:37:02
1513	142	70	4	2021-11-30 05:03:12
1514	206	437	1	2023-01-17 21:22:04
1515	56	310	6	2023-06-30 20:05:39
1516	238	153	10	2022-08-07 01:21:53
1517	30	465	10	2022-11-02 13:37:49
1518	174	469	8	2022-01-26 03:14:39
1519	266	134	10	2022-02-17 16:55:15
1520	54	176	9	2022-10-12 22:00:31
1521	62	91	3	2021-12-14 13:45:16
1522	234	127	6	2021-12-03 10:15:46
1523	129	5	3	2023-07-14 19:56:53
1524	231	421	6	2022-10-21 20:39:16
1525	30	265	4	2022-11-21 17:59:08
1526	167	161	3	2022-07-26 17:09:10
1527	290	228	4	2022-01-08 20:23:38
1528	60	116	4	2021-12-11 00:41:00
1529	53	386	2	2023-02-08 11:59:32
1530	189	476	3	2022-09-04 20:35:25
1531	275	101	3	2023-04-24 11:10:39
1532	270	188	9	2022-06-12 14:14:02
1533	179	220	4	2022-02-04 05:17:08
1534	187	75	4	2021-11-11 23:12:08
1535	134	419	3	2022-05-06 05:46:18
1536	32	131	4	2023-02-15 14:52:55
1537	275	295	3	2022-07-24 17:53:21
1538	90	146	7	2023-07-22 15:31:53
1539	214	318	9	2022-02-19 15:55:40
1540	115	371	6	2023-01-10 05:06:29
1541	174	63	1	2022-01-01 00:34:37
1542	168	334	2	2022-07-29 17:08:30
1543	253	435	2	2021-12-02 13:33:12
1544	95	134	4	2022-06-27 06:45:35
1545	152	83	2	2021-09-06 11:09:35
1546	216	262	8	2022-03-14 01:12:12
1547	45	185	5	2023-07-23 07:00:16
1548	295	302	4	2023-01-01 11:10:00
1549	141	188	1	2022-06-25 12:56:57
1550	106	359	1	2022-09-18 00:10:19
1551	265	15	7	2023-06-23 05:51:25
1552	90	312	9	2023-06-13 00:26:29
1553	272	111	10	2023-08-23 14:21:12
1554	187	194	7	2023-08-09 14:18:14
1555	168	177	1	2022-04-02 02:35:05
1556	21	400	2	2022-01-23 18:18:57
1557	201	434	6	2022-06-08 06:01:40
1558	116	274	9	2022-10-20 20:57:24
1559	288	420	3	2022-08-23 04:00:06
1560	82	297	1	2022-02-17 22:12:49
1561	150	55	4	2023-04-06 01:17:18
1562	133	313	1	2023-03-02 07:59:20
1563	99	433	6	2023-08-14 00:43:49
1564	42	480	7	2022-03-26 08:48:53
1565	128	431	7	2022-06-11 03:29:17
1566	94	434	5	2023-07-24 05:35:40
1567	108	13	4	2022-06-14 13:36:58
1568	178	202	4	2022-09-13 20:31:15
1569	8	225	9	2021-11-24 05:48:51
1570	290	19	4	2022-01-19 03:53:18
1571	142	125	8	2023-07-22 02:46:48
1572	296	32	7	2023-07-15 00:18:56
1573	162	143	5	2022-03-25 12:16:10
1574	49	126	2	2021-09-14 00:39:42
1575	215	23	6	2021-11-22 12:54:08
1576	286	152	7	2023-08-03 05:57:56
1577	103	152	9	2022-10-14 10:15:34
1578	96	336	9	2022-01-30 00:56:44
1579	129	426	2	2023-08-14 23:09:58
1580	27	270	5	2021-11-22 11:03:48
1581	32	476	10	2022-10-10 07:04:12
1582	180	372	5	2022-05-06 21:26:56
1583	114	174	5	2023-03-20 22:26:04
1584	125	249	4	2023-05-20 08:32:16
1585	188	378	8	2022-10-22 10:29:34
1586	227	278	7	2021-09-17 20:26:04
1587	50	363	4	2023-03-29 06:20:55
1588	239	328	1	2022-12-15 05:05:09
1589	144	462	4	2022-07-12 12:43:30
1590	66	141	9	2023-03-16 04:52:03
1591	28	97	1	2021-10-23 07:36:03
1592	218	460	8	2022-03-19 01:48:49
1593	90	199	4	2021-10-10 06:02:18
1594	126	180	4	2022-12-10 11:06:01
1595	259	195	9	2022-08-12 03:53:50
1596	235	178	8	2022-03-25 15:06:37
1597	26	108	6	2021-11-16 20:41:35
1598	9	376	5	2021-10-16 02:00:37
1599	210	53	9	2022-09-02 09:49:02
1600	297	130	10	2023-02-12 02:48:36
\.


--
-- Data for Name: baskets_users; Type: TABLE DATA; Schema: public; Owner: db_user
--

COPY public.baskets_users (id, user_id, basket_id, created_at) FROM stdin;
45672	39	282	2023-07-12 18:40:30
45673	46	54	2021-12-10 11:03:55
45674	131	6	2023-03-18 10:31:50
45675	108	22	2023-01-01 04:59:51
45676	27	91	2022-04-06 22:35:53
45677	36	63	2023-06-07 08:50:19
45678	165	261	2023-01-06 03:07:48
45679	115	220	2021-12-17 20:42:48
45680	165	83	2023-07-25 12:45:02
45681	123	289	2023-04-04 08:09:05
45682	168	65	2023-05-12 05:12:43
45683	33	86	2022-12-02 10:22:37
45684	89	284	2023-06-19 21:13:18
45685	51	14	2022-10-07 19:30:35
45686	14	251	2022-07-05 00:58:04
45687	108	144	2022-02-09 03:31:00
45688	165	277	2021-12-01 11:09:29
45689	32	163	2023-01-19 18:18:43
45690	81	193	2021-12-30 03:22:06
45691	167	10	2022-03-03 21:16:50
45692	152	205	2022-07-06 20:45:46
45693	124	300	2023-03-10 16:30:35
45694	71	79	2022-08-08 22:55:11
45695	158	189	2023-05-02 10:57:34
45696	72	38	2022-09-21 06:29:32
45697	66	267	2022-08-29 17:04:40
45698	9	199	2023-06-10 16:26:46
45699	143	37	2022-04-20 17:47:33
45700	143	103	2021-11-30 00:22:55
45701	100	23	2023-03-06 04:21:49
45702	150	56	2022-03-04 10:48:18
45703	14	299	2022-04-29 23:31:21
45704	149	118	2023-01-26 01:10:31
45705	175	153	2023-04-22 17:01:13
45706	169	244	2023-01-30 02:47:19
45707	82	120	2022-08-16 08:03:28
45708	78	128	2023-04-03 09:33:12
45709	3	102	2022-04-20 11:37:43
45710	104	174	2022-06-06 21:04:41
45711	159	151	2022-04-12 04:30:13
45712	63	66	2022-06-27 15:13:32
45713	76	255	2023-01-26 22:45:24
45714	184	98	2022-04-19 14:12:21
45715	29	198	2023-04-02 14:12:57
45716	127	105	2023-04-18 17:51:16
45717	29	97	2022-09-04 10:27:48
45718	150	203	2022-12-16 21:41:12
45719	129	48	2023-01-28 10:17:14
45720	151	210	2022-02-11 06:07:53
45721	118	4	2023-05-09 04:16:21
45722	93	237	2022-07-21 09:00:44
45723	96	112	2022-07-11 08:47:08
45724	153	249	2022-04-20 21:39:46
45725	139	25	2023-07-25 17:28:41
45726	159	61	2021-09-09 19:46:10
45727	9	269	2022-06-06 14:08:30
45728	38	55	2022-02-27 15:11:46
45729	53	149	2023-05-10 03:08:48
45730	85	195	2023-04-28 00:55:55
45731	53	212	2021-11-05 20:10:35
45732	25	67	2021-12-17 15:00:45
45733	87	266	2023-06-22 08:35:20
45734	12	185	2022-05-27 15:32:46
45735	23	85	2022-06-29 23:32:15
45736	90	64	2023-04-13 08:03:55
45737	167	222	2023-06-19 06:49:28
45738	37	50	2022-03-03 22:16:28
45739	87	219	2022-09-29 12:57:52
45740	36	207	2022-06-10 03:53:45
45741	59	27	2022-10-26 19:48:38
45742	16	173	2022-09-13 04:37:29
45743	152	285	2022-12-16 08:38:15
45744	49	11	2023-03-26 11:05:39
45745	163	155	2021-12-14 21:16:43
45746	107	181	2023-08-13 17:05:41
45747	62	182	2022-02-12 17:31:45
45748	151	78	2023-04-14 06:00:38
45749	67	150	2021-12-16 20:23:53
45750	37	271	2022-07-17 04:20:06
45751	134	243	2022-06-05 16:17:53
45752	96	132	2023-07-26 02:18:55
45753	175	162	2022-09-22 04:49:08
45754	51	127	2023-03-05 05:51:03
45755	103	109	2023-01-08 00:24:05
45756	58	125	2021-11-28 07:25:49
45757	152	270	2022-10-31 01:55:33
45758	12	278	2021-09-14 15:47:27
45759	2	280	2021-10-18 23:51:44
45760	155	180	2021-12-05 01:21:50
45761	188	253	2022-08-30 09:23:12
45762	68	49	2022-05-01 03:11:40
45763	105	124	2023-04-12 21:15:07
45764	109	156	2022-03-01 23:41:15
45765	183	232	2022-06-05 05:39:48
45766	76	248	2023-08-07 16:01:52
45767	172	133	2022-03-02 16:43:56
45768	161	246	2023-07-04 11:29:47
45769	102	215	2022-11-11 01:01:48
45770	64	140	2022-12-16 04:53:19
45771	139	241	2021-09-12 07:53:07
45772	47	142	2023-07-31 15:00:33
45773	26	148	2022-07-25 10:12:40
45774	45	164	2023-07-15 22:47:28
45775	169	21	2023-02-21 16:05:16
45776	157	208	2023-05-23 23:07:09
45777	163	52	2023-03-15 15:40:09
45778	1	225	2022-01-06 00:27:45
45779	70	137	2023-03-22 05:12:48
45780	90	72	2021-09-19 18:31:30
45781	186	234	2022-12-15 16:49:47
45782	161	286	2023-07-18 15:25:00
45783	43	276	2023-01-02 08:13:33
45784	90	295	2023-07-09 12:38:04
45785	61	77	2023-03-23 03:24:06
45786	160	5	2022-02-27 20:29:32
45787	117	290	2023-03-04 22:25:11
45788	49	2	2022-05-18 08:45:39
45789	19	166	2023-05-05 11:39:43
45790	42	80	2022-11-03 11:21:13
45791	166	40	2023-04-30 12:16:43
45792	49	186	2022-10-12 17:44:10
45793	4	1	2022-07-15 22:42:33
45794	137	116	2022-08-08 22:24:34
45795	127	126	2022-05-12 02:46:02
45796	40	294	2021-08-31 13:44:08
45797	33	188	2021-09-19 09:13:40
45798	154	51	2022-12-02 18:13:59
45799	151	297	2022-05-04 18:29:41
45800	120	16	2021-09-30 07:55:20
45801	20	100	2022-08-29 15:29:02
45802	126	106	2023-06-27 22:58:24
45803	28	214	2022-01-27 09:20:04
45804	39	138	2022-08-27 03:44:58
45805	188	35	2022-03-21 02:30:23
45806	99	111	2023-07-11 19:43:29
45807	119	95	2022-11-30 22:03:13
45808	98	9	2023-08-27 09:19:48
45809	63	94	2021-09-11 11:44:47
45810	13	263	2022-10-05 20:26:54
45811	13	223	2021-10-26 10:39:26
45812	79	279	2022-04-23 23:26:15
45813	113	231	2023-02-05 03:55:05
45814	167	29	2022-12-13 01:08:28
45815	22	240	2022-03-08 20:07:15
45816	137	191	2021-12-16 20:34:44
45817	109	62	2022-11-03 13:46:55
45818	94	298	2022-01-31 01:19:12
45819	170	242	2022-11-04 16:41:06
45820	123	256	2022-10-25 06:25:17
45821	169	99	2022-08-03 12:28:48
45822	132	296	2023-04-13 10:53:52
45823	124	26	2022-11-08 03:45:55
45824	176	171	2023-06-20 17:23:12
45825	157	247	2022-09-09 08:40:43
45826	130	190	2022-02-02 14:22:35
45827	187	265	2022-05-01 06:32:21
45828	121	177	2022-04-26 06:34:19
45829	18	258	2023-04-23 21:28:33
45830	68	39	2022-10-17 07:09:17
45831	164	82	2022-07-01 11:17:24
45832	60	30	2023-05-25 06:38:30
45833	14	146	2023-08-12 06:00:02
45834	1	147	2022-08-02 23:11:21
45835	59	239	2022-08-24 13:46:11
45836	6	15	2022-01-24 22:14:19
45837	156	292	2023-05-01 18:13:10
45838	154	192	2023-08-02 21:42:27
45839	110	262	2022-09-24 06:39:14
45840	23	81	2022-10-24 03:46:51
45841	178	183	2022-09-05 16:43:00
45842	132	28	2022-09-06 23:15:28
45843	104	46	2022-07-26 17:41:45
45844	47	107	2022-12-23 13:27:47
45845	184	202	2022-07-12 10:46:27
45846	167	18	2023-02-21 12:21:37
45847	29	226	2021-09-19 06:06:25
45848	113	69	2022-01-24 05:39:37
45849	130	115	2021-12-01 22:59:58
45850	40	254	2022-08-27 15:39:02
45851	161	161	2021-12-07 15:41:44
45852	151	224	2022-09-24 06:13:07
45853	63	96	2022-01-09 12:30:08
45854	130	172	2023-06-13 20:50:22
45855	38	76	2022-08-31 09:05:20
45856	45	84	2022-03-05 13:59:53
45857	156	283	2021-10-22 17:41:25
45858	25	93	2022-09-07 03:06:43
45859	186	165	2022-01-05 18:02:57
45860	148	122	2023-05-06 02:15:34
45861	19	217	2021-09-28 20:31:48
45862	70	273	2023-05-13 12:06:16
45863	15	71	2022-04-09 20:48:12
45864	44	158	2022-11-09 23:23:49
45865	48	176	2023-07-06 12:59:18
45866	157	24	2022-08-06 12:23:02
45867	55	184	2023-05-01 17:15:57
45868	20	41	2023-06-26 16:00:19
45869	188	293	2021-09-25 21:35:07
45870	112	152	2023-06-05 23:46:18
45871	66	141	2022-08-15 15:32:17
45872	159	104	2022-05-14 12:27:54
45873	51	88	2021-11-10 07:34:41
45874	148	178	2023-05-17 19:13:37
45875	112	8	2022-11-06 12:04:04
45876	133	53	2022-04-30 12:42:17
45877	58	197	2023-01-27 08:19:47
45878	166	43	2022-10-03 01:17:12
45879	69	175	2022-11-14 17:27:54
45880	75	117	2023-04-23 10:18:17
45881	37	59	2023-01-12 16:14:47
45882	115	201	2023-02-08 04:52:20
45883	84	45	2021-12-08 23:45:40
45884	155	143	2022-04-16 01:05:49
45885	121	187	2022-11-09 05:12:15
45886	167	281	2023-04-06 10:11:26
45887	5	113	2022-07-24 07:41:17
45888	135	154	2022-01-31 20:36:16
45889	7	119	2023-07-27 22:31:54
45890	150	200	2023-04-04 14:34:18
45891	49	228	2022-03-03 18:32:09
45892	144	216	2022-03-08 20:13:51
45893	128	272	2023-06-09 13:44:46
45894	78	160	2023-05-05 16:10:14
45895	172	235	2023-05-31 11:20:58
45896	118	168	2023-08-23 23:06:47
45897	74	229	2022-05-05 04:20:30
45898	80	213	2022-12-12 14:27:44
45899	45	145	2022-10-02 13:27:31
45900	143	275	2021-09-18 05:20:34
45901	80	211	2023-02-08 07:37:34
45902	46	68	2023-04-12 17:19:14
45903	123	194	2022-03-23 20:59:01
45904	36	33	2022-12-18 16:57:18
45905	74	264	2022-10-04 20:31:04
45906	64	110	2022-08-29 18:49:20
45907	17	238	2023-03-14 03:18:53
45908	5	3	2022-03-06 16:13:57
45909	109	108	2022-04-16 09:26:03
45910	129	260	2021-09-08 18:21:37
45911	97	92	2023-01-29 22:12:23
45912	177	36	2022-01-14 14:38:13
45913	4	206	2022-05-17 04:15:47
45914	89	73	2022-04-27 05:02:21
45915	181	170	2022-10-11 09:50:30
45916	170	70	2022-04-05 00:39:35
45917	37	58	2023-02-06 06:31:26
45918	68	196	2022-09-14 17:15:22
45919	74	209	2022-10-29 09:46:49
45920	144	230	2023-03-31 00:25:10
45921	2	288	2022-09-10 19:08:23
45922	37	252	2023-02-06 06:31:26
45923	68	434	2022-09-14 17:15:22
45924	37	233	2023-02-06 06:31:26
45925	68	221	2022-09-14 17:15:22
45933	5	131	2022-03-06 16:13:57
45934	109	319	2022-04-16 09:26:03
45935	129	377	2021-09-08 18:21:37
45936	97	375	2023-01-29 22:12:23
45937	177	250	2022-01-14 14:38:13
45938	4	408	2022-05-17 04:15:47
45939	143	388	2021-09-18 05:20:34
45940	80	370	2023-02-08 07:37:34
45941	46	341	2023-04-12 17:19:14
45942	123	444	2022-03-23 20:59:01
45943	36	312	2022-12-18 16:57:18
45944	74	323	2022-10-04 20:31:04
45959	37	17	2023-02-06 06:31:26
45960	68	380	2022-09-14 17:15:22
45961	37	389	2023-02-06 06:31:26
45962	68	367	2022-09-14 17:15:22
45963	5	352	2022-03-06 16:13:57
45964	109	134	2022-04-16 09:26:03
45965	129	411	2021-09-08 18:21:37
45966	97	378	2023-01-29 22:12:23
45967	177	123	2022-01-14 14:38:13
45968	4	447	2022-05-17 04:15:47
45969	143	257	2021-09-18 05:20:34
45970	80	324	2023-02-08 07:37:34
45971	46	7	2023-04-12 17:19:14
45972	36	439	2022-12-18 16:57:18
45973	74	348	2022-10-04 20:31:04
45992	68	450	2022-05-01 03:11:40
45993	105	310	2023-04-12 21:15:07
45994	109	395	2022-03-01 23:41:15
45995	183	135	2022-06-05 05:39:48
45996	172	435	2022-03-02 16:43:56
45997	161	317	2023-07-04 11:29:47
45998	102	413	2022-11-11 01:01:48
45999	64	393	2022-12-16 04:53:19
46000	139	316	2021-09-12 07:53:07
46001	47	448	2023-07-31 15:00:33
46002	26	397	2022-07-25 10:12:40
46003	45	335	2023-07-15 22:47:28
46004	169	398	2023-02-21 16:05:16
46005	157	387	2023-05-23 23:07:09
46006	163	390	2023-03-15 15:40:09
46007	1	409	2022-01-06 00:27:45
46008	70	433	2023-03-22 05:12:48
46009	90	355	2021-09-19 18:31:30
46010	186	417	2022-12-15 16:49:47
46011	169	32	2023-02-21 16:05:16
46012	157	121	2023-05-23 23:07:09
46013	163	334	2023-03-15 15:40:09
46014	1	309	2022-01-06 00:27:45
46015	70	415	2023-03-22 05:12:48
46016	90	369	2021-09-19 18:31:30
46017	186	259	2022-12-15 16:49:47
46018	43	403	2023-01-02 08:13:33
46029	165	429	2023-01-06 03:07:48
46030	115	314	2021-12-17 20:42:48
46031	165	13	2023-07-25 12:45:02
46032	123	308	2023-04-04 08:09:05
46033	168	167	2023-05-12 05:12:43
46034	33	382	2022-12-02 10:22:37
46035	89	325	2023-06-19 21:13:18
46036	51	179	2022-10-07 19:30:35
46037	14	349	2022-07-05 00:58:04
46038	165	366	2023-01-06 03:07:48
46039	115	353	2021-12-17 20:42:48
46040	165	399	2023-07-25 12:45:02
46041	123	383	2023-04-04 08:09:05
46042	168	437	2023-05-12 05:12:43
46043	33	373	2022-12-02 10:22:37
46044	89	401	2023-06-19 21:13:18
46045	51	327	2022-10-07 19:30:35
46046	14	384	2022-07-05 00:58:04
46047	108	441	2022-02-09 03:31:00
46056	165	344	2023-01-06 03:07:48
46057	115	114	2021-12-17 20:42:48
46058	165	436	2023-07-25 12:45:02
46059	123	424	2023-04-04 08:09:05
46060	168	320	2023-05-12 05:12:43
46061	33	318	2022-12-02 10:22:37
46062	89	386	2023-06-19 21:13:18
46063	14	406	2022-07-05 00:58:04
46064	108	330	2022-02-09 03:31:00
46065	14	446	2022-07-05 00:58:04
\.


--
-- Data for Name: orders; Type: TABLE DATA; Schema: public; Owner: db_user
--

COPY public.orders (id, basket_id, pickpoint_id, created_at, finish_date) FROM stdin;
1	126	7	2022-01-25 08:49:50	\N
2	380	18	2022-12-25 11:00:52	\N
3	30	7	2023-01-05 23:13:04	\N
4	389	8	2022-08-29 21:42:19	\N
5	367	12	2023-01-22 10:13:55	\N
6	195	2	2022-12-20 08:23:08	\N
7	134	10	2023-07-10 08:53:06	\N
8	126	16	2022-10-15 02:28:48	\N
9	378	8	2022-11-23 16:50:53	\N
10	99	23	2022-09-01 06:33:28	\N
11	447	12	2023-01-12 10:06:05	\N
12	341	3	2023-02-25 00:36:48	\N
13	324	9	2023-04-04 16:49:44	\N
14	193	18	2022-06-10 15:25:00	\N
15	439	18	2022-07-02 00:58:46	\N
16	300	2	2023-03-15 01:41:49	\N
17	205	22	2022-12-29 04:06:24	\N
18	316	7	2023-07-01 05:21:47	\N
19	312	22	2023-06-24 03:40:01	\N
20	123	7	2021-12-20 10:03:12	\N
21	280	25	2022-06-13 00:11:12	\N
22	222	5	2022-12-08 16:00:41	\N
23	446	18	2022-04-01 04:23:25	\N
24	383	19	2022-09-19 13:23:25	\N
25	128	19	2022-12-06 11:07:50	\N
26	194	8	2023-08-28 14:33:57	\N
27	183	8	2022-01-01 03:40:33	\N
28	166	17	2023-04-06 09:48:01	\N
29	386	3	2023-01-12 02:13:06	\N
30	217	15	2021-12-16 04:51:26	\N
31	135	22	2022-06-11 15:27:58	\N
32	378	10	2022-02-25 23:55:32	\N
33	37	9	2022-11-17 18:27:18	\N
34	196	7	2021-11-24 13:55:17	\N
35	429	23	2023-04-15 18:23:56	\N
36	290	11	2022-12-11 20:40:29	\N
37	239	13	2022-04-17 19:37:25	\N
38	176	22	2023-03-16 11:48:29	\N
39	316	13	2023-06-23 22:26:28	\N
40	84	11	2023-06-30 15:40:54	\N
41	121	9	2023-01-17 13:45:13	\N
42	334	6	2023-01-02 18:03:06	\N
43	249	22	2021-09-21 23:08:31	\N
44	295	14	2022-04-16 06:49:38	\N
45	36	10	2021-11-30 15:41:04	\N
46	415	8	2023-05-06 06:30:56	\N
47	369	22	2023-03-25 08:27:05	\N
48	259	3	2022-01-16 01:10:48	\N
49	16	5	2022-01-15 19:04:58	\N
50	439	13	2023-05-19 07:32:43	\N
51	88	3	2023-04-06 19:05:03	\N
52	252	17	2022-08-15 21:26:26	\N
53	3	11	2022-05-04 11:14:59	\N
54	133	16	2022-08-23 15:21:24	\N
55	281	10	2023-08-28 21:55:02	\N
56	249	4	2023-08-16 11:54:59	\N
57	208	9	2022-09-20 00:15:26	\N
58	167	3	2023-06-09 00:39:16	\N
59	308	19	2022-04-19 00:20:59	\N
60	69	23	2023-05-02 11:08:28	\N
61	397	14	2022-04-16 23:59:26	\N
62	56	14	2022-05-12 23:32:57	\N
63	13	14	2022-05-27 20:00:09	\N
64	85	16	2023-07-19 13:04:12	\N
65	382	18	2022-06-13 17:50:00	\N
66	325	14	2022-11-19 04:50:25	\N
67	213	22	2021-09-16 15:25:38	\N
68	189	13	2023-06-02 04:17:08	\N
69	165	16	2023-08-15 15:10:05	\N
70	51	19	2022-08-29 02:43:42	\N
71	117	19	2022-05-05 17:18:51	\N
72	215	8	2022-01-31 22:23:39	\N
73	408	5	2022-05-05 07:59:15	\N
74	398	11	2022-05-20 20:24:10	\N
75	67	15	2022-07-30 20:25:47	\N
76	35	2	2021-12-10 23:51:04	\N
77	335	21	2021-09-22 06:14:22	\N
78	164	12	2023-02-21 02:32:20	\N
79	317	7	2022-05-16 20:48:11	\N
80	399	9	2022-04-17 02:24:02	\N
81	257	23	2021-11-24 11:42:44	\N
82	242	23	2022-03-25 09:45:37	\N
83	187	18	2021-08-31 06:27:42	\N
84	256	7	2023-08-25 11:07:53	\N
85	353	22	2023-02-16 02:56:08	\N
86	125	7	2023-03-26 13:26:28	\N
87	32	3	2022-03-20 03:34:52	\N
88	334	18	2021-10-24 12:35:23	\N
89	187	10	2023-04-13 03:52:52	\N
90	175	17	2021-12-19 03:03:55	\N
91	406	21	2022-04-28 01:39:43	\N
92	78	2	2023-08-09 00:56:27	\N
93	249	7	2021-09-19 22:46:21	\N
94	229	5	2023-01-06 23:44:00	\N
95	108	18	2022-09-12 14:47:56	\N
96	366	16	2022-11-06 11:15:18	\N
97	384	11	2021-09-16 23:20:35	\N
98	436	10	2022-12-06 22:59:05	\N
99	114	17	2022-11-14 13:45:52	\N
100	316	11	2023-06-05 16:27:02	\N
101	172	11	2023-07-28 19:27:35	\N
102	255	24	2023-04-05 13:49:23	\N
103	49	19	2022-07-31 00:46:47	\N
104	62	15	2022-02-27 06:35:38	\N
105	233	18	2022-07-05 05:39:25	\N
106	4	7	2022-04-04 06:52:54	\N
107	270	10	2023-08-23 07:54:21	\N
108	223	12	2021-12-03 16:41:46	\N
109	17	18	2022-10-12 16:42:05	\N
110	323	7	2023-05-22 10:27:16	\N
111	122	8	2022-08-08 12:38:48	\N
112	147	19	2023-01-18 18:50:15	\N
113	201	22	2023-06-02 15:10:06	\N
114	312	2	2022-05-20 00:27:02	\N
115	444	15	2021-12-18 00:27:31	\N
116	388	4	2023-01-02 09:36:27	\N
117	408	10	2023-07-02 01:14:15	\N
118	43	4	2023-03-06 23:51:53	\N
119	250	13	2022-05-04 15:22:33	\N
120	113	16	2023-03-30 01:16:07	\N
121	375	5	2021-08-31 21:47:24	\N
122	37	22	2023-08-29 09:07:39	\N
123	319	22	2021-11-01 06:52:04	\N
124	397	15	2022-03-03 23:01:44	\N
125	434	5	2022-08-11 09:05:18	\N
126	153	21	2022-10-08 09:19:46	\N
127	398	23	2022-12-24 10:30:41	\N
128	433	6	2023-07-09 22:05:35	\N
129	409	12	2021-09-29 17:47:10	\N
130	81	17	2022-04-10 02:39:12	\N
131	435	14	2021-09-26 19:13:19	\N
132	18	1	2022-08-17 06:10:27	\N
133	113	25	2022-08-16 22:40:48	\N
134	95	9	2021-12-13 14:32:13	\N
135	223	16	2021-12-15 11:51:40	\N
136	433	4	2022-01-06 07:58:15	\N
137	417	13	2023-04-09 00:07:49	\N
138	131	4	2022-06-02 14:28:17	\N
139	284	16	2023-08-02 21:42:45	\N
140	377	22	2023-07-24 06:06:19	\N
141	113	5	2023-03-29 14:09:00	\N
142	50	4	2022-09-20 20:05:11	\N
143	253	4	2022-04-18 15:19:37	\N
144	271	13	2021-10-31 04:43:08	\N
145	94	23	2023-02-12 22:07:51	\N
146	370	23	2023-02-27 02:16:56	\N
147	341	13	2023-03-22 02:33:59	\N
148	290	21	2023-07-27 16:44:35	\N
149	82	19	2023-03-05 10:14:18	\N
150	86	8	2023-06-10 13:45:36	\N
151	349	10	2021-12-05 20:16:56	\N
152	401	24	2022-04-15 16:54:23	\N
153	83	2	2022-03-13 21:23:15	\N
154	116	8	2023-08-10 13:45:08	\N
155	247	16	2022-04-10 00:15:57	\N
156	310	17	2023-04-06 22:20:50	\N
157	352	24	2022-04-15 17:15:05	\N
158	182	11	2022-05-20 09:54:24	\N
159	29	23	2023-08-02 02:33:05	\N
160	189	20	2022-12-02 15:55:00	\N
161	395	20	2023-05-12 15:51:16	\N
162	292	8	2022-05-02 07:36:17	\N
163	135	4	2022-10-15 09:31:23	\N
164	317	22	2023-06-12 01:17:50	\N
165	188	2	2023-04-29 08:16:32	\N
166	191	12	2022-07-30 21:23:47	\N
167	411	15	2022-10-05 19:13:39	\N
168	168	16	2023-06-18 07:05:24	\N
169	413	6	2022-06-20 23:58:14	\N
170	393	10	2021-12-25 17:12:49	\N
171	246	19	2022-11-26 03:02:21	\N
172	144	11	2021-12-13 23:51:10	\N
173	373	21	2023-06-24 10:24:14	\N
174	124	7	2023-01-07 12:28:25	\N
175	17	17	2022-04-25 21:38:51	\N
176	276	6	2022-10-27 07:02:18	\N
177	429	15	2022-09-19 09:02:45	\N
178	269	8	2021-12-08 20:41:55	\N
179	314	9	2022-12-15 12:51:46	\N
180	183	18	2022-09-15 06:45:22	\N
181	234	24	2022-06-27 06:20:24	\N
182	309	6	2022-04-15 23:56:12	\N
183	397	9	2022-02-07 16:33:48	\N
184	77	11	2022-05-10 03:45:21	\N
185	450	11	2021-10-30 14:46:30	\N
186	239	12	2023-06-30 14:23:04	\N
187	99	19	2023-05-02 09:48:07	\N
188	171	4	2022-08-12 08:45:44	\N
189	64	9	2022-06-26 05:51:40	\N
190	448	15	2022-09-17 07:38:46	\N
191	179	15	2023-07-25 00:03:20	\N
192	24	11	2022-08-19 14:38:53	\N
193	327	5	2022-10-09 00:05:05	\N
194	133	16	2023-06-07 10:05:04	\N
195	384	2	2022-05-11 10:31:35	\N
196	441	21	2023-08-18 06:36:59	\N
197	403	1	2023-06-27 05:00:42	\N
198	216	13	2022-10-13 07:51:15	\N
199	154	11	2021-12-22 05:09:18	\N
200	349	6	2021-08-29 15:33:55	\N
201	106	6	2021-12-19 05:22:54	\N
202	233	5	2022-08-01 07:49:49	\N
203	123	9	2022-11-11 01:49:52	\N
204	258	13	2022-11-25 18:40:55	\N
205	184	6	2021-10-18 11:06:01	\N
206	264	25	2022-11-29 14:01:42	\N
207	424	15	2022-03-02 16:10:54	\N
208	223	2	2022-03-10 14:30:30	\N
209	320	12	2021-10-29 19:56:23	\N
210	93	23	2023-04-27 17:06:47	\N
211	344	15	2021-10-30 09:06:50	\N
212	198	25	2022-06-19 01:44:45	\N
213	221	22	2022-08-25 20:14:17	\N
214	424	1	2022-09-26 15:24:09	\N
215	437	9	2021-09-27 02:02:40	\N
216	26	12	2022-09-14 01:28:52	\N
217	53	7	2022-06-06 17:28:55	\N
218	330	14	2023-03-21 12:40:42	\N
219	114	7	2023-03-08 19:47:42	\N
220	403	1	2022-06-05 06:21:13	\N
221	318	7	2023-04-24 02:51:44	\N
222	355	8	2022-03-08 01:33:24	\N
223	297	16	2023-08-19 03:15:43	\N
224	411	12	2022-06-28 04:13:15	\N
225	312	6	2021-12-22 15:29:39	\N
226	390	12	2022-12-29 02:34:54	\N
227	389	12	2022-09-16 14:02:18	\N
228	254	5	2022-11-24 04:46:09	\N
229	387	11	2022-01-04 00:24:49	\N
230	200	6	2023-07-24 15:24:34	\N
231	40	10	2022-12-08 23:42:39	\N
232	348	9	2023-07-19 03:07:40	\N
233	267	18	2022-07-02 19:34:51	\N
234	277	19	2023-05-14 02:59:37	\N
235	7	3	2022-04-23 11:24:28	\N
236	85	5	2022-08-01 21:58:46	\N
237	257	6	2022-03-07 11:32:14	\N
238	124	2	2023-02-27 00:59:25	\N
239	5	19	2023-03-21 22:25:40	\N
240	123	19	2022-07-09 20:25:45	\N
241	411	15	2023-01-04 16:26:26	\N
242	127	11	2022-07-04 18:50:59	\N
243	292	11	2023-07-27 05:06:18	\N
244	174	15	2023-01-06 23:18:03	\N
245	81	3	2022-08-23 09:04:11	\N
246	352	11	2022-05-07 02:17:38	\N
247	59	24	2023-04-20 09:45:12	\N
248	380	22	2023-01-10 12:24:48	\N
249	294	5	2022-07-26 03:24:41	\N
250	117	16	2022-06-26 12:38:41	\N
\.


--
-- Data for Name: pay_cards; Type: TABLE DATA; Schema: public; Owner: db_user
--

COPY public.pay_cards (id, user_id, created_at, card_num) FROM stdin;
1	119	2022-12-23 05:29:30	547 38317 26711 688
2	39	2022-02-14 00:17:08	67712787328327461
3	52	2022-12-04 06:20:16	3412 883872 57894
4	155	2022-01-20 23:40:14	6011 5377 4759 2614
5	12	2021-12-11 18:46:36	582569 67 6427 3626 358
6	91	2021-12-15 19:19:22	3647 534942 24543
7	42	2021-09-23 23:15:51	676767 353897 7874
8	149	2023-03-17 15:47:15	304528764533382
9	100	2022-07-18 17:46:32	548 22793 78762 865
10	120	2023-07-04 10:55:16	201415626283559
11	122	2023-02-02 23:58:50	670941 87 5246 3273 753
12	45	2022-11-28 21:17:32	644 32477 88372 128
13	96	2023-07-19 00:47:51	676777 82 4268 4433 339
14	33	2021-10-13 18:22:10	5579 4593 3618 6241
15	103	2022-10-22 23:14:01	302776552663968
16	187	2022-03-09 12:42:25	491734 274558 2773
17	79	2023-02-22 01:05:27	201458675956741
18	71	2022-10-28 09:40:10	201462616241841
19	45	2023-05-29 15:24:29	5844 445775 69337
20	91	2021-11-18 10:49:57	6767 4553 7688 8250
21	33	2021-11-28 12:09:02	677188 563713 8778
22	190	2023-02-04 23:17:59	501882 645734 5674
23	86	2022-11-25 00:31:33	4539 6484 3498 6762
24	40	2023-07-05 13:19:46	305261335727544
25	72	2021-11-21 00:44:36	4175007335246645
26	121	2021-09-16 09:39:39	3436 658188 82366
27	180	2023-08-21 04:57:13	6334523162634628
28	24	2021-12-05 17:25:36	4532726355839
29	154	2022-11-02 23:03:08	4024007162274
30	161	2023-01-17 03:08:25	4556527848814760
31	114	2022-03-31 15:06:55	654 17554 55853 288
32	95	2022-12-04 12:14:48	675974 126577 8920
33	139	2021-12-05 13:56:57	533633 2115363436
34	81	2022-12-24 00:44:26	491 34938 41847 489
35	31	2022-07-31 14:03:37	373532138338656
36	82	2023-01-07 21:39:56	3668 967236 68291
37	180	2022-12-03 17:39:47	341986328457826
38	181	2023-06-22 12:05:37	534 16259 24662 911
39	59	2021-10-09 22:35:10	3049 246331 51458
40	15	2022-04-07 18:31:37	6334479786274897
41	80	2022-04-12 21:12:33	649 36581 38571 285
42	61	2021-09-20 23:33:22	365172348869669
43	124	2023-07-28 19:07:48	3002 817657 25730
44	52	2022-01-20 11:33:04	5544 9556 4493 5353
45	17	2022-12-15 21:15:34	2014 493375 67398
46	166	2023-01-11 10:43:09	5378 6231 5322 6611
47	51	2022-11-05 12:30:53	4917 1348 1662 5346
48	129	2022-11-06 23:23:06	4917666653739458
49	146	2022-02-13 17:22:30	3643 522987 75733
50	72	2022-01-18 07:04:48	303414973124860
51	189	2022-03-01 00:33:01	214952892632783
52	35	2022-03-14 12:54:57	4929 492 25 4842
53	144	2023-04-14 07:49:19	2149 458861 85545
54	93	2023-08-05 03:26:56	2149 355242 42543
55	22	2022-09-16 05:44:09	4024 0071 4511 3244
56	81	2023-02-14 21:53:13	67068573436795652
57	179	2023-03-31 06:43:36	57343529231638
58	139	2022-12-02 13:54:25	4485 488 36 9441
59	180	2022-09-07 22:48:15	4936555639569468
60	109	2023-07-04 07:16:39	633110 67 7834 9834 351
61	63	2021-09-24 04:36:27	484463 839746 2265
62	99	2021-10-13 13:52:19	4905124952634988441
63	175	2022-07-06 12:16:17	345577436116929
64	86	2022-12-03 18:57:15	67717983294762949
65	128	2022-09-02 19:01:24	2014 682375 35966
66	111	2023-02-15 02:43:41	5641822875829417478
67	47	2023-04-24 07:13:49	676768 4896241795
68	156	2022-08-10 10:49:05	4911786234565267
69	64	2022-02-24 20:21:10	3428 825563 87828
70	96	2023-04-12 04:48:16	50384644552647258
71	117	2023-03-25 20:13:05	524 85356 73645 880
72	76	2023-08-20 02:20:07	4175 0029 3776 4426
73	178	2023-05-25 10:19:35	675965 862355 5370
74	96	2023-08-18 23:21:42	6334542688588324
75	44	2022-11-28 07:54:00	453962 1838314253
76	114	2022-06-20 15:26:34	6761548626613647
77	169	2023-07-13 23:41:29	6304 648574 61117
78	7	2023-07-15 04:41:45	534419 6795157271
79	60	2022-04-03 08:25:19	4687 233 54 7292
80	76	2022-04-20 08:05:19	630451 916477 1489
81	151	2023-05-23 20:55:13	343683257794828
82	7	2023-08-21 11:52:42	492 93827 67281 116
83	124	2023-08-11 19:44:44	5361621899286674
84	52	2023-05-22 21:43:08	67062893674862162
85	21	2022-04-23 09:18:21	367373267763762
86	157	2023-02-07 06:13:01	5468 6456 2236 1340
87	45	2023-01-22 21:28:34	490 56252 38837 157
88	145	2023-03-27 17:48:14	653 65952 22931 687
89	93	2022-03-18 18:12:53	589342 8654156259
90	97	2022-01-02 13:04:49	6334231165574844648
91	39	2022-12-18 01:19:10	5266 6723 5265 4730
92	95	2021-09-09 13:31:45	300564452674257
93	98	2021-10-05 07:18:40	361888934648522
94	169	2023-01-16 01:49:28	214996289618392
95	171	2022-02-17 01:42:27	6476576666164862
96	24	2021-09-15 01:55:28	3487 997518 24252
97	124	2022-06-13 20:41:07	676757519748733288
98	113	2023-04-17 14:21:27	676792 553223 6669
99	4	2022-10-24 05:14:36	3745 359682 26973
100	87	2022-11-06 16:21:12	3056 521684 86481
101	171	2022-12-22 06:33:03	564182678165988626
102	63	2022-12-23 23:10:08	3624 623217 97653
103	158	2023-03-07 05:38:16	6706297243927887844
104	150	2022-06-05 14:02:27	4929366538383749
105	177	2021-11-17 04:54:46	4911 8999 1268 2278
106	50	2023-05-09 20:44:28	601136 8825884479
107	161	2021-11-30 08:49:13	491344 546527 5843
108	22	2022-10-04 12:39:59	5685 7538 9778 2476
109	44	2021-12-08 00:50:45	450 82482 36638 922
110	9	2021-09-23 03:20:12	537 28361 84958 574
111	107	2023-03-16 16:38:02	453264 146465 3938
112	149	2023-02-28 03:04:38	503862 3924312577
113	157	2021-12-28 06:40:43	343524951266137
114	134	2023-02-24 12:31:58	6493425155474763
115	178	2021-10-17 13:54:24	6706 2777 4668 4357
116	64	2022-10-14 06:47:39	675934 225697 4576
117	143	2021-10-04 13:49:48	6706 2696 8243 9847
118	9	2022-01-11 18:37:53	534589 252324 8262
119	162	2022-10-04 03:17:29	2014 524252 53376
120	88	2023-05-19 07:22:01	304843754533510
121	103	2023-01-05 20:16:51	450849 322874 5489
122	65	2022-04-24 07:43:48	305633926373716
123	128	2022-09-18 02:16:10	201482149718362
124	63	2023-07-18 08:02:15	3442 226267 16649
125	70	2021-10-15 12:29:22	67098257368547737
126	177	2023-01-11 20:32:22	633495332227847456
127	171	2022-06-07 07:31:01	450826 4359231460
128	31	2022-07-22 11:30:44	439535 611368 9532
129	2	2022-08-05 11:30:43	301886767553127
130	76	2023-03-01 15:35:20	4903475165753865940
131	170	2023-03-28 23:53:50	471 64476 55611 232
132	183	2021-11-03 09:54:07	2149 468626 54199
133	142	2021-11-10 20:45:51	67592265925387
134	105	2022-06-17 23:44:35	5413 4239 7672 9454
135	69	2022-01-15 20:56:41	492826 686251 7287
136	180	2022-03-02 17:28:14	491757 548985 7246
137	161	2021-11-29 17:21:35	214952427447996
138	168	2021-11-03 04:00:01	347296679619725
139	183	2022-11-03 21:05:44	4916442792252
140	147	2022-08-24 07:16:07	676756698514315578
141	31	2022-09-21 21:47:14	364577265383810
142	19	2022-11-12 14:56:30	417 50076 72313 156
143	117	2022-05-05 01:23:24	417500 4479246572
144	126	2023-03-11 19:58:27	503864 4794127457
145	85	2022-04-28 02:18:04	417500 4685372337
146	128	2021-08-31 19:41:50	6334833277268944139
147	107	2023-03-08 06:06:40	450834 4222716184
148	166	2021-11-24 15:34:25	4716 3558 4656 8742
149	84	2021-09-07 20:23:23	6457 2868 8619 8657
150	178	2023-07-24 00:38:26	6491 7164 4535 6881
151	45	2023-02-15 08:00:11	3469 687328 63752
152	120	2023-07-15 15:35:33	3665 965472 52930
153	175	2022-01-25 02:03:42	564182 525871 6245
154	16	2022-08-01 14:08:49	450876 7143783851
155	92	2022-01-28 20:02:11	491694 4885582496
156	109	2023-06-27 04:55:22	3643 845782 85745
157	75	2022-05-07 17:56:36	491714 7776857774
158	91	2023-03-25 05:30:33	491186 244667 7222
159	32	2022-10-21 23:31:47	6767267563816842776
160	187	2022-01-17 12:40:24	4175 0035 6232 8966
161	174	2022-06-16 02:13:26	303263223876419
162	151	2022-05-08 23:32:21	677172 34 8276 6465 829
163	171	2023-07-27 00:14:46	6334668939642634
164	18	2023-08-22 04:00:29	6771 9287 8795 5425
165	163	2023-07-21 19:53:25	402676 145369 2243
166	183	2022-04-01 22:48:54	6767 5124 3895 7547
167	172	2023-01-13 13:13:26	3055 113668 79279
168	144	2022-06-10 01:15:27	372572985555599
169	159	2022-02-08 15:02:24	527 83455 84443 422
170	2	2023-02-21 07:42:39	67718529635676543
171	102	2023-07-16 12:55:50	4903 2668 8571 6287
172	15	2022-09-15 08:24:43	676 72778 14578 552
173	35	2021-12-22 17:46:57	491331 384869 9594
174	34	2022-01-24 23:40:29	633 49978 26648 564
175	182	2023-05-16 16:50:42	655529 2385851250
176	183	2022-01-03 14:06:35	633489 23 1581 7934 561
177	175	2023-04-14 21:43:34	503836 33 5635 4324 862
178	78	2021-09-13 18:35:27	3417 845356 96611
179	184	2023-02-10 20:13:26	670982 354622 8585
180	172	2021-09-24 04:34:44	4844 3731 9863 6954
181	149	2022-02-08 14:31:24	214995435275321
182	16	2022-10-10 02:02:37	67096562667422538
183	98	2022-07-02 04:09:37	5641826697767450
184	133	2022-06-22 12:19:59	300336564345559
185	176	2022-02-08 03:38:14	515 32843 42217 358
186	109	2022-01-11 17:51:15	633455337545446889
187	64	2023-06-08 21:21:42	3017 551552 23371
188	164	2023-05-20 01:32:34	3667 313187 66673
189	70	2023-01-03 21:07:07	572785683821
190	40	2021-11-08 00:55:47	490522835498234565
\.


--
-- Data for Name: pickpoints; Type: TABLE DATA; Schema: public; Owner: db_user
--

COPY public.pickpoints (id, address, created_at) FROM stdin;
1	P.O. Box 411, 5074 Mauris. Ave	2022-09-19 19:37:08
2	P.O. Box 184, 2726 Tincidunt. Avenue	2023-02-01 15:30:17
3	367-6130 Sed Rd.	2022-12-30 01:51:51
4	Ap #964-7823 Nibh. Avenue	2022-09-25 10:41:51
5	995-4139 Massa Rd.	2022-12-30 10:41:33
6	Ap #927-1543 Sapien, Rd.	2022-06-03 02:54:37
7	867-6099 Velit Avenue	2022-07-30 10:20:48
8	Ap #172-2277 Nunc Street	2022-08-09 05:30:29
9	427-486 Quis Ave	2022-11-09 19:24:09
10	P.O. Box 386, 8703 Elit Ave	2023-02-03 12:42:45
11	P.O. Box 336, 2518 Enim. Rd.	2022-08-11 08:14:42
12	520-647 Ac Rd.	2022-12-01 23:55:09
13	693-8854 Ac Av.	2022-10-07 18:24:14
14	496-4130 Primis Ave	2022-02-22 22:36:00
15	620-4128 Donec Avenue	2023-08-10 23:25:00
16	Ap #174-9673 Risus. Av.	2022-06-07 23:30:45
17	610-5137 Mi Street	2023-07-06 05:43:26
18	Ap #670-7236 Egestas Street	2022-03-22 16:44:21
19	Ap #996-3139 Lorem Av.	2022-11-21 16:10:08
20	894-4051 Ligula. Rd.	2023-04-10 13:23:49
21	Ap #349-5355 Ut Rd.	2022-09-05 20:10:47
22	P.O. Box 898, 7226 Dolor. St.	2023-06-14 05:08:55
23	P.O. Box 672, 7162 Arcu. Rd.	2022-03-03 20:28:02
24	Ap #929-3829 Sapien. Ave	2021-10-05 02:19:33
25	Ap #763-7803 Adipiscing Street	2021-12-11 00:35:43
26	284-9063 Dignissim. Av.	2021-10-23 23:57:11
27	Ap #421-1719 Lorem, Road	2022-12-22 11:54:29
28	886-4149 Sem Rd.	2022-06-21 20:31:55
29	739-5058 Consectetuer Rd.	2022-02-09 06:35:44
30	P.O. Box 759, 1821 Luctus Street	2022-05-16 15:06:28
\.


--
-- Data for Name: products; Type: TABLE DATA; Schema: public; Owner: db_user
--

COPY public.products (id, name, description, is_active, created_at) FROM stdin;
39	Aliquam_39	Aliquam fringilla cursus	t	2022-04-06 14:34:35
45	nunc id enim. Curabitur_45	Nullam	t	2022-09-18 09:14:24
68	vel, faucibus id, libero._68	diam. Pellentesque	f	2021-10-05 21:29:48
104	Cras dictum_104	velit justo nec ante. Maecenas mi felis, adipiscing	f	2021-11-19 16:47:45
106	montes,_106	vel, mauris. Integer sem elit, pharetra ut, pharetra sed, hendrerit a, arcu. Sed et libero.	f	2022-12-14 03:44:35
127	morbi tristique senectus et_127	laoreet, libero et	t	2022-04-16 04:58:25
176	dictum eu, placerat eget,_176	dapibus id, blandit at,	f	2022-11-30 14:35:45
190	ligula. Nullam_190	tristique ac, eleifend vitae, erat. Vivamus	f	2022-11-06 18:04:28
192	cursus et,_192	lobortis risus. In mi pede, nonummy ut, molestie in, tempus	t	2023-06-12 01:13:41
245	sollicitudin orci sem eget_245	Mauris quis turpis vitae purus gravida sagittis. Duis gravida. Praesent eu nulla at sem molestie sodales. Mauris blandit enim consequat purus. Maecenas libero est, congue a, aliquet	f	2023-03-14 01:15:21
265	quis lectus. Nullam_265	sit amet ante. Vivamus	f	2023-06-06 22:06:20
267	egestas rhoncus. Proin nisl sem,_267	non, egestas a, dui. Cras pellentesque. Sed dictum. Proin	f	2022-06-01 12:32:37
306	Proin eget odio._306	sem ut dolor dapibus gravida. Aliquam tincidunt, nunc ac mattis ornare, lectus ante dictum mi,	f	2021-09-02 09:11:11
310	nec, diam._310	Fusce mollis. Duis sit amet diam eu	f	2022-06-29 17:06:17
344	leo elementum sem,_344	ornare sagittis felis.	t	2022-09-27 09:37:16
349	cursus_349	ut, pellentesque	t	2022-08-06 21:28:45
108	orci_108	placerat velit. Quisque varius. Nam porttitor scelerisque neque. Nullam nisl. Maecenas malesuada fringilla est. Mauris eu turpis. Nulla aliquet. Proin velit. Sed malesuada augue ut lacus. Nulla tincidunt, neque vitae semper egestas, urna justo faucibus lectus,	f	2022-06-10 11:32:09
387	nisi. Cum sociis natoque_387	gravida non, sollicitudin a, malesuada id,	t	2021-11-14 06:55:37
21	nisi. Aenean_21	felis. Nulla tempor augue ac ipsum. Phasellus vitae mauris sit amet lorem semper auctor. Mauris vel turpis. Aliquam adipiscing lobortis risus. In mi pede, nonummy ut, molestie in, tempus eu, ligula. Aenean euismod mauris eu elit. Nulla facilisi. Sed neque. Sed eget lacus. Mauris non dui nec urna suscipit nonummy. Fusce fermentum fermentum arcu. Vestibulum ante ipsum primis in faucibus orci luctus et ultrices posuere cubilia	f	2022-07-24 13:57:16
400	molestie_400	lacus, varius et, euismod et, commodo at,	f	2023-02-08 05:00:43
22	Proin eget odio._22	enim. Mauris quis turpis vitae purus gravida sagittis. Duis gravida. Praesent eu nulla at sem molestie sodales. Mauris blandit enim consequat purus. Maecenas libero est,	f	2022-01-17 08:04:19
23	quis turpis_23	justo. Proin non massa non ante bibendum ullamcorper. Duis cursus, diam at pretium aliquet, metus urna convallis erat, eget tincidunt dui augue eu tellus. Phasellus elit pede,	t	2022-03-24 19:35:30
24	metus. In lorem._24	orci lobortis augue scelerisque mollis. Phasellus libero mauris, aliquam eu, accumsan sed, facilisis vitae, orci. Phasellus dapibus quam quis diam. Pellentesque habitant morbi tristique senectus et netus et malesuada fames ac turpis egestas. Fusce aliquet magna a neque. Nullam ut nisi a	f	2023-01-27 13:36:02
439	libero lacus, varius et,_439	est tempor bibendum. Donec felis orci, adipiscing non, luctus sit amet, faucibus ut,	t	2021-09-02 17:56:39
458	Nulla tempor augue ac_458	lacinia at, iaculis quis, pede. Praesent	f	2022-07-31 09:35:09
1	penatibus et_1	Phasellus ornare. Fusce mollis. Duis sit amet	t	2022-12-26 15:39:18
25	ac libero_25	vitae risus. Duis a mi fringilla mi lacinia mattis. Integer eu lacus. Quisque imperdiet, erat nonummy ultricies ornare, elit elit fermentum risus, at	t	2022-01-01 07:24:24
478	elit_478	mi eleifend egestas. Sed pharetra, felis eget varius ultrices, mauris ipsum porta elit, a feugiat tellus lorem eu metus. In lorem. Donec	t	2022-11-21 14:41:12
496	sed_496	est. Mauris	t	2022-11-23 21:42:55
2	at lacus. Quisque purus sapien,_2	Morbi metus. Vivamus euismod urna. Nullam lobortis quam a felis ullamcorper viverra. Maecenas iaculis aliquet diam. Sed diam lorem, auctor quis, tristique ac, eleifend vitae, erat. Vivamus nisi. Mauris nulla. Integer urna. Vivamus molestie dapibus ligula. Aliquam erat volutpat. Nulla dignissim. Maecenas ornare egestas ligula. Nullam feugiat placerat velit. Quisque varius. Nam porttitor scelerisque neque. Nullam nisl. Maecenas malesuada fringilla est. Mauris eu turpis. Nulla aliquet. Proin velit. Sed malesuada augue ut lacus. Nulla tincidunt, neque vitae semper egestas, urna justo faucibus lectus, a sollicitudin orci sem eget massa. Suspendisse eleifend. Cras sed leo. Cras vehicula aliquet libero. Integer in	f	2022-10-30 10:38:38
3	Sed dictum. Proin_3	vulputate, lacus. Cras interdum. Nunc sollicitudin commodo ipsum. Suspendisse non leo. Vivamus nibh dolor, nonummy ac, feugiat non, lobortis quis, pede. Suspendisse dui. Fusce diam nunc, ullamcorper eu, euismod ac, fermentum vel, mauris. Integer sem elit, pharetra ut, pharetra sed, hendrerit a, arcu. Sed et libero. Proin mi. Aliquam gravida mauris ut mi. Duis risus	t	2022-03-18 09:18:35
4	cursus a,_4	lobortis augue scelerisque mollis. Phasellus libero mauris, aliquam eu, accumsan sed, facilisis vitae, orci. Phasellus dapibus quam quis diam. Pellentesque habitant morbi tristique senectus et netus et malesuada fames ac turpis egestas. Fusce aliquet magna a neque. Nullam ut nisi a odio semper cursus. Integer mollis. Integer tincidunt aliquam arcu. Aliquam ultrices iaculis odio. Nam interdum enim non nisi. Aenean eget metus. In nec orci. Donec nibh. Quisque nonummy ipsum non arcu. Vivamus sit amet risus. Donec egestas. Aliquam nec enim. Nunc ut erat. Sed nunc est, mollis non, cursus	t	2022-10-20 07:33:27
5	vitae erat_5	odio sagittis semper. Nam tempor diam dictum sapien. Aenean massa. Integer vitae nibh. Donec est mauris, rhoncus id, mollis nec, cursus a, enim. Suspendisse aliquet, sem ut cursus luctus, ipsum leo elementum sem, vitae aliquam eros turpis non enim. Mauris quis turpis vitae purus gravida sagittis. Duis gravida. Praesent eu nulla at sem molestie sodales. Mauris blandit enim consequat purus. Maecenas libero est, congue a, aliquet vel, vulputate eu, odio. Phasellus at augue id ante dictum cursus. Nunc mauris elit, dictum eu, eleifend nec, malesuada ut, sem. Nulla interdum.	t	2022-02-15 00:36:09
6	Duis risus odio, auctor vitae,_6	hendrerit consectetuer, cursus et, magna. Praesent interdum ligula eu enim. Etiam imperdiet dictum magna. Ut tincidunt orci quis lectus. Nullam suscipit, est ac facilisis facilisis, magna tellus faucibus leo, in lobortis tellus justo sit amet nulla. Donec non justo. Proin non massa non ante bibendum ullamcorper. Duis cursus, diam at pretium aliquet, metus	f	2022-08-15 04:22:18
7	quis accumsan convallis, ante_7	auctor non, feugiat nec, diam. Duis mi enim, condimentum eget, volutpat ornare, facilisis eget, ipsum. Donec sollicitudin adipiscing ligula. Aenean gravida nunc sed pede. Cum sociis natoque penatibus et magnis dis parturient montes, nascetur ridiculus mus. Proin vel arcu eu odio tristique pharetra.	t	2022-03-17 13:52:52
8	a odio semper cursus. Integer_8	ornare lectus justo eu arcu. Morbi sit amet massa. Quisque porttitor eros nec tellus. Nunc lectus pede, ultrices a, auctor non, feugiat nec, diam. Duis mi enim, condimentum eget, volutpat ornare, facilisis eget, ipsum. Donec sollicitudin adipiscing ligula. Aenean gravida nunc sed pede. Cum sociis natoque penatibus et magnis dis parturient montes, nascetur ridiculus mus. Proin vel arcu eu odio tristique pharetra. Quisque ac libero nec ligula consectetuer rhoncus. Nullam velit dui, semper et, lacinia vitae, sodales at, velit. Pellentesque	t	2022-03-18 15:33:38
9	Nullam_9	ac, eleifend vitae, erat. Vivamus nisi. Mauris nulla. Integer urna. Vivamus molestie dapibus ligula. Aliquam	t	2022-08-18 08:58:07
10	Lorem ipsum dolor sit amet,_10	blandit at, nisi. Cum sociis natoque penatibus et magnis dis parturient montes, nascetur ridiculus mus. Proin vel nisl. Quisque fringilla euismod enim. Etiam gravida molestie arcu. Sed eu nibh vulputate mauris sagittis placerat. Cras dictum ultricies ligula. Nullam enim. Sed nulla ante, iaculis	t	2022-06-07 18:02:47
11	a nunc. In_11	arcu. Sed eu nibh vulputate mauris sagittis placerat. Cras dictum ultricies ligula. Nullam enim. Sed nulla ante, iaculis nec, eleifend non, dapibus rutrum, justo. Praesent luctus. Curabitur egestas	t	2021-11-27 00:07:16
12	elit._12	hendrerit consectetuer, cursus et, magna. Praesent interdum ligula eu enim. Etiam imperdiet dictum magna. Ut tincidunt orci quis lectus. Nullam suscipit, est ac facilisis facilisis, magna tellus faucibus leo, in lobortis tellus justo sit amet nulla. Donec non justo. Proin non massa non ante bibendum ullamcorper. Duis cursus, diam at pretium aliquet, metus	f	2022-09-01 15:17:57
13	ipsum_13	nec metus facilisis lorem tristique aliquet. Phasellus fermentum convallis ligula. Donec luctus aliquet odio. Etiam ligula tortor, dictum eu,	t	2023-04-21 10:47:07
14	pharetra. Nam_14	consectetuer ipsum nunc id enim. Curabitur massa. Vestibulum accumsan neque et nunc. Quisque ornare tortor at risus. Nunc ac sem ut dolor dapibus gravida. Aliquam tincidunt, nunc ac mattis ornare, lectus ante dictum mi, ac mattis velit justo nec ante. Maecenas mi	t	2022-01-31 09:00:10
15	volutpat ornare, facilisis eget,_15	commodo ipsum. Suspendisse non leo. Vivamus nibh dolor, nonummy ac, feugiat	f	2023-03-29 21:21:53
16	ipsum. Donec_16	aliquam eros turpis non enim. Mauris quis turpis vitae purus gravida sagittis. Duis gravida. Praesent eu nulla at sem molestie sodales. Mauris blandit enim consequat purus. Maecenas libero est, congue a, aliquet vel, vulputate eu, odio. Phasellus at augue id ante dictum cursus. Nunc mauris elit, dictum eu, eleifend nec, malesuada ut, sem. Nulla interdum. Curabitur dictum. Phasellus in felis. Nulla tempor augue ac ipsum. Phasellus vitae mauris sit amet	f	2021-10-03 19:37:52
17	Vivamus molestie dapibus_17	risus, at fringilla purus mauris a nunc. In at pede. Cras vulputate velit eu sem. Pellentesque ut ipsum ac mi eleifend egestas. Sed pharetra, felis eget varius ultrices, mauris ipsum	t	2023-01-06 01:06:23
18	sagittis augue, eu_18	bibendum sed, est. Nunc laoreet lectus quis massa. Mauris vestibulum, neque sed dictum eleifend, nunc risus varius orci, in consequat enim diam vel arcu. Curabitur ut odio vel est tempor bibendum. Donec felis orci, adipiscing non, luctus sit amet, faucibus ut, nulla. Cras eu tellus eu augue porttitor interdum. Sed auctor odio a purus. Duis elementum, dui quis accumsan convallis, ante lectus convallis est, vitae sodales nisi magna sed dui. Fusce aliquam, enim nec tempus scelerisque, lorem ipsum sodales purus, in molestie tortor nibh sit amet orci. Ut sagittis lobortis mauris. Suspendisse aliquet molestie tellus. Aenean egestas hendrerit neque. In	f	2022-04-03 12:42:09
19	risus odio,_19	Nullam suscipit, est ac facilisis facilisis, magna tellus faucibus leo, in lobortis tellus justo sit amet nulla. Donec non justo. Proin non massa non ante bibendum ullamcorper. Duis cursus, diam at pretium aliquet, metus urna convallis erat, eget tincidunt dui augue eu tellus. Phasellus elit pede, malesuada vel, venenatis vel, faucibus id, libero. Donec consectetuer mauris	f	2023-05-31 22:22:58
20	magna. Duis dignissim tempor_20	blandit mattis. Cras eget nisi dictum augue malesuada malesuada. Integer id magna et ipsum cursus vestibulum. Mauris magna. Duis dignissim tempor arcu. Vestibulum ut eros non	f	2021-10-07 06:18:43
26	mattis. Integer eu_26	elit elit fermentum risus, at fringilla purus mauris a nunc. In at pede. Cras vulputate velit eu sem. Pellentesque ut ipsum ac mi eleifend egestas. Sed pharetra, felis eget varius ultrices, mauris ipsum porta elit, a feugiat tellus lorem eu metus. In lorem. Donec elementum, lorem ut aliquam iaculis, lacus pede sagittis augue, eu tempor erat neque non quam.	f	2022-08-23 13:02:22
27	Vivamus euismod urna._27	porta elit, a feugiat tellus lorem eu metus. In lorem. Donec elementum, lorem ut aliquam iaculis, lacus pede sagittis augue, eu tempor erat neque non quam. Pellentesque habitant morbi tristique senectus et netus et malesuada fames ac turpis egestas. Aliquam fringilla cursus purus. Nullam scelerisque neque sed sem egestas blandit. Nam nulla magna, malesuada vel, convallis in, cursus et, eros. Proin ultrices. Duis volutpat nunc sit amet metus. Aliquam erat volutpat. Nulla facilisis. Suspendisse commodo tincidunt nibh. Phasellus nulla. Integer vulputate, risus a ultricies adipiscing, enim	f	2022-07-14 02:02:59
28	In tincidunt congue turpis._28	ridiculus mus. Proin vel arcu eu odio tristique pharetra. Quisque ac libero nec ligula consectetuer rhoncus. Nullam velit dui, semper et, lacinia vitae, sodales at, velit. Pellentesque ultricies dignissim lacus. Aliquam rutrum lorem ac	t	2022-12-02 20:45:33
29	at, egestas a, scelerisque_29	varius orci, in consequat enim diam vel arcu. Curabitur ut odio vel est tempor bibendum. Donec felis	f	2022-06-26 16:27:52
30	erat semper rutrum. Fusce dolor_30	Curae Donec tincidunt. Donec vitae erat vel pede blandit congue. In scelerisque scelerisque dui. Suspendisse	f	2022-08-01 16:58:52
31	sed pede_31	Aliquam adipiscing lobortis risus. In mi pede, nonummy ut, molestie in, tempus eu, ligula. Aenean euismod mauris eu elit. Nulla facilisi. Sed neque. Sed eget lacus. Mauris non dui nec urna suscipit nonummy. Fusce fermentum fermentum arcu. Vestibulum ante ipsum primis in faucibus orci luctus et ultrices posuere cubilia Curae Phasellus ornare. Fusce mollis. Duis sit amet diam eu dolor egestas	t	2021-11-23 14:03:59
32	accumsan neque_32	tellus id nunc interdum feugiat. Sed nec metus facilisis lorem tristique aliquet. Phasellus fermentum convallis ligula. Donec luctus aliquet odio. Etiam ligula tortor, dictum eu, placerat eget, venenatis a, magna. Lorem ipsum dolor sit amet, consectetuer adipiscing elit. Etiam laoreet, libero et tristique pellentesque, tellus sem mollis dui, in sodales elit erat vitae risus. Duis a mi	f	2022-01-11 07:54:51
33	mauris elit, dictum eu,_33	nec enim. Nunc ut erat. Sed nunc est, mollis non, cursus non, egestas a, dui. Cras pellentesque. Sed dictum. Proin eget odio. Aliquam vulputate ullamcorper magna. Sed eu eros. Nam consequat dolor vitae dolor. Donec fringilla. Donec feugiat metus sit amet ante. Vivamus non lorem vitae odio sagittis semper. Nam tempor diam dictum sapien. Aenean massa. Integer vitae nibh. Donec est mauris, rhoncus id, mollis nec, cursus	t	2022-01-02 14:40:52
34	Suspendisse sed_34	vel arcu eu odio tristique pharetra. Quisque ac libero nec ligula consectetuer rhoncus. Nullam velit dui, semper et, lacinia vitae, sodales at, velit. Pellentesque ultricies dignissim lacus. Aliquam rutrum lorem ac risus. Morbi metus. Vivamus euismod urna. Nullam lobortis quam a felis ullamcorper viverra. Maecenas iaculis aliquet diam. Sed diam lorem, auctor quis, tristique ac, eleifend vitae, erat. Vivamus nisi. Mauris nulla. Integer urna. Vivamus molestie dapibus ligula. Aliquam erat volutpat. Nulla dignissim. Maecenas ornare egestas ligula. Nullam feugiat placerat velit. Quisque varius. Nam porttitor scelerisque neque.	f	2021-11-03 18:41:55
35	purus, accumsan interdum libero_35	sit amet, faucibus ut, nulla. Cras eu tellus eu augue porttitor interdum. Sed	f	2021-10-26 17:26:30
36	lacus, varius et,_36	faucibus. Morbi vehicula. Pellentesque tincidunt tempus risus. Donec egestas. Duis ac arcu. Nunc mauris. Morbi non sapien molestie orci tincidunt adipiscing. Mauris molestie pharetra nibh. Aliquam ornare, libero at auctor ullamcorper, nisl arcu iaculis enim, sit amet ornare lectus justo eu arcu. Morbi sit amet massa. Quisque porttitor eros nec tellus. Nunc lectus pede, ultrices a, auctor non, feugiat nec, diam. Duis mi enim, condimentum eget, volutpat ornare, facilisis eget, ipsum. Donec sollicitudin	f	2023-06-14 03:12:55
37	ultricies_37	lobortis ultrices. Vivamus rhoncus. Donec est. Nunc ullamcorper, velit in aliquet lobortis, nisi nibh lacinia	f	2023-02-07 07:15:41
38	semper tellus id_38	rutrum urna, nec luctus felis purus ac tellus. Suspendisse sed dolor. Fusce mi lorem, vehicula et, rutrum eu, ultrices sit amet, risus. Donec nibh enim, gravida sit amet, dapibus id, blandit at, nisi. Cum sociis natoque penatibus et magnis dis parturient montes, nascetur ridiculus mus. Proin vel nisl. Quisque fringilla euismod enim. Etiam gravida molestie arcu. Sed eu nibh vulputate mauris sagittis placerat. Cras dictum ultricies ligula. Nullam enim. Sed nulla ante, iaculis nec, eleifend non, dapibus rutrum, justo.	f	2021-12-10 11:30:46
40	at, velit. Cras lorem lorem,_40	interdum enim non nisi. Aenean eget metus. In nec orci. Donec nibh. Quisque nonummy ipsum non arcu. Vivamus sit amet risus. Donec egestas. Aliquam nec enim. Nunc ut erat. Sed nunc est, mollis non, cursus non, egestas a, dui. Cras pellentesque. Sed dictum. Proin eget odio. Aliquam	f	2021-12-03 06:48:08
41	ante bibendum_41	cursus. Integer mollis. Integer tincidunt aliquam arcu. Aliquam ultrices iaculis odio. Nam interdum enim non nisi. Aenean eget metus. In nec orci. Donec nibh. Quisque nonummy ipsum non arcu. Vivamus sit amet risus. Donec egestas. Aliquam nec enim. Nunc ut erat. Sed nunc est, mollis non, cursus non, egestas a, dui. Cras pellentesque. Sed dictum. Proin eget odio. Aliquam vulputate ullamcorper magna. Sed eu eros. Nam consequat dolor vitae dolor. Donec fringilla. Donec feugiat metus sit amet ante. Vivamus non lorem vitae odio sagittis semper. Nam tempor diam dictum sapien. Aenean	f	2022-06-20 15:26:42
242	purus_242	odio. Nam interdum enim non nisi. Aenean eget metus. In nec orci. Donec nibh.	t	2022-09-09 13:10:04
42	et, eros._42	dolor dolor, tempus non, lacinia at, iaculis quis, pede. Praesent eu dui. Cum sociis natoque penatibus et magnis dis parturient montes, nascetur ridiculus mus. Aenean eget magna. Suspendisse tristique neque venenatis lacus. Etiam bibendum fermentum metus. Aenean sed pede nec ante blandit viverra. Donec tempus, lorem fringilla ornare placerat, orci lacus vestibulum lorem, sit amet ultricies sem magna nec quam. Curabitur vel lectus. Cum sociis natoque penatibus et magnis dis parturient montes, nascetur ridiculus mus. Donec dignissim magna a tortor. Nunc commodo auctor velit. Aliquam nisl. Nulla eu neque pellentesque massa lobortis ultrices. Vivamus rhoncus. Donec est. Nunc ullamcorper,	t	2023-04-12 13:20:33
43	laoreet, libero et tristique_43	Nulla tempor augue ac	t	2022-08-03 11:10:04
44	elit fermentum risus, at fringilla_44	vulputate, posuere vulputate, lacus. Cras interdum. Nunc sollicitudin commodo ipsum. Suspendisse non leo. Vivamus nibh dolor, nonummy ac, feugiat non, lobortis quis, pede. Suspendisse dui. Fusce diam nunc, ullamcorper eu, euismod ac, fermentum vel, mauris. Integer sem elit, pharetra ut, pharetra sed, hendrerit a, arcu. Sed et libero. Proin mi. Aliquam gravida mauris ut mi. Duis risus odio, auctor vitae, aliquet	t	2023-07-23 23:58:15
131	Curabitur_131	risus odio, auctor vitae, aliquet nec, imperdiet nec, leo. Morbi neque tellus, imperdiet non, vestibulum nec, euismod in, dolor. Fusce feugiat. Lorem ipsum dolor sit amet, consectetuer adipiscing elit. Aliquam auctor,	t	2022-10-08 19:36:16
46	sed, hendrerit_46	Cras convallis convallis dolor. Quisque tincidunt pede ac urna. Ut tincidunt vehicula risus. Nulla eget metus eu erat semper rutrum. Fusce dolor quam, elementum at, egestas a, scelerisque sed, sapien. Nunc pulvinar arcu et pede. Nunc sed orci lobortis augue scelerisque mollis. Phasellus libero mauris, aliquam eu, accumsan sed, facilisis vitae, orci. Phasellus dapibus quam quis diam. Pellentesque habitant morbi tristique senectus et netus et malesuada fames ac turpis egestas. Fusce aliquet magna a neque. Nullam ut nisi a odio semper cursus. Integer mollis. Integer tincidunt aliquam arcu. Aliquam ultrices iaculis odio. Nam interdum enim non nisi.	t	2022-01-10 00:04:58
47	quis diam._47	Ut tincidunt orci quis lectus. Nullam suscipit, est ac facilisis facilisis, magna tellus faucibus leo, in lobortis tellus justo sit amet nulla. Donec non justo. Proin non massa non ante bibendum ullamcorper. Duis cursus, diam at pretium aliquet, metus	f	2022-11-30 09:23:27
48	Quisque imperdiet,_48	ridiculus mus. Aenean eget	f	2021-11-23 00:39:25
49	lorem_49	cursus purus. Nullam scelerisque neque sed sem egestas blandit. Nam nulla magna, malesuada vel, convallis in, cursus et, eros. Proin ultrices. Duis volutpat nunc sit amet metus. Aliquam erat volutpat. Nulla facilisis. Suspendisse commodo tincidunt nibh. Phasellus nulla. Integer vulputate, risus a ultricies adipiscing, enim mi tempor lorem, eget mollis lectus pede et risus. Quisque libero lacus, varius et, euismod et, commodo at, libero. Morbi	t	2022-11-04 03:11:20
50	ipsum_50	eget lacus. Mauris non dui nec urna suscipit nonummy. Fusce fermentum fermentum arcu. Vestibulum ante ipsum primis in faucibus orci luctus et ultrices posuere cubilia Curae Phasellus ornare. Fusce mollis. Duis sit amet diam eu dolor egestas rhoncus. Proin nisl sem, consequat nec, mollis vitae, posuere at, velit. Cras lorem lorem, luctus	t	2021-10-17 21:40:12
51	sem elit,_51	Proin nisl sem, consequat nec, mollis vitae, posuere at, velit. Cras lorem lorem, luctus ut, pellentesque eget, dictum placerat, augue. Sed molestie. Sed id risus quis diam luctus lobortis. Class aptent taciti sociosqu ad litora torquent per conubia nostra, per inceptos hymenaeos. Mauris ut quam vel sapien imperdiet ornare. In faucibus. Morbi vehicula. Pellentesque tincidunt tempus risus. Donec egestas. Duis ac arcu. Nunc mauris. Morbi non sapien molestie orci tincidunt adipiscing. Mauris molestie pharetra nibh. Aliquam ornare, libero at auctor ullamcorper, nisl arcu iaculis enim, sit amet ornare lectus justo eu arcu. Morbi sit amet massa. Quisque porttitor eros nec	f	2022-05-05 00:15:18
52	libero_52	facilisis lorem tristique aliquet. Phasellus fermentum convallis ligula. Donec luctus aliquet odio. Etiam ligula tortor, dictum eu, placerat eget, venenatis a, magna.	t	2022-12-15 13:24:35
53	sit amet_53	adipiscing elit. Curabitur sed tortor. Integer aliquam adipiscing lacus. Ut nec urna et arcu imperdiet ullamcorper. Duis at lacus. Quisque purus sapien, gravida non, sollicitudin a, malesuada id, erat. Etiam vestibulum massa rutrum magna. Cras convallis convallis dolor. Quisque tincidunt pede ac urna. Ut tincidunt vehicula risus. Nulla eget metus eu erat semper rutrum. Fusce dolor quam, elementum at, egestas a, scelerisque sed, sapien.	t	2022-02-19 03:17:17
54	quam dignissim pharetra. Nam_54	consectetuer euismod est arcu ac orci. Ut semper pretium neque. Morbi quis urna. Nunc quis arcu vel quam dignissim pharetra. Nam ac nulla. In tincidunt congue turpis. In condimentum. Donec at arcu. Vestibulum ante ipsum primis in faucibus orci luctus et ultrices posuere cubilia Curae Donec tincidunt. Donec vitae erat vel pede blandit congue. In scelerisque scelerisque dui. Suspendisse ac metus vitae velit egestas lacinia. Sed congue, elit sed consequat auctor, nunc nulla	t	2022-02-11 02:17:22
55	fermentum risus, at fringilla_55	turpis. Nulla aliquet. Proin velit. Sed malesuada augue ut lacus. Nulla tincidunt, neque vitae	f	2022-09-21 15:37:27
56	elit, pharetra_56	ligula. Nullam feugiat placerat velit. Quisque varius. Nam porttitor scelerisque neque. Nullam nisl. Maecenas malesuada fringilla est. Mauris eu turpis. Nulla aliquet. Proin velit. Sed malesuada augue ut lacus. Nulla tincidunt, neque	t	2022-01-31 13:37:38
57	convallis ligula. Donec luctus_57	elit, pellentesque a, facilisis non, bibendum sed, est. Nunc laoreet	t	2023-08-23 23:35:45
58	malesuada malesuada. Integer id magna_58	justo nec ante. Maecenas mi felis, adipiscing fringilla, porttitor vulputate, posuere vulputate, lacus. Cras interdum. Nunc sollicitudin commodo ipsum. Suspendisse non leo. Vivamus nibh dolor, nonummy ac, feugiat non, lobortis quis, pede. Suspendisse dui. Fusce diam nunc, ullamcorper eu, euismod ac, fermentum vel, mauris. Integer sem elit, pharetra ut, pharetra sed, hendrerit a, arcu. Sed et libero. Proin mi. Aliquam gravida mauris ut	f	2023-01-14 05:52:14
59	amet, dapibus_59	velit dui, semper et, lacinia vitae, sodales at, velit. Pellentesque ultricies dignissim lacus. Aliquam rutrum lorem ac risus. Morbi metus. Vivamus euismod urna. Nullam lobortis quam a felis ullamcorper viverra. Maecenas iaculis	t	2023-05-14 12:11:09
60	ullamcorper viverra. Maecenas_60	imperdiet ornare. In faucibus. Morbi vehicula. Pellentesque tincidunt tempus risus. Donec egestas. Duis ac	t	2023-05-16 04:34:43
61	tellus lorem_61	dui lectus rutrum urna, nec luctus felis purus ac tellus. Suspendisse sed dolor. Fusce mi lorem, vehicula et, rutrum eu, ultrices sit amet, risus. Donec nibh enim, gravida sit amet, dapibus id, blandit at, nisi. Cum sociis natoque penatibus et magnis dis	t	2023-05-16 21:52:05
62	In scelerisque scelerisque dui._62	eu metus. In lorem. Donec elementum, lorem ut aliquam iaculis, lacus pede sagittis augue, eu tempor erat neque non quam. Pellentesque habitant morbi tristique senectus et netus et malesuada fames ac turpis egestas. Aliquam fringilla cursus purus.	t	2021-11-06 09:46:22
63	eget laoreet_63	dui, nec tempus mauris erat eget ipsum. Suspendisse sagittis. Nullam vitae diam. Proin dolor. Nulla semper tellus id nunc interdum feugiat. Sed nec metus facilisis lorem tristique aliquet. Phasellus fermentum convallis ligula. Donec luctus aliquet odio. Etiam ligula tortor, dictum eu, placerat eget, venenatis a, magna.	f	2021-10-03 01:55:27
64	iaculis enim, sit amet ornare_64	a sollicitudin orci sem eget massa. Suspendisse eleifend. Cras sed leo. Cras vehicula aliquet libero. Integer in magna. Phasellus dolor elit, pellentesque a, facilisis non, bibendum sed, est. Nunc laoreet lectus quis massa. Mauris vestibulum, neque sed dictum eleifend, nunc risus varius orci, in consequat enim diam vel arcu. Curabitur ut	f	2022-05-17 22:45:07
65	sit amet_65	auctor velit. Aliquam nisl. Nulla eu neque pellentesque massa lobortis ultrices. Vivamus rhoncus. Donec est. Nunc ullamcorper, velit in aliquet lobortis, nisi nibh lacinia orci, consectetuer euismod est arcu ac orci. Ut semper	f	2022-07-30 10:18:21
66	consequat auctor, nunc nulla_66	aliquet nec, imperdiet nec, leo. Morbi neque tellus, imperdiet non, vestibulum nec, euismod in, dolor. Fusce feugiat. Lorem ipsum dolor	t	2021-09-13 12:16:57
67	felis_67	natoque penatibus et magnis dis parturient montes, nascetur ridiculus mus. Donec dignissim magna a tortor. Nunc commodo auctor velit. Aliquam nisl. Nulla eu neque	t	2023-02-10 06:12:22
69	massa non ante bibendum ullamcorper._69	Fusce dolor quam, elementum at, egestas a, scelerisque sed, sapien. Nunc pulvinar arcu et pede. Nunc sed orci lobortis augue scelerisque mollis. Phasellus libero mauris, aliquam eu, accumsan sed, facilisis vitae, orci. Phasellus dapibus quam quis diam. Pellentesque habitant morbi tristique senectus et netus et malesuada fames ac turpis egestas. Fusce aliquet magna a neque. Nullam ut nisi a odio semper cursus. Integer mollis. Integer tincidunt aliquam arcu. Aliquam ultrices iaculis odio. Nam interdum enim non nisi. Aenean eget metus. In nec orci.	t	2023-03-29 11:39:06
70	arcu. Curabitur_70	Vestibulum ante ipsum primis in faucibus orci luctus et ultrices posuere cubilia Curae Phasellus ornare. Fusce mollis. Duis sit amet diam eu dolor egestas rhoncus.	t	2022-01-27 07:48:26
71	nascetur_71	Sed neque. Sed eget lacus. Mauris non dui nec urna suscipit nonummy. Fusce fermentum fermentum arcu. Vestibulum ante ipsum primis in faucibus orci luctus et ultrices posuere cubilia Curae Phasellus ornare. Fusce mollis. Duis sit amet diam eu dolor egestas rhoncus. Proin nisl sem, consequat nec, mollis vitae, posuere at, velit. Cras lorem lorem, luctus ut, pellentesque eget, dictum placerat, augue. Sed molestie. Sed id risus quis diam luctus lobortis. Class aptent taciti sociosqu ad litora torquent per conubia nostra, per inceptos hymenaeos. Mauris ut quam vel sapien imperdiet ornare. In faucibus. Morbi vehicula. Pellentesque tincidunt	t	2022-11-17 07:07:41
72	cubilia Curae Donec_72	diam luctus lobortis. Class aptent taciti sociosqu ad litora torquent per conubia	f	2022-06-02 07:34:02
73	augue, eu_73	non, luctus sit amet, faucibus ut, nulla. Cras eu tellus eu augue porttitor interdum. Sed auctor odio a purus. Duis elementum, dui quis accumsan convallis, ante lectus convallis est, vitae sodales	t	2021-11-05 04:07:02
74	mauris sagittis placerat. Cras dictum_74	Mauris vel turpis. Aliquam adipiscing lobortis risus. In mi pede, nonummy ut, molestie in, tempus eu, ligula. Aenean euismod	t	2023-01-18 14:13:24
75	nulla. Donec_75	eleifend egestas. Sed pharetra, felis eget varius ultrices, mauris ipsum porta elit, a feugiat tellus lorem eu metus. In lorem. Donec elementum, lorem ut aliquam iaculis, lacus pede sagittis augue, eu tempor erat neque non quam. Pellentesque habitant morbi tristique senectus et netus et malesuada fames ac	t	2023-07-22 19:41:31
76	dui, in_76	aliquet libero. Integer in magna. Phasellus dolor elit, pellentesque a, facilisis non, bibendum sed, est. Nunc laoreet lectus	f	2021-09-23 14:17:55
77	augue id_77	Duis at lacus. Quisque purus sapien, gravida non, sollicitudin a, malesuada id, erat. Etiam vestibulum massa rutrum magna. Cras convallis convallis dolor. Quisque tincidunt pede ac urna. Ut tincidunt	t	2022-10-13 03:45:30
78	at,_78	augue ac ipsum. Phasellus vitae mauris sit amet lorem semper auctor. Mauris vel turpis. Aliquam adipiscing lobortis risus. In mi pede, nonummy ut, molestie in, tempus eu, ligula. Aenean euismod mauris eu elit. Nulla facilisi. Sed neque. Sed eget lacus. Mauris non dui nec urna suscipit nonummy. Fusce fermentum fermentum arcu. Vestibulum ante ipsum	f	2022-02-18 22:18:32
79	ut mi. Duis_79	eu dui. Cum sociis natoque penatibus et magnis dis parturient montes, nascetur ridiculus mus. Aenean eget magna. Suspendisse tristique neque venenatis lacus. Etiam bibendum fermentum metus. Aenean sed pede nec ante blandit viverra. Donec tempus, lorem fringilla ornare placerat, orci lacus vestibulum lorem, sit amet ultricies sem magna nec quam. Curabitur vel lectus. Cum sociis natoque penatibus et magnis dis parturient montes, nascetur ridiculus mus. Donec dignissim magna a tortor. Nunc commodo auctor velit. Aliquam nisl. Nulla eu neque pellentesque massa lobortis ultrices. Vivamus rhoncus. Donec est. Nunc ullamcorper, velit in aliquet lobortis, nisi nibh lacinia orci, consectetuer euismod est	t	2023-07-01 19:56:42
80	nunc id_80	sit amet lorem semper auctor. Mauris vel turpis. Aliquam adipiscing lobortis risus. In mi pede, nonummy ut, molestie in, tempus eu, ligula. Aenean euismod mauris eu elit. Nulla facilisi. Sed neque. Sed eget	f	2022-01-08 14:09:21
81	primis_81	Ut tincidunt orci quis lectus. Nullam suscipit, est ac facilisis facilisis, magna tellus faucibus leo, in lobortis tellus justo sit amet nulla. Donec non justo. Proin non massa non ante bibendum ullamcorper. Duis cursus, diam at pretium aliquet, metus urna convallis erat, eget tincidunt dui augue eu tellus. Phasellus elit pede, malesuada vel, venenatis vel, faucibus	t	2023-06-20 02:13:14
82	pede nec_82	aliquet, sem ut cursus luctus, ipsum leo elementum sem, vitae aliquam eros turpis non enim. Mauris quis turpis vitae purus gravida sagittis. Duis gravida. Praesent eu nulla at sem molestie sodales. Mauris blandit enim consequat purus. Maecenas libero est, congue	t	2021-09-07 21:21:09
83	ac sem_83	felis. Donec tempor, est ac mattis semper, dui lectus rutrum urna, nec luctus	t	2023-01-04 06:57:18
84	malesuada id, erat._84	Sed neque. Sed eget lacus. Mauris non dui nec urna suscipit nonummy. Fusce fermentum fermentum arcu. Vestibulum ante ipsum primis in faucibus orci luctus et ultrices posuere cubilia Curae Phasellus ornare. Fusce mollis. Duis sit amet diam eu dolor egestas rhoncus. Proin nisl sem, consequat nec, mollis vitae, posuere at, velit. Cras	t	2022-03-14 03:17:44
85	dapibus_85	vel pede blandit congue. In scelerisque scelerisque dui. Suspendisse ac metus vitae velit egestas lacinia. Sed congue, elit sed consequat auctor, nunc nulla vulputate dui, nec tempus mauris erat eget ipsum. Suspendisse sagittis. Nullam vitae diam. Proin dolor. Nulla semper tellus id nunc interdum feugiat. Sed nec metus facilisis lorem tristique aliquet. Phasellus fermentum convallis ligula. Donec luctus aliquet odio. Etiam ligula tortor, dictum eu, placerat eget, venenatis a, magna.	t	2021-11-02 07:57:20
86	Donec est mauris,_86	luctus felis purus ac tellus. Suspendisse sed dolor. Fusce mi lorem, vehicula et, rutrum eu, ultrices sit amet, risus. Donec nibh enim, gravida sit amet, dapibus id, blandit at, nisi. Cum sociis natoque penatibus et magnis dis parturient montes, nascetur ridiculus mus. Proin vel nisl. Quisque fringilla euismod enim. Etiam gravida molestie arcu. Sed eu nibh vulputate mauris sagittis placerat. Cras dictum ultricies ligula. Nullam enim. Sed nulla ante, iaculis nec, eleifend non, dapibus rutrum, justo.	t	2021-10-28 10:38:55
87	Phasellus at augue_87	adipiscing non, luctus sit amet, faucibus ut, nulla. Cras eu tellus eu augue porttitor interdum. Sed auctor odio a purus. Duis elementum, dui quis accumsan convallis, ante lectus convallis est, vitae sodales nisi magna sed dui. Fusce aliquam, enim nec tempus scelerisque, lorem ipsum sodales purus, in molestie tortor nibh sit amet orci. Ut sagittis lobortis mauris. Suspendisse aliquet molestie tellus. Aenean egestas hendrerit neque. In ornare sagittis felis. Donec tempor, est ac mattis semper, dui lectus rutrum urna, nec luctus felis purus ac tellus. Suspendisse sed dolor. Fusce mi lorem, vehicula et, rutrum eu,	f	2021-09-22 03:19:54
88	amet metus. Aliquam_88	mollis non, cursus non, egestas a, dui. Cras pellentesque. Sed dictum. Proin eget odio. Aliquam vulputate ullamcorper magna. Sed eu eros. Nam consequat dolor vitae dolor. Donec fringilla. Donec feugiat metus sit amet ante. Vivamus non lorem vitae odio sagittis semper. Nam tempor diam dictum sapien. Aenean	t	2021-09-20 22:50:08
89	Vestibulum ante ipsum_89	turpis nec mauris blandit mattis. Cras eget nisi dictum augue malesuada malesuada. Integer id magna et ipsum cursus vestibulum. Mauris magna. Duis dignissim tempor arcu. Vestibulum ut eros non enim commodo hendrerit. Donec porttitor tellus non magna. Nam ligula elit, pretium et, rutrum non, hendrerit id, ante. Nunc	f	2023-07-13 08:09:38
90	Nam_90	nunc. In at pede. Cras vulputate velit eu sem. Pellentesque ut ipsum ac mi eleifend egestas. Sed pharetra, felis eget varius ultrices, mauris ipsum porta elit, a feugiat tellus lorem eu metus. In lorem. Donec elementum, lorem ut aliquam iaculis, lacus pede sagittis augue, eu tempor erat neque	f	2022-09-07 00:26:06
91	ultrices, mauris ipsum porta_91	nunc sed pede. Cum sociis natoque penatibus et magnis dis parturient montes, nascetur ridiculus mus. Proin vel arcu eu odio tristique pharetra. Quisque ac libero nec ligula consectetuer	f	2022-12-12 09:08:01
92	metus. In nec_92	Ut tincidunt vehicula risus. Nulla eget metus eu erat semper rutrum. Fusce dolor quam, elementum at, egestas a, scelerisque sed, sapien. Nunc pulvinar arcu et pede. Nunc sed orci lobortis augue scelerisque mollis. Phasellus libero mauris, aliquam eu, accumsan sed, facilisis vitae, orci. Phasellus dapibus quam quis diam. Pellentesque habitant morbi tristique senectus et netus et malesuada fames ac turpis egestas. Fusce aliquet magna a neque. Nullam ut nisi a odio semper cursus. Integer mollis. Integer tincidunt aliquam arcu. Aliquam ultrices iaculis odio.	t	2021-12-03 23:00:54
93	nibh lacinia orci,_93	Quisque nonummy ipsum non arcu. Vivamus sit amet risus. Donec egestas. Aliquam nec enim. Nunc ut erat. Sed nunc est, mollis non, cursus non, egestas a, dui. Cras pellentesque. Sed dictum. Proin eget odio. Aliquam vulputate ullamcorper magna. Sed eu eros. Nam consequat dolor vitae dolor. Donec fringilla. Donec feugiat metus sit amet ante. Vivamus non lorem vitae odio sagittis semper. Nam tempor diam dictum sapien. Aenean massa. Integer vitae nibh.	f	2021-12-12 14:08:52
94	feugiat. Sed nec metus facilisis_94	Nullam feugiat placerat velit. Quisque varius. Nam porttitor scelerisque neque. Nullam nisl. Maecenas	t	2022-09-01 01:22:26
95	dignissim magna a tortor._95	sapien. Aenean massa. Integer vitae nibh. Donec est mauris, rhoncus id, mollis nec, cursus a, enim. Suspendisse aliquet, sem ut cursus luctus, ipsum leo elementum sem, vitae aliquam eros turpis non enim. Mauris quis turpis vitae purus gravida sagittis. Duis gravida. Praesent eu nulla at sem molestie sodales. Mauris blandit enim consequat purus. Maecenas libero est, congue a, aliquet vel,	t	2022-03-03 22:59:53
96	lacus. Ut_96	nisl arcu iaculis enim, sit amet ornare lectus justo eu arcu. Morbi sit amet massa. Quisque porttitor eros nec tellus. Nunc lectus pede, ultrices a, auctor non, feugiat nec, diam. Duis mi enim, condimentum eget, volutpat ornare, facilisis eget, ipsum. Donec sollicitudin adipiscing ligula. Aenean gravida nunc sed pede. Cum sociis natoque penatibus et	f	2023-01-24 15:11:12
97	vehicula. Pellentesque tincidunt tempus risus._97	lorem lorem, luctus ut, pellentesque eget, dictum placerat, augue. Sed molestie. Sed id risus quis diam luctus lobortis. Class aptent taciti sociosqu	t	2023-06-08 08:54:51
98	eu, placerat_98	tincidunt, neque vitae semper egestas, urna justo faucibus lectus, a sollicitudin orci sem eget massa. Suspendisse eleifend. Cras sed leo. Cras vehicula aliquet libero. Integer in magna. Phasellus dolor elit, pellentesque a, facilisis non, bibendum sed, est. Nunc laoreet lectus quis massa. Mauris vestibulum, neque sed dictum eleifend, nunc risus varius orci, in consequat enim diam vel arcu. Curabitur ut odio vel est tempor bibendum. Donec felis orci, adipiscing non, luctus sit amet, faucibus ut, nulla. Cras eu tellus eu augue porttitor interdum. Sed auctor odio a	f	2022-11-08 05:49:33
99	ac_99	odio tristique pharetra. Quisque ac libero nec ligula consectetuer rhoncus. Nullam velit dui, semper et, lacinia vitae, sodales at, velit. Pellentesque ultricies dignissim lacus. Aliquam rutrum lorem ac risus. Morbi metus. Vivamus euismod urna. Nullam lobortis quam a felis ullamcorper viverra. Maecenas iaculis aliquet diam. Sed diam lorem, auctor quis, tristique ac, eleifend vitae, erat. Vivamus nisi. Mauris nulla. Integer urna. Vivamus molestie dapibus ligula. Aliquam erat volutpat. Nulla dignissim. Maecenas ornare egestas ligula. Nullam feugiat placerat velit. Quisque varius. Nam porttitor	f	2023-03-26 03:14:57
100	odio, auctor vitae, aliquet nec,_100	semper tellus id nunc interdum feugiat. Sed nec metus facilisis lorem tristique aliquet. Phasellus fermentum convallis ligula. Donec luctus aliquet odio. Etiam ligula tortor, dictum eu, placerat eget, venenatis a, magna. Lorem ipsum dolor sit amet, consectetuer adipiscing elit. Etiam laoreet, libero et tristique pellentesque, tellus sem mollis dui, in sodales elit erat vitae risus. Duis a mi fringilla mi lacinia mattis. Integer eu lacus. Quisque imperdiet, erat nonummy ultricies ornare, elit elit fermentum risus, at fringilla purus mauris a nunc. In at pede. Cras	f	2023-08-14 15:36:38
101	lobortis quis,_101	lectus pede et risus. Quisque libero lacus, varius et, euismod et, commodo at, libero. Morbi accumsan laoreet ipsum. Curabitur consequat, lectus sit amet luctus vulputate, nisi sem semper erat, in consectetuer ipsum nunc id enim. Curabitur massa. Vestibulum accumsan neque et nunc. Quisque ornare tortor at risus. Nunc ac sem ut dolor dapibus gravida. Aliquam tincidunt, nunc ac mattis ornare, lectus ante dictum mi, ac mattis velit justo nec ante. Maecenas mi felis, adipiscing fringilla, porttitor vulputate, posuere vulputate,	t	2022-05-26 03:22:50
102	ullamcorper_102	vel, vulputate eu, odio. Phasellus at augue id ante dictum cursus. Nunc mauris elit, dictum eu, eleifend nec, malesuada ut, sem. Nulla interdum. Curabitur dictum. Phasellus in felis. Nulla tempor augue ac ipsum. Phasellus vitae mauris sit amet lorem semper auctor. Mauris vel	t	2023-05-16 20:33:20
103	arcu. Sed_103	laoreet, libero et tristique pellentesque, tellus sem mollis dui, in sodales elit erat vitae risus. Duis a mi fringilla mi lacinia mattis. Integer eu lacus. Quisque imperdiet, erat nonummy ultricies ornare, elit elit fermentum risus, at fringilla purus mauris a nunc. In at pede. Cras vulputate velit	t	2021-11-19 11:11:30
125	ut nisi a_125	tristique pellentesque, tellus sem mollis dui, in sodales elit erat vitae risus. Duis a mi fringilla mi lacinia mattis. Integer eu lacus. Quisque	f	2021-09-30 19:54:20
105	Duis gravida. Praesent_105	Mauris ut quam vel sapien imperdiet ornare. In faucibus. Morbi vehicula. Pellentesque tincidunt tempus risus. Donec egestas. Duis ac arcu. Nunc mauris. Morbi non sapien molestie orci tincidunt adipiscing. Mauris molestie pharetra nibh. Aliquam ornare, libero at auctor ullamcorper, nisl arcu iaculis enim, sit amet ornare lectus justo eu arcu. Morbi sit amet massa. Quisque	f	2022-09-04 09:54:44
107	Cum sociis_107	lacus, varius et, euismod et, commodo at, libero. Morbi accumsan laoreet ipsum. Curabitur consequat, lectus sit amet luctus vulputate, nisi sem semper erat, in consectetuer ipsum nunc id enim. Curabitur massa. Vestibulum accumsan neque et nunc. Quisque ornare tortor at risus. Nunc ac sem ut dolor dapibus gravida. Aliquam tincidunt, nunc ac mattis ornare, lectus ante dictum mi, ac mattis velit justo nec ante. Maecenas mi felis, adipiscing fringilla, porttitor vulputate, posuere vulputate, lacus. Cras interdum. Nunc sollicitudin commodo ipsum.	t	2021-11-14 01:54:21
109	metus. In nec orci._109	risus. Nunc ac sem ut dolor dapibus gravida. Aliquam tincidunt, nunc ac mattis ornare, lectus ante dictum mi, ac mattis velit justo nec ante. Maecenas mi felis, adipiscing fringilla, porttitor vulputate, posuere vulputate, lacus. Cras interdum. Nunc sollicitudin commodo ipsum. Suspendisse non leo. Vivamus nibh dolor, nonummy ac, feugiat non, lobortis quis, pede.	f	2022-12-17 01:40:30
110	pharetra sed,_110	nunc, ullamcorper eu, euismod ac, fermentum vel, mauris. Integer sem elit, pharetra ut, pharetra sed, hendrerit a, arcu. Sed et libero. Proin mi. Aliquam gravida mauris ut mi. Duis risus odio, auctor vitae, aliquet nec, imperdiet nec, leo. Morbi neque tellus, imperdiet non, vestibulum nec, euismod in, dolor. Fusce feugiat. Lorem ipsum dolor sit	t	2022-07-05 06:01:25
111	primis in faucibus_111	dolor, tempus non, lacinia at, iaculis quis, pede. Praesent eu dui. Cum sociis natoque penatibus et magnis dis parturient montes,	f	2022-11-21 14:33:55
112	Phasellus in felis._112	Sed eu eros. Nam consequat dolor vitae dolor. Donec fringilla. Donec feugiat metus sit amet ante. Vivamus non lorem vitae odio sagittis semper. Nam tempor diam dictum sapien. Aenean massa. Integer vitae nibh. Donec est mauris, rhoncus id, mollis nec, cursus a, enim. Suspendisse aliquet, sem ut cursus luctus, ipsum leo elementum sem, vitae aliquam eros turpis non enim. Mauris quis turpis vitae purus gravida sagittis. Duis gravida. Praesent eu nulla at sem molestie sodales. Mauris	t	2022-02-12 00:16:48
113	enim nisl_113	Aliquam ultrices iaculis odio. Nam interdum enim non nisi. Aenean eget metus. In nec orci. Donec nibh. Quisque nonummy ipsum non arcu. Vivamus sit amet risus. Donec egestas. Aliquam nec enim. Nunc ut erat. Sed nunc est, mollis non, cursus non, egestas a, dui. Cras pellentesque. Sed dictum. Proin eget odio. Aliquam vulputate ullamcorper magna. Sed eu eros. Nam consequat dolor vitae dolor. Donec fringilla. Donec feugiat metus sit amet ante. Vivamus non lorem vitae odio sagittis semper. Nam tempor diam dictum sapien. Aenean massa. Integer vitae nibh. Donec est	t	2021-11-12 18:46:22
114	nisi. Mauris nulla. Integer_114	Donec luctus aliquet odio. Etiam ligula tortor, dictum eu, placerat eget, venenatis a, magna. Lorem ipsum dolor	f	2022-07-13 15:24:02
115	sed, facilisis vitae, orci._115	erat. Sed nunc est, mollis non, cursus non, egestas a, dui. Cras pellentesque. Sed dictum. Proin eget odio. Aliquam vulputate ullamcorper magna. Sed eu eros. Nam consequat dolor vitae dolor. Donec fringilla. Donec feugiat metus sit amet ante. Vivamus	t	2021-10-28 14:05:27
116	Nullam feugiat placerat_116	In nec orci. Donec nibh. Quisque nonummy ipsum non arcu. Vivamus sit amet risus. Donec egestas. Aliquam nec enim. Nunc ut erat. Sed nunc est, mollis non, cursus non, egestas a, dui. Cras pellentesque. Sed dictum. Proin eget odio. Aliquam vulputate ullamcorper magna. Sed eu eros. Nam consequat dolor vitae dolor. Donec fringilla. Donec feugiat metus sit amet ante. Vivamus non lorem vitae odio sagittis semper. Nam tempor diam dictum sapien. Aenean massa. Integer vitae nibh. Donec est mauris, rhoncus	f	2023-06-05 18:58:45
117	semper pretium neque._117	tellus justo sit amet nulla. Donec non justo. Proin non massa non ante bibendum ullamcorper. Duis cursus, diam at pretium aliquet, metus urna convallis erat, eget tincidunt dui augue eu tellus. Phasellus elit pede, malesuada vel, venenatis vel, faucibus id, libero. Donec consectetuer mauris id sapien. Cras dolor dolor, tempus non, lacinia at, iaculis quis, pede. Praesent eu dui. Cum sociis natoque penatibus et magnis dis parturient montes, nascetur ridiculus mus. Aenean eget	t	2023-06-27 00:24:07
118	Integer mollis._118	purus, accumsan interdum libero dui	f	2022-11-16 02:59:59
119	Duis risus_119	enim mi tempor lorem, eget mollis lectus pede et risus. Quisque	t	2022-04-15 16:42:32
120	dui, in_120	et, commodo at, libero. Morbi accumsan laoreet ipsum. Curabitur consequat, lectus sit amet luctus vulputate, nisi sem semper erat, in consectetuer ipsum nunc id enim. Curabitur massa. Vestibulum accumsan neque et nunc. Quisque ornare tortor at risus. Nunc ac sem ut dolor dapibus gravida. Aliquam tincidunt, nunc ac mattis ornare, lectus ante dictum mi, ac mattis velit justo nec ante. Maecenas mi felis, adipiscing fringilla, porttitor vulputate, posuere	f	2023-02-26 18:53:15
121	eu, euismod ac,_121	amet, risus. Donec nibh enim, gravida sit amet, dapibus id, blandit at, nisi. Cum sociis natoque penatibus et magnis dis parturient montes, nascetur ridiculus mus. Proin vel nisl. Quisque fringilla euismod enim. Etiam gravida molestie arcu. Sed eu nibh vulputate mauris sagittis placerat. Cras dictum ultricies ligula. Nullam enim. Sed nulla ante,	f	2023-02-09 17:26:09
122	at arcu. Vestibulum_122	eu tellus eu augue porttitor interdum. Sed auctor odio a purus. Duis elementum, dui quis accumsan convallis, ante lectus convallis est, vitae sodales nisi magna sed dui. Fusce aliquam, enim nec tempus scelerisque, lorem ipsum sodales	f	2022-09-23 19:27:36
123	cursus. Nunc mauris elit,_123	posuere vulputate, lacus. Cras interdum. Nunc sollicitudin commodo ipsum. Suspendisse non leo. Vivamus nibh dolor, nonummy ac, feugiat non, lobortis quis, pede. Suspendisse dui. Fusce diam nunc, ullamcorper eu, euismod ac, fermentum vel, mauris. Integer sem elit, pharetra ut, pharetra sed, hendrerit a, arcu. Sed et libero. Proin mi. Aliquam gravida mauris ut mi. Duis risus odio, auctor vitae, aliquet nec, imperdiet nec, leo. Morbi neque tellus, imperdiet non, vestibulum nec, euismod in, dolor. Fusce feugiat. Lorem ipsum dolor sit amet, consectetuer adipiscing elit.	t	2023-05-03 17:37:51
124	ligula. Nullam_124	sem ut cursus luctus, ipsum leo elementum sem, vitae aliquam eros turpis non enim. Mauris quis turpis vitae purus gravida sagittis. Duis gravida. Praesent eu nulla at sem molestie sodales. Mauris blandit enim consequat purus. Maecenas libero est, congue a, aliquet vel, vulputate eu, odio. Phasellus at augue id ante dictum cursus. Nunc mauris elit, dictum eu, eleifend nec, malesuada ut, sem. Nulla interdum. Curabitur dictum. Phasellus in felis. Nulla tempor augue ac ipsum. Phasellus vitae mauris	f	2022-08-07 09:16:50
126	nascetur ridiculus mus. Proin_126	sollicitudin orci sem eget massa. Suspendisse eleifend. Cras sed leo. Cras vehicula aliquet libero. Integer in magna. Phasellus dolor elit, pellentesque a, facilisis non, bibendum sed, est. Nunc laoreet lectus quis massa. Mauris vestibulum,	t	2022-02-18 21:27:29
128	aliquam eu, accumsan sed,_128	non justo. Proin non massa non ante bibendum ullamcorper. Duis cursus, diam at pretium aliquet, metus urna convallis erat, eget tincidunt dui augue eu tellus. Phasellus elit pede, malesuada vel, venenatis vel, faucibus id, libero. Donec consectetuer mauris id sapien. Cras dolor dolor, tempus non, lacinia at, iaculis quis, pede. Praesent eu dui. Cum sociis natoque penatibus et magnis dis parturient montes, nascetur ridiculus mus. Aenean eget magna. Suspendisse tristique neque venenatis lacus. Etiam bibendum fermentum metus. Aenean sed pede nec ante blandit viverra. Donec tempus, lorem fringilla ornare placerat, orci lacus vestibulum lorem, sit amet ultricies	t	2022-03-30 14:30:57
129	vitae, posuere_129	a odio semper cursus. Integer mollis. Integer tincidunt aliquam arcu. Aliquam ultrices iaculis odio. Nam interdum enim non nisi. Aenean eget metus. In nec	f	2022-06-02 11:44:10
130	dictum cursus. Nunc_130	ligula. Aenean gravida	t	2023-01-14 03:27:24
132	aliquet, sem_132	pretium et, rutrum non, hendrerit id, ante. Nunc mauris sapien, cursus in, hendrerit consectetuer, cursus et, magna. Praesent interdum ligula eu enim. Etiam imperdiet dictum magna. Ut tincidunt orci quis lectus. Nullam suscipit, est ac facilisis facilisis, magna tellus faucibus leo, in lobortis tellus justo sit amet nulla. Donec non justo. Proin non massa non ante bibendum ullamcorper. Duis cursus, diam at pretium aliquet, metus urna convallis erat, eget tincidunt dui augue eu tellus. Phasellus elit pede, malesuada vel, venenatis vel, faucibus	f	2021-12-24 03:34:36
133	ut aliquam iaculis, lacus_133	mollis. Integer tincidunt aliquam arcu. Aliquam ultrices iaculis odio. Nam interdum enim non nisi. Aenean eget metus. In nec orci. Donec nibh. Quisque nonummy ipsum non arcu. Vivamus sit amet risus. Donec egestas. Aliquam nec enim. Nunc ut erat. Sed nunc est, mollis non, cursus non, egestas a, dui. Cras pellentesque. Sed dictum. Proin eget odio. Aliquam vulputate ullamcorper magna. Sed eu	t	2022-10-08 11:53:50
134	risus varius orci, in_134	ornare, elit elit fermentum risus, at fringilla purus mauris a nunc. In at pede. Cras vulputate velit eu sem. Pellentesque ut ipsum ac mi eleifend egestas. Sed pharetra, felis eget varius ultrices, mauris ipsum porta elit, a feugiat tellus lorem eu metus. In lorem. Donec elementum, lorem ut aliquam iaculis, lacus pede sagittis augue, eu tempor erat neque non	f	2023-01-09 04:48:25
135	fermentum convallis ligula._135	nec metus facilisis lorem tristique aliquet. Phasellus fermentum convallis ligula. Donec luctus aliquet odio. Etiam ligula tortor, dictum eu, placerat eget, venenatis a, magna. Lorem ipsum dolor sit amet, consectetuer adipiscing elit. Etiam laoreet, libero et tristique pellentesque, tellus sem mollis dui, in sodales	t	2022-03-26 01:32:10
136	mattis velit justo_136	Aliquam rutrum lorem ac risus. Morbi metus. Vivamus euismod urna. Nullam lobortis quam a felis ullamcorper viverra. Maecenas iaculis aliquet diam. Sed diam lorem, auctor quis, tristique ac, eleifend vitae, erat. Vivamus	f	2023-06-22 02:14:25
137	sodales nisi_137	ultricies dignissim lacus. Aliquam rutrum lorem ac risus. Morbi metus. Vivamus euismod urna. Nullam lobortis quam a felis ullamcorper viverra. Maecenas iaculis aliquet diam. Sed diam lorem, auctor quis, tristique ac, eleifend vitae, erat. Vivamus nisi. Mauris nulla. Integer urna. Vivamus molestie dapibus ligula. Aliquam erat volutpat. Nulla dignissim. Maecenas ornare egestas ligula. Nullam feugiat placerat velit. Quisque varius. Nam porttitor scelerisque neque. Nullam nisl. Maecenas malesuada fringilla est. Mauris eu turpis. Nulla aliquet. Proin velit. Sed malesuada augue ut lacus. Nulla tincidunt,	t	2023-01-24 10:37:05
138	posuere vulputate, lacus. Cras interdum._138	Quisque libero lacus, varius et, euismod et, commodo at, libero. Morbi accumsan laoreet ipsum. Curabitur consequat, lectus sit amet luctus vulputate, nisi sem semper erat, in consectetuer ipsum nunc id enim. Curabitur massa. Vestibulum accumsan neque et nunc. Quisque ornare tortor at risus. Nunc ac sem ut dolor dapibus gravida. Aliquam tincidunt, nunc ac mattis ornare, lectus ante dictum mi, ac mattis velit justo nec ante. Maecenas mi felis, adipiscing fringilla, porttitor vulputate, posuere vulputate, lacus. Cras interdum. Nunc sollicitudin commodo ipsum.	f	2023-01-21 02:07:16
139	lectus convallis_139	Duis volutpat nunc sit amet metus. Aliquam erat volutpat. Nulla facilisis. Suspendisse commodo tincidunt nibh. Phasellus nulla. Integer vulputate, risus a ultricies adipiscing, enim mi tempor lorem, eget mollis lectus pede et risus. Quisque libero lacus, varius et, euismod et, commodo at, libero. Morbi accumsan laoreet ipsum. Curabitur consequat, lectus sit amet luctus vulputate, nisi sem semper erat, in consectetuer ipsum nunc id enim. Curabitur massa. Vestibulum accumsan neque et nunc. Quisque ornare tortor at risus. Nunc ac sem	f	2021-09-01 21:31:15
140	enim. Nunc_140	dui. Fusce diam nunc, ullamcorper eu, euismod ac,	t	2021-12-03 03:24:54
141	sem eget_141	ultricies sem magna nec quam. Curabitur vel lectus. Cum sociis natoque penatibus et magnis dis parturient montes, nascetur ridiculus mus. Donec dignissim magna a tortor. Nunc commodo auctor velit. Aliquam nisl. Nulla eu neque pellentesque massa lobortis ultrices. Vivamus rhoncus. Donec est. Nunc ullamcorper, velit in aliquet lobortis, nisi nibh lacinia orci, consectetuer euismod est arcu ac orci. Ut semper pretium neque. Morbi quis urna. Nunc	t	2022-12-14 11:32:09
142	sem ut_142	semper erat, in consectetuer ipsum nunc id enim. Curabitur massa. Vestibulum accumsan neque et nunc. Quisque ornare tortor at risus. Nunc ac sem ut dolor dapibus gravida. Aliquam tincidunt, nunc ac mattis ornare, lectus ante dictum mi, ac mattis velit justo nec ante. Maecenas mi felis, adipiscing fringilla, porttitor vulputate, posuere vulputate,	f	2022-10-18 07:51:25
143	sagittis augue, eu tempor_143	ac mi eleifend egestas. Sed pharetra, felis eget varius ultrices, mauris ipsum porta elit, a feugiat tellus lorem eu metus. In lorem. Donec elementum, lorem ut aliquam iaculis, lacus pede sagittis augue, eu	t	2022-10-06 04:11:49
144	per inceptos hymenaeos. Mauris_144	libero et tristique pellentesque, tellus sem mollis dui, in sodales elit erat vitae risus. Duis a mi fringilla mi lacinia mattis. Integer eu lacus. Quisque imperdiet, erat nonummy ultricies ornare,	t	2022-06-05 10:30:59
145	ipsum non_145	sem, consequat nec, mollis vitae, posuere at, velit. Cras lorem lorem, luctus ut, pellentesque eget, dictum placerat, augue. Sed molestie. Sed id risus quis diam luctus lobortis. Class aptent taciti sociosqu ad litora torquent per conubia nostra, per inceptos hymenaeos. Mauris ut quam vel sapien imperdiet ornare. In faucibus. Morbi vehicula. Pellentesque tincidunt tempus risus. Donec egestas. Duis	t	2023-04-18 09:22:44
146	aliquet magna a neque. Nullam_146	non enim commodo hendrerit. Donec porttitor tellus non magna. Nam ligula elit,	t	2022-08-31 06:42:58
147	Donec feugiat_147	cursus. Nunc mauris elit, dictum eu, eleifend nec, malesuada ut, sem. Nulla interdum. Curabitur dictum. Phasellus in felis. Nulla tempor augue ac ipsum. Phasellus vitae mauris sit amet lorem semper auctor. Mauris vel turpis. Aliquam adipiscing lobortis risus. In mi pede, nonummy ut, molestie in, tempus eu, ligula. Aenean euismod mauris eu elit. Nulla facilisi. Sed neque. Sed eget lacus. Mauris non dui nec urna suscipit nonummy. Fusce fermentum fermentum arcu. Vestibulum ante ipsum primis in faucibus orci luctus et ultrices posuere cubilia Curae Phasellus ornare. Fusce mollis. Duis sit amet diam eu dolor egestas	f	2022-05-15 00:30:19
148	egestas rhoncus. Proin nisl_148	diam. Proin dolor. Nulla semper tellus id nunc interdum feugiat. Sed nec metus facilisis lorem tristique aliquet. Phasellus	t	2023-07-24 23:23:45
149	magna_149	mi tempor lorem, eget mollis lectus pede et risus. Quisque libero lacus, varius et, euismod et, commodo at, libero. Morbi accumsan laoreet ipsum. Curabitur consequat, lectus sit amet luctus vulputate, nisi sem semper erat, in consectetuer ipsum nunc id enim. Curabitur massa. Vestibulum accumsan neque et nunc. Quisque ornare tortor at risus. Nunc ac sem ut dolor dapibus gravida. Aliquam tincidunt,	t	2022-12-08 03:39:13
206	eros. Nam consequat dolor_206	montes, nascetur ridiculus mus. Donec dignissim magna a tortor. Nunc commodo auctor velit. Aliquam nisl. Nulla eu neque pellentesque massa lobortis ultrices. Vivamus rhoncus. Donec est. Nunc ullamcorper, velit in aliquet lobortis,	t	2023-01-08 20:31:50
150	Quisque nonummy ipsum_150	tellus lorem eu metus. In lorem. Donec elementum, lorem ut aliquam iaculis, lacus pede sagittis augue, eu tempor erat neque non quam. Pellentesque habitant morbi tristique senectus et netus et malesuada fames ac turpis egestas. Aliquam fringilla cursus purus. Nullam scelerisque neque sed sem egestas blandit. Nam nulla magna, malesuada vel, convallis in, cursus et, eros. Proin ultrices. Duis volutpat nunc sit amet metus. Aliquam erat volutpat. Nulla facilisis. Suspendisse commodo tincidunt nibh. Phasellus nulla. Integer vulputate, risus a ultricies adipiscing, enim mi tempor lorem, eget	f	2022-12-23 06:34:12
151	arcu. Vivamus_151	neque. Morbi quis urna. Nunc quis arcu vel quam dignissim pharetra. Nam ac nulla. In tincidunt congue turpis. In condimentum. Donec at arcu. Vestibulum ante ipsum primis in faucibus orci luctus et ultrices posuere cubilia Curae Donec tincidunt. Donec vitae erat vel pede blandit congue. In scelerisque scelerisque dui. Suspendisse ac metus vitae velit egestas lacinia. Sed	t	2021-12-15 23:02:33
152	semper, dui_152	Aliquam ornare, libero at auctor ullamcorper, nisl arcu iaculis enim, sit	f	2022-11-21 06:30:10
153	vel turpis._153	Donec est mauris, rhoncus id, mollis nec, cursus a, enim. Suspendisse aliquet, sem ut cursus luctus, ipsum leo elementum sem, vitae aliquam eros turpis non enim. Mauris quis turpis vitae purus gravida sagittis. Duis gravida. Praesent eu nulla at sem molestie sodales. Mauris blandit	t	2023-04-30 07:24:29
154	rhoncus. Nullam_154	urna. Nullam lobortis quam a felis ullamcorper viverra. Maecenas iaculis aliquet diam. Sed diam lorem, auctor quis, tristique ac, eleifend vitae, erat. Vivamus nisi. Mauris nulla. Integer urna. Vivamus molestie dapibus ligula. Aliquam erat	f	2022-02-11 20:39:43
155	Vestibulum ante ipsum primis_155	quis diam luctus	f	2023-03-19 02:42:01
156	lacus pede sagittis_156	orci. Ut semper pretium neque. Morbi quis urna. Nunc quis arcu vel quam dignissim pharetra. Nam ac nulla. In tincidunt congue turpis. In condimentum. Donec at arcu. Vestibulum ante ipsum primis in faucibus orci luctus et ultrices posuere cubilia Curae Donec tincidunt. Donec vitae erat vel	t	2023-07-23 22:22:52
157	purus gravida sagittis._157	Sed id risus quis diam luctus lobortis. Class aptent taciti sociosqu ad litora torquent per conubia nostra,	f	2021-11-03 04:56:37
158	natoque_158	risus. Quisque libero lacus, varius et, euismod et, commodo at, libero. Morbi accumsan laoreet ipsum. Curabitur consequat, lectus sit amet luctus vulputate, nisi sem semper erat, in consectetuer ipsum nunc id enim. Curabitur massa. Vestibulum accumsan neque et nunc. Quisque ornare tortor at risus. Nunc ac sem ut dolor dapibus gravida. Aliquam tincidunt, nunc ac mattis ornare, lectus ante dictum mi, ac mattis velit justo nec ante. Maecenas mi felis, adipiscing fringilla, porttitor vulputate, posuere vulputate, lacus. Cras interdum. Nunc sollicitudin commodo ipsum. Suspendisse non leo. Vivamus nibh dolor, nonummy ac, feugiat non, lobortis quis, pede. Suspendisse dui. Fusce diam	t	2023-04-03 07:11:44
159	euismod urna. Nullam lobortis quam_159	faucibus id, libero. Donec consectetuer mauris id sapien. Cras dolor dolor, tempus non, lacinia at, iaculis quis, pede. Praesent eu dui. Cum sociis natoque penatibus et magnis	t	2023-08-24 14:45:45
160	mattis velit justo_160	magna. Praesent interdum ligula eu enim. Etiam imperdiet dictum magna. Ut tincidunt orci quis lectus. Nullam suscipit, est ac facilisis facilisis, magna tellus faucibus leo, in lobortis tellus justo sit amet nulla. Donec non justo. Proin non massa non ante bibendum ullamcorper. Duis cursus, diam at pretium aliquet,	t	2022-06-08 16:48:18
161	eu dui. Cum_161	Praesent luctus. Curabitur egestas nunc sed libero. Proin sed turpis nec mauris blandit mattis. Cras eget nisi dictum augue malesuada malesuada. Integer id magna et ipsum cursus vestibulum. Mauris magna. Duis dignissim tempor arcu. Vestibulum ut eros non enim	f	2022-08-06 09:08:03
162	neque pellentesque massa_162	nascetur ridiculus mus. Proin vel nisl. Quisque fringilla euismod enim. Etiam gravida molestie arcu. Sed eu nibh vulputate mauris sagittis placerat. Cras dictum ultricies ligula. Nullam enim.	t	2023-01-16 06:45:35
163	a, magna. Lorem_163	velit eu sem. Pellentesque ut ipsum	f	2023-02-25 03:06:32
164	lectus convallis est, vitae_164	blandit enim consequat purus. Maecenas libero est, congue a, aliquet vel, vulputate eu, odio. Phasellus at augue id ante dictum cursus. Nunc mauris elit, dictum eu, eleifend nec, malesuada ut, sem. Nulla interdum. Curabitur dictum. Phasellus in felis. Nulla tempor augue ac ipsum. Phasellus vitae mauris sit amet lorem semper auctor. Mauris vel turpis. Aliquam adipiscing lobortis risus. In mi pede, nonummy ut, molestie in, tempus	f	2022-05-27 18:18:31
165	elementum,_165	leo. Vivamus nibh dolor, nonummy ac, feugiat non, lobortis quis, pede. Suspendisse dui. Fusce diam	f	2023-07-26 12:22:16
166	adipiscing non,_166	sapien. Cras dolor dolor, tempus non, lacinia at, iaculis quis, pede. Praesent eu dui. Cum sociis natoque penatibus et magnis dis parturient montes, nascetur ridiculus mus. Aenean eget magna. Suspendisse tristique neque venenatis lacus. Etiam bibendum fermentum metus. Aenean sed pede nec ante blandit viverra. Donec tempus, lorem fringilla ornare placerat, orci lacus vestibulum lorem, sit amet ultricies sem magna nec quam. Curabitur vel lectus. Cum sociis natoque penatibus et magnis dis parturient montes, nascetur ridiculus mus. Donec dignissim magna a tortor. Nunc commodo auctor velit. Aliquam nisl. Nulla eu neque pellentesque massa lobortis	t	2022-02-25 02:19:18
167	ac, feugiat non, lobortis_167	vulputate, risus a ultricies adipiscing, enim mi tempor lorem, eget mollis lectus pede et risus. Quisque libero lacus, varius et, euismod et, commodo at, libero. Morbi accumsan laoreet ipsum. Curabitur consequat, lectus sit amet luctus vulputate, nisi sem semper erat, in consectetuer ipsum nunc id enim. Curabitur massa. Vestibulum accumsan neque et nunc. Quisque ornare tortor at risus. Nunc ac sem	f	2022-07-25 12:29:09
238	id magna et ipsum cursus_238	amet, faucibus ut, nulla. Cras eu tellus eu augue porttitor interdum. Sed auctor odio a purus. Duis elementum, dui quis accumsan convallis, ante lectus convallis est, vitae sodales nisi magna sed dui. Fusce aliquam, enim nec tempus scelerisque, lorem ipsum sodales purus, in molestie tortor nibh	t	2023-07-26 08:07:51
168	Praesent eu dui._168	tincidunt. Donec vitae erat vel pede blandit congue. In scelerisque scelerisque dui. Suspendisse ac metus vitae velit egestas lacinia. Sed congue, elit sed consequat auctor, nunc nulla vulputate dui, nec tempus mauris erat eget ipsum. Suspendisse sagittis. Nullam vitae diam. Proin dolor. Nulla semper tellus id nunc interdum feugiat. Sed nec	f	2022-09-23 06:57:38
169	urna. Vivamus molestie dapibus ligula._169	Mauris vestibulum, neque sed dictum eleifend, nunc risus varius orci, in consequat enim diam vel arcu. Curabitur ut odio vel est tempor bibendum. Donec felis orci, adipiscing non, luctus sit amet, faucibus ut, nulla. Cras eu tellus eu augue porttitor interdum. Sed auctor odio a purus. Duis elementum, dui quis accumsan convallis, ante lectus convallis est, vitae sodales nisi magna sed dui. Fusce aliquam, enim nec tempus scelerisque, lorem ipsum sodales purus, in molestie tortor nibh sit amet orci.	f	2022-04-02 23:35:02
170	libero lacus, varius et, euismod_170	auctor odio a purus. Duis elementum, dui quis accumsan convallis, ante lectus convallis est, vitae sodales nisi magna sed dui. Fusce aliquam, enim nec tempus scelerisque, lorem ipsum sodales purus, in molestie tortor nibh sit amet orci. Ut sagittis lobortis mauris. Suspendisse aliquet molestie tellus. Aenean egestas hendrerit neque. In ornare sagittis felis. Donec tempor, est ac mattis semper, dui lectus rutrum urna, nec luctus felis purus ac tellus. Suspendisse sed dolor. Fusce mi lorem, vehicula	f	2022-09-18 06:27:54
171	vel est tempor bibendum._171	a tortor. Nunc commodo auctor velit. Aliquam nisl. Nulla eu neque pellentesque massa lobortis ultrices. Vivamus rhoncus. Donec est. Nunc ullamcorper, velit in aliquet lobortis, nisi nibh lacinia orci, consectetuer euismod est arcu ac orci. Ut semper pretium	f	2022-04-27 10:01:51
172	a sollicitudin orci_172	adipiscing elit. Curabitur sed tortor. Integer aliquam adipiscing lacus. Ut nec urna et arcu imperdiet ullamcorper. Duis at lacus. Quisque purus sapien, gravida non, sollicitudin a, malesuada id, erat. Etiam vestibulum massa rutrum magna. Cras convallis convallis dolor. Quisque tincidunt pede ac urna. Ut tincidunt vehicula risus. Nulla eget metus eu erat semper rutrum. Fusce dolor quam,	t	2022-01-01 22:08:53
173	Aliquam_173	Vivamus euismod urna. Nullam lobortis quam a felis ullamcorper viverra. Maecenas iaculis aliquet diam. Sed diam lorem, auctor quis, tristique ac, eleifend vitae, erat. Vivamus nisi. Mauris nulla. Integer urna. Vivamus molestie dapibus ligula. Aliquam erat volutpat. Nulla dignissim. Maecenas ornare egestas ligula. Nullam feugiat placerat velit. Quisque varius. Nam porttitor scelerisque neque. Nullam nisl. Maecenas malesuada fringilla est. Mauris eu turpis. Nulla aliquet. Proin velit. Sed malesuada augue ut lacus. Nulla tincidunt, neque vitae	t	2022-02-09 11:54:57
174	lorem ut_174	mauris. Suspendisse aliquet molestie tellus. Aenean egestas hendrerit neque. In ornare sagittis felis. Donec tempor, est ac mattis semper, dui lectus rutrum urna, nec luctus felis purus ac tellus. Suspendisse sed dolor. Fusce mi lorem, vehicula et, rutrum eu, ultrices sit amet, risus. Donec nibh enim, gravida sit amet, dapibus id, blandit at, nisi. Cum sociis natoque penatibus	f	2021-10-23 00:28:09
175	Integer urna. Vivamus molestie_175	commodo tincidunt nibh. Phasellus	f	2023-07-19 04:03:13
177	Fusce mi lorem, vehicula_177	odio. Etiam ligula tortor, dictum eu, placerat eget, venenatis a, magna. Lorem ipsum dolor sit amet, consectetuer adipiscing elit. Etiam laoreet, libero et tristique pellentesque, tellus sem mollis dui, in sodales elit erat vitae risus. Duis a mi fringilla mi lacinia mattis. Integer eu lacus. Quisque imperdiet, erat nonummy ultricies ornare, elit elit fermentum risus, at fringilla	t	2022-09-15 12:48:23
178	odio. Aliquam vulputate ullamcorper_178	ut quam vel sapien imperdiet ornare. In faucibus. Morbi vehicula. Pellentesque tincidunt tempus risus. Donec egestas. Duis ac arcu. Nunc mauris. Morbi non sapien molestie orci tincidunt adipiscing. Mauris molestie pharetra nibh. Aliquam ornare, libero at auctor ullamcorper, nisl arcu iaculis enim, sit amet ornare lectus justo eu	f	2022-11-20 13:57:32
179	et libero. Proin mi. Aliquam_179	a, scelerisque sed, sapien. Nunc pulvinar arcu et pede. Nunc sed orci lobortis augue scelerisque mollis. Phasellus libero mauris, aliquam eu, accumsan sed, facilisis vitae, orci. Phasellus dapibus quam quis diam. Pellentesque habitant morbi tristique senectus et netus et malesuada fames ac turpis egestas. Fusce aliquet magna a neque. Nullam ut nisi a odio semper cursus. Integer mollis. Integer tincidunt aliquam arcu. Aliquam ultrices iaculis odio. Nam interdum enim non nisi. Aenean eget metus. In nec orci. Donec nibh. Quisque nonummy ipsum non arcu. Vivamus	f	2023-01-28 15:51:57
180	cursus_180	non justo. Proin non massa non ante bibendum ullamcorper. Duis cursus, diam at pretium aliquet, metus urna convallis erat, eget tincidunt dui augue eu tellus. Phasellus elit pede, malesuada vel, venenatis vel, faucibus id, libero. Donec consectetuer	t	2022-09-16 08:25:33
181	commodo auctor velit._181	ac sem ut dolor dapibus gravida. Aliquam tincidunt, nunc ac mattis ornare, lectus ante dictum mi, ac mattis velit justo nec ante. Maecenas mi felis, adipiscing fringilla, porttitor vulputate, posuere vulputate, lacus. Cras interdum. Nunc sollicitudin commodo ipsum. Suspendisse non leo. Vivamus nibh dolor, nonummy ac, feugiat non, lobortis quis,	t	2023-06-15 22:47:56
182	nibh. Phasellus nulla._182	nunc sit amet metus. Aliquam erat volutpat. Nulla facilisis. Suspendisse commodo tincidunt nibh. Phasellus nulla. Integer vulputate, risus a ultricies adipiscing, enim mi tempor lorem, eget mollis lectus pede et risus. Quisque libero lacus, varius et, euismod et, commodo at, libero. Morbi accumsan laoreet ipsum. Curabitur consequat, lectus sit amet luctus vulputate, nisi sem semper erat, in consectetuer ipsum nunc id enim. Curabitur massa. Vestibulum accumsan neque et nunc. Quisque ornare tortor at risus. Nunc ac sem ut dolor dapibus gravida. Aliquam tincidunt, nunc ac mattis ornare, lectus ante dictum mi,	f	2022-01-15 04:00:47
183	Donec consectetuer mauris id_183	tristique pellentesque, tellus sem mollis dui, in sodales elit erat vitae risus. Duis a mi fringilla mi lacinia mattis. Integer eu lacus. Quisque imperdiet, erat nonummy ultricies ornare, elit elit fermentum risus, at fringilla purus mauris a nunc. In at pede. Cras vulputate velit eu sem. Pellentesque ut ipsum ac mi eleifend egestas. Sed pharetra, felis eget varius ultrices, mauris ipsum porta elit, a feugiat tellus lorem eu metus. In lorem.	f	2023-06-03 19:40:15
184	Nunc ut erat. Sed_184	amet, risus. Donec nibh enim, gravida sit amet, dapibus id, blandit at, nisi. Cum sociis natoque penatibus et magnis dis parturient montes, nascetur ridiculus mus. Proin vel nisl. Quisque fringilla euismod enim. Etiam gravida molestie arcu. Sed eu nibh vulputate mauris sagittis placerat. Cras dictum ultricies ligula. Nullam enim. Sed nulla ante, iaculis nec, eleifend non, dapibus rutrum, justo. Praesent luctus. Curabitur egestas nunc sed libero. Proin sed turpis nec mauris	t	2022-08-06 16:05:34
185	nec, cursus a,_185	mattis. Cras eget nisi dictum augue malesuada malesuada. Integer id magna et ipsum cursus vestibulum. Mauris magna. Duis dignissim tempor arcu. Vestibulum ut eros non enim commodo hendrerit. Donec porttitor tellus non magna. Nam ligula elit, pretium et, rutrum non, hendrerit id, ante. Nunc mauris sapien, cursus in, hendrerit consectetuer, cursus et, magna. Praesent interdum	t	2022-05-16 13:26:41
186	egestas lacinia. Sed_186	luctus vulputate, nisi sem semper erat, in consectetuer ipsum nunc id enim. Curabitur massa. Vestibulum accumsan neque et nunc. Quisque ornare tortor at risus. Nunc ac sem ut dolor dapibus gravida. Aliquam tincidunt, nunc ac mattis ornare, lectus ante dictum mi, ac mattis velit justo nec ante. Maecenas mi felis, adipiscing fringilla, porttitor vulputate, posuere vulputate, lacus. Cras interdum. Nunc sollicitudin commodo ipsum. Suspendisse non leo. Vivamus nibh dolor, nonummy ac, feugiat non, lobortis quis, pede. Suspendisse dui. Fusce diam nunc, ullamcorper eu,	f	2022-02-10 00:55:30
264	pede. Praesent eu dui._264	eu sem. Pellentesque ut ipsum ac mi eleifend egestas. Sed pharetra, felis eget varius ultrices, mauris ipsum porta elit, a feugiat tellus lorem eu metus. In lorem. Donec elementum, lorem ut aliquam iaculis, lacus pede sagittis augue, eu tempor erat neque	f	2023-01-08 02:18:25
187	sed dui. Fusce aliquam, enim_187	metus. In lorem. Donec elementum, lorem ut aliquam iaculis, lacus pede sagittis augue, eu tempor erat neque non quam. Pellentesque habitant morbi tristique senectus et netus et malesuada fames ac turpis egestas. Aliquam fringilla cursus purus. Nullam scelerisque neque sed sem egestas blandit. Nam nulla magna, malesuada vel, convallis in, cursus et, eros. Proin ultrices. Duis volutpat nunc sit amet metus. Aliquam erat volutpat. Nulla facilisis. Suspendisse commodo tincidunt nibh. Phasellus nulla. Integer	t	2022-07-25 23:07:32
188	Duis dignissim tempor arcu._188	nunc ac mattis ornare, lectus ante dictum mi, ac mattis velit justo nec ante. Maecenas mi felis, adipiscing fringilla, porttitor vulputate, posuere vulputate, lacus. Cras interdum. Nunc sollicitudin commodo ipsum. Suspendisse non leo. Vivamus nibh dolor, nonummy ac, feugiat non, lobortis quis, pede. Suspendisse dui. Fusce diam nunc, ullamcorper eu, euismod ac, fermentum vel, mauris. Integer sem elit, pharetra	t	2022-12-13 14:48:59
189	et,_189	consequat auctor, nunc nulla vulputate dui, nec tempus mauris erat eget ipsum. Suspendisse sagittis. Nullam vitae diam. Proin dolor. Nulla semper tellus id nunc interdum feugiat. Sed nec metus facilisis lorem tristique aliquet. Phasellus fermentum convallis ligula. Donec luctus aliquet odio.	t	2023-06-16 17:19:07
191	sem ut dolor dapibus gravida._191	Nam ligula elit, pretium et, rutrum non, hendrerit id, ante. Nunc mauris sapien, cursus in, hendrerit consectetuer, cursus et, magna. Praesent interdum ligula eu enim. Etiam imperdiet dictum magna. Ut tincidunt orci quis lectus. Nullam suscipit, est ac facilisis facilisis, magna tellus faucibus leo, in lobortis tellus justo sit amet nulla.	t	2022-09-30 20:15:48
193	rutrum magna._193	nibh enim, gravida sit amet, dapibus id, blandit at, nisi. Cum sociis natoque penatibus et magnis dis parturient montes, nascetur ridiculus mus. Proin vel nisl. Quisque fringilla euismod enim. Etiam gravida molestie arcu. Sed eu nibh vulputate mauris sagittis placerat. Cras dictum ultricies ligula. Nullam enim. Sed nulla ante, iaculis nec, eleifend non, dapibus rutrum, justo. Praesent luctus. Curabitur egestas nunc sed libero. Proin sed turpis nec	t	2023-07-24 07:27:01
194	leo. Morbi neque tellus,_194	pede ac urna. Ut tincidunt vehicula risus. Nulla eget metus eu erat semper rutrum. Fusce dolor quam, elementum at, egestas a, scelerisque sed, sapien. Nunc pulvinar arcu et pede. Nunc sed orci lobortis augue scelerisque mollis. Phasellus libero mauris, aliquam eu, accumsan sed, facilisis vitae, orci. Phasellus dapibus quam quis diam. Pellentesque habitant morbi tristique senectus et netus et malesuada fames ac turpis egestas. Fusce aliquet magna a neque. Nullam ut nisi a odio semper cursus. Integer mollis. Integer tincidunt aliquam arcu. Aliquam ultrices iaculis odio. Nam interdum enim non nisi. Aenean eget metus. In nec orci. Donec	t	2023-02-18 23:19:06
195	fermentum vel, mauris._195	justo sit amet nulla. Donec non justo. Proin non massa non ante bibendum ullamcorper. Duis cursus, diam at pretium aliquet, metus urna	t	2023-03-20 01:35:07
196	taciti sociosqu ad litora_196	massa. Vestibulum accumsan neque et nunc. Quisque ornare tortor at risus. Nunc ac sem ut dolor dapibus gravida. Aliquam tincidunt, nunc ac mattis ornare, lectus ante dictum mi, ac mattis velit justo nec ante. Maecenas mi felis, adipiscing	f	2022-11-11 02:51:54
197	ac nulla. In tincidunt_197	non, feugiat nec, diam. Duis mi enim, condimentum eget, volutpat ornare, facilisis eget, ipsum. Donec sollicitudin adipiscing ligula. Aenean gravida nunc sed pede. Cum sociis natoque penatibus et	f	2022-12-01 18:08:14
198	ipsum ac mi_198	Nulla tempor augue ac ipsum. Phasellus vitae mauris sit amet lorem semper auctor. Mauris vel turpis. Aliquam adipiscing lobortis risus. In mi pede, nonummy ut, molestie in, tempus eu, ligula. Aenean euismod mauris eu elit. Nulla facilisi. Sed neque. Sed eget lacus. Mauris non dui nec urna suscipit nonummy. Fusce fermentum fermentum arcu. Vestibulum	t	2022-03-26 12:25:33
199	fermentum convallis ligula. Donec luctus_199	Mauris magna. Duis dignissim tempor arcu. Vestibulum ut eros non enim commodo hendrerit. Donec porttitor tellus non magna. Nam ligula elit, pretium et, rutrum non, hendrerit id, ante. Nunc mauris sapien, cursus in, hendrerit consectetuer, cursus et, magna. Praesent interdum ligula eu enim. Etiam imperdiet dictum magna. Ut tincidunt orci quis lectus. Nullam suscipit, est ac facilisis facilisis, magna tellus faucibus leo, in lobortis tellus justo sit amet nulla. Donec non justo. Proin non massa non ante bibendum ullamcorper. Duis cursus, diam	t	2022-12-20 18:36:38
200	sem semper erat, in_200	dignissim lacus. Aliquam rutrum lorem ac risus. Morbi metus. Vivamus euismod urna. Nullam lobortis quam a felis ullamcorper viverra. Maecenas iaculis aliquet diam. Sed diam lorem, auctor quis, tristique ac, eleifend vitae, erat. Vivamus nisi. Mauris nulla. Integer urna. Vivamus molestie dapibus ligula. Aliquam erat volutpat. Nulla dignissim. Maecenas ornare egestas ligula. Nullam feugiat placerat velit. Quisque varius. Nam porttitor scelerisque neque. Nullam nisl. Maecenas malesuada fringilla est. Mauris eu turpis. Nulla	t	2022-09-26 03:17:19
201	consequat dolor vitae dolor._201	Proin eget odio. Aliquam vulputate ullamcorper magna. Sed eu eros. Nam consequat dolor vitae dolor. Donec fringilla. Donec feugiat metus sit amet ante. Vivamus non lorem vitae odio sagittis semper. Nam tempor diam dictum sapien. Aenean massa. Integer vitae nibh. Donec est mauris, rhoncus id, mollis nec, cursus a, enim. Suspendisse aliquet, sem ut cursus luctus, ipsum leo elementum sem, vitae aliquam eros turpis non enim. Mauris quis turpis vitae purus gravida	t	2022-05-04 18:33:02
202	id magna_202	id, libero. Donec consectetuer mauris id sapien. Cras dolor dolor, tempus non, lacinia at, iaculis quis, pede. Praesent eu dui. Cum sociis natoque penatibus et magnis dis parturient montes, nascetur ridiculus mus. Aenean	f	2023-05-20 09:12:35
203	at, nisi. Cum sociis_203	Mauris eu turpis. Nulla aliquet. Proin velit. Sed malesuada augue ut lacus. Nulla tincidunt, neque vitae semper egestas, urna justo faucibus lectus, a sollicitudin orci sem eget	t	2023-03-14 20:11:48
204	gravida mauris ut mi._204	sed, facilisis vitae, orci. Phasellus dapibus quam quis diam. Pellentesque habitant morbi tristique senectus et netus et malesuada fames ac	t	2022-01-22 09:41:24
239	eros. Nam consequat_239	dis parturient montes, nascetur ridiculus mus. Proin vel arcu eu odio tristique pharetra. Quisque ac libero nec ligula consectetuer rhoncus. Nullam velit dui, semper et, lacinia vitae, sodales at, velit. Pellentesque ultricies	t	2021-10-26 18:27:24
205	dictum magna._205	id, libero. Donec consectetuer mauris id sapien. Cras dolor dolor, tempus non, lacinia at, iaculis quis, pede. Praesent eu dui. Cum sociis natoque penatibus et magnis dis parturient montes, nascetur ridiculus mus. Aenean eget magna. Suspendisse tristique neque venenatis lacus. Etiam bibendum fermentum metus. Aenean sed pede nec ante blandit viverra. Donec tempus, lorem fringilla ornare placerat, orci lacus vestibulum lorem, sit amet ultricies sem magna nec quam. Curabitur vel lectus. Cum sociis natoque penatibus et magnis dis parturient montes, nascetur ridiculus mus. Donec dignissim magna a tortor. Nunc commodo auctor velit. Aliquam nisl. Nulla eu neque	f	2022-12-05 11:05:05
207	arcu iaculis enim,_207	aliquam iaculis, lacus pede sagittis augue, eu tempor erat neque non quam. Pellentesque habitant morbi tristique senectus et netus et malesuada fames ac turpis egestas. Aliquam fringilla cursus purus. Nullam scelerisque neque sed sem egestas blandit. Nam nulla magna, malesuada vel, convallis in, cursus et, eros. Proin ultrices. Duis volutpat nunc sit amet metus. Aliquam erat volutpat. Nulla facilisis. Suspendisse commodo tincidunt nibh. Phasellus nulla. Integer vulputate, risus a ultricies adipiscing, enim mi tempor lorem, eget mollis	f	2022-05-24 15:29:11
208	enim consequat purus. Maecenas_208	at auctor ullamcorper, nisl arcu	f	2022-04-07 11:44:29
209	mollis vitae,_209	euismod ac, fermentum vel, mauris. Integer sem elit, pharetra ut, pharetra sed, hendrerit a, arcu. Sed et libero. Proin mi. Aliquam gravida mauris ut mi. Duis risus odio, auctor vitae, aliquet nec, imperdiet nec, leo. Morbi neque tellus, imperdiet non, vestibulum nec, euismod in, dolor. Fusce feugiat. Lorem ipsum dolor sit amet, consectetuer adipiscing	t	2022-01-13 08:25:29
210	adipiscing._210	quam. Curabitur vel lectus. Cum sociis natoque penatibus et magnis dis parturient montes, nascetur ridiculus mus. Donec dignissim magna a tortor. Nunc commodo auctor velit. Aliquam nisl. Nulla eu neque pellentesque massa lobortis ultrices. Vivamus rhoncus. Donec est. Nunc ullamcorper, velit in aliquet lobortis, nisi nibh lacinia orci, consectetuer euismod est arcu ac orci. Ut semper pretium neque. Morbi quis urna. Nunc quis arcu vel quam dignissim pharetra. Nam ac nulla. In tincidunt congue turpis. In condimentum. Donec at arcu. Vestibulum ante ipsum primis in faucibus orci luctus et ultrices posuere cubilia Curae Donec	t	2023-03-14 05:29:47
211	morbi tristique_211	orci tincidunt adipiscing. Mauris molestie pharetra nibh. Aliquam ornare, libero at auctor ullamcorper, nisl arcu iaculis enim, sit amet ornare lectus justo eu arcu.	t	2022-01-19 07:03:55
212	ullamcorper eu, euismod ac,_212	mi. Aliquam gravida mauris ut mi. Duis risus odio, auctor vitae, aliquet nec, imperdiet nec, leo. Morbi neque tellus, imperdiet non, vestibulum nec,	f	2021-12-13 00:29:27
213	vitae sodales nisi magna_213	vulputate, risus	f	2023-05-29 23:00:06
214	enim. Etiam imperdiet_214	Mauris quis turpis vitae purus gravida sagittis. Duis gravida. Praesent eu nulla at sem molestie sodales. Mauris blandit enim consequat purus. Maecenas libero est, congue a, aliquet vel, vulputate eu, odio. Phasellus at augue id ante dictum cursus. Nunc mauris elit, dictum eu, eleifend nec, malesuada ut, sem. Nulla interdum. Curabitur dictum. Phasellus in felis. Nulla tempor augue ac ipsum. Phasellus vitae mauris sit amet lorem semper auctor. Mauris vel turpis. Aliquam adipiscing lobortis risus. In mi pede, nonummy ut, molestie in, tempus eu, ligula. Aenean euismod mauris eu elit. Nulla	f	2022-01-29 20:05:12
215	Cras lorem_215	velit. Quisque varius. Nam porttitor scelerisque neque. Nullam nisl. Maecenas malesuada fringilla est. Mauris eu turpis. Nulla aliquet. Proin velit. Sed malesuada augue ut lacus. Nulla tincidunt, neque vitae	t	2022-04-08 09:51:55
216	Integer sem elit,_216	lorem vitae odio sagittis semper. Nam tempor diam dictum sapien. Aenean massa. Integer vitae nibh. Donec est mauris, rhoncus id, mollis nec, cursus a, enim. Suspendisse aliquet, sem ut cursus luctus, ipsum leo elementum sem, vitae aliquam eros turpis non enim. Mauris quis turpis vitae purus	f	2021-09-11 05:08:03
217	feugiat nec, diam._217	cursus et, eros. Proin	f	2021-10-23 02:58:49
218	eros. Proin_218	vel, faucibus id, libero. Donec consectetuer mauris id sapien. Cras dolor dolor, tempus non, lacinia at, iaculis quis, pede. Praesent eu dui. Cum sociis natoque penatibus et magnis dis parturient montes, nascetur ridiculus mus. Aenean eget magna. Suspendisse tristique neque venenatis lacus. Etiam bibendum fermentum metus. Aenean sed pede nec ante blandit viverra. Donec tempus, lorem fringilla ornare placerat, orci lacus vestibulum lorem, sit amet ultricies sem magna nec quam. Curabitur vel lectus. Cum sociis natoque penatibus et	f	2022-06-15 18:30:37
219	Aenean sed pede nec ante_219	odio vel est tempor bibendum. Donec felis orci, adipiscing non, luctus sit amet, faucibus ut, nulla. Cras eu tellus eu augue porttitor interdum. Sed auctor odio a purus. Duis elementum, dui quis accumsan convallis, ante lectus convallis est, vitae sodales nisi magna sed dui. Fusce aliquam, enim nec tempus scelerisque, lorem ipsum sodales purus, in molestie tortor nibh sit amet	t	2023-05-11 10:11:28
220	et magnis dis parturient_220	mattis semper, dui lectus rutrum urna, nec luctus felis purus ac tellus. Suspendisse sed dolor. Fusce mi lorem, vehicula et, rutrum eu, ultrices sit amet, risus. Donec nibh enim, gravida sit amet, dapibus id, blandit at, nisi. Cum sociis natoque penatibus et magnis dis parturient montes, nascetur ridiculus mus. Proin vel nisl. Quisque fringilla euismod enim. Etiam gravida molestie arcu. Sed eu nibh vulputate mauris sagittis placerat. Cras dictum ultricies ligula. Nullam enim. Sed nulla ante, iaculis nec, eleifend non, dapibus rutrum, justo. Praesent luctus. Curabitur egestas nunc sed libero. Proin sed turpis nec mauris blandit mattis. Cras eget	f	2022-08-31 09:38:02
221	ut, pellentesque eget, dictum_221	Donec nibh. Quisque nonummy ipsum non arcu. Vivamus sit amet risus. Donec egestas. Aliquam nec enim. Nunc ut erat. Sed nunc est, mollis non, cursus non, egestas a, dui. Cras pellentesque. Sed dictum. Proin eget odio. Aliquam vulputate ullamcorper magna. Sed eu eros. Nam consequat dolor vitae dolor. Donec fringilla. Donec feugiat metus sit amet ante.	t	2022-02-27 16:14:34
222	Nulla facilisis. Suspendisse_222	sagittis. Nullam vitae diam. Proin dolor. Nulla semper tellus id nunc interdum feugiat. Sed nec metus facilisis lorem tristique aliquet. Phasellus fermentum convallis ligula. Donec luctus aliquet odio. Etiam ligula tortor, dictum eu, placerat eget, venenatis a, magna. Lorem ipsum dolor sit amet, consectetuer adipiscing elit. Etiam laoreet, libero et tristique pellentesque, tellus sem mollis dui, in sodales elit erat vitae risus. Duis a mi fringilla mi lacinia mattis. Integer eu	f	2022-04-14 09:52:31
240	tempor arcu._240	odio sagittis semper. Nam tempor diam dictum sapien. Aenean massa. Integer vitae nibh. Donec est mauris, rhoncus id, mollis nec, cursus a, enim. Suspendisse aliquet, sem ut cursus luctus, ipsum leo elementum sem, vitae aliquam eros turpis non enim. Mauris quis turpis vitae purus gravida sagittis. Duis gravida. Praesent eu nulla at sem molestie sodales. Mauris blandit enim consequat purus. Maecenas libero est, congue a, aliquet vel, vulputate eu, odio. Phasellus at augue id ante dictum cursus. Nunc	t	2022-07-25 11:51:55
241	nec,_241	neque. Sed	f	2022-09-05 02:38:25
223	velit. Quisque varius. Nam_223	tincidunt tempus risus. Donec egestas. Duis ac arcu. Nunc mauris. Morbi non sapien molestie orci tincidunt adipiscing. Mauris molestie pharetra nibh. Aliquam ornare, libero at auctor ullamcorper, nisl arcu iaculis enim, sit amet ornare lectus justo eu arcu. Morbi sit amet massa. Quisque porttitor eros nec tellus. Nunc lectus pede, ultrices a, auctor non, feugiat nec, diam. Duis mi enim, condimentum eget, volutpat ornare, facilisis eget, ipsum. Donec sollicitudin adipiscing ligula. Aenean gravida nunc sed pede. Cum sociis natoque penatibus et magnis dis parturient montes, nascetur ridiculus mus. Proin vel arcu eu odio tristique	f	2022-06-19 07:47:05
224	odio. Nam interdum enim_224	iaculis odio. Nam interdum enim non nisi. Aenean eget metus. In nec orci. Donec nibh. Quisque nonummy ipsum non arcu. Vivamus sit amet risus. Donec egestas. Aliquam nec enim. Nunc ut erat. Sed nunc est, mollis non, cursus non, egestas a, dui. Cras pellentesque. Sed dictum. Proin eget odio. Aliquam vulputate ullamcorper magna. Sed eu eros. Nam consequat dolor vitae dolor. Donec fringilla. Donec feugiat metus sit amet ante. Vivamus non lorem vitae odio sagittis semper. Nam tempor diam dictum sapien. Aenean massa. Integer vitae nibh. Donec est mauris,	f	2022-12-09 12:14:33
225	cursus non, egestas a,_225	Nunc ullamcorper, velit in aliquet lobortis, nisi nibh lacinia orci, consectetuer euismod est arcu ac orci. Ut semper pretium neque. Morbi quis urna. Nunc quis arcu vel quam dignissim pharetra. Nam ac nulla. In tincidunt congue turpis. In condimentum. Donec at arcu. Vestibulum ante ipsum primis in faucibus orci luctus et ultrices posuere cubilia Curae Donec tincidunt. Donec vitae erat vel pede blandit congue. In scelerisque scelerisque dui. Suspendisse ac metus vitae velit egestas lacinia. Sed congue, elit sed consequat auctor, nunc nulla vulputate dui, nec tempus mauris erat eget ipsum. Suspendisse sagittis.	t	2022-09-02 06:15:28
226	dolor. Fusce mi lorem,_226	eu, euismod ac, fermentum vel, mauris. Integer sem elit, pharetra ut, pharetra sed, hendrerit a, arcu. Sed et libero. Proin mi. Aliquam	f	2021-10-28 18:28:43
227	risus. Donec egestas. Aliquam_227	aliquam, enim nec tempus scelerisque, lorem ipsum sodales purus, in molestie tortor nibh sit amet orci. Ut sagittis lobortis mauris. Suspendisse aliquet molestie tellus. Aenean egestas hendrerit neque. In ornare sagittis felis. Donec tempor, est ac mattis semper, dui lectus rutrum urna, nec luctus felis purus ac tellus. Suspendisse sed dolor. Fusce	f	2022-05-10 21:12:55
228	Proin vel_228	nec, diam. Duis mi enim, condimentum eget, volutpat ornare, facilisis eget, ipsum. Donec sollicitudin adipiscing ligula. Aenean gravida nunc sed pede. Cum sociis natoque penatibus et magnis dis parturient montes, nascetur ridiculus mus. Proin vel arcu eu odio tristique pharetra. Quisque ac libero nec ligula consectetuer rhoncus. Nullam velit dui, semper et, lacinia vitae, sodales at, velit. Pellentesque ultricies dignissim lacus. Aliquam rutrum lorem ac risus. Morbi metus.	t	2023-04-30 20:37:21
229	Sed molestie. Sed id_229	litora torquent per conubia nostra, per inceptos hymenaeos. Mauris ut quam vel sapien imperdiet ornare. In faucibus. Morbi vehicula. Pellentesque tincidunt tempus risus. Donec egestas. Duis ac arcu. Nunc mauris. Morbi non sapien molestie orci tincidunt adipiscing. Mauris molestie pharetra nibh. Aliquam ornare, libero at auctor ullamcorper, nisl	f	2023-07-10 11:19:39
230	nisi. Mauris nulla. Integer urna._230	nec ligula consectetuer rhoncus. Nullam velit dui, semper et, lacinia vitae, sodales at, velit. Pellentesque ultricies dignissim lacus. Aliquam rutrum lorem ac risus. Morbi metus. Vivamus euismod urna. Nullam lobortis quam a felis ullamcorper viverra. Maecenas iaculis aliquet diam. Sed diam lorem, auctor quis, tristique ac, eleifend vitae, erat. Vivamus nisi. Mauris nulla. Integer urna. Vivamus molestie dapibus ligula. Aliquam erat volutpat. Nulla dignissim.	f	2021-12-31 08:42:09
231	malesuada vel, venenatis vel,_231	quis diam. Pellentesque habitant morbi tristique senectus et netus et malesuada fames ac turpis egestas. Fusce aliquet magna a neque. Nullam ut nisi a odio semper cursus. Integer mollis. Integer tincidunt aliquam arcu. Aliquam ultrices iaculis odio. Nam interdum enim non nisi. Aenean eget metus. In nec orci. Donec nibh. Quisque nonummy ipsum non arcu. Vivamus sit amet risus. Donec egestas. Aliquam nec enim. Nunc ut erat. Sed nunc est, mollis non, cursus non, egestas a, dui. Cras pellentesque. Sed dictum. Proin eget odio. Aliquam vulputate ullamcorper magna.	t	2022-06-04 06:52:44
232	dolor_232	sodales elit erat vitae risus. Duis a mi fringilla mi lacinia mattis. Integer eu lacus. Quisque imperdiet, erat nonummy ultricies ornare, elit elit fermentum risus, at fringilla purus mauris a nunc. In at pede. Cras vulputate velit eu sem. Pellentesque ut ipsum ac mi eleifend egestas. Sed pharetra, felis eget varius ultrices, mauris ipsum porta elit, a feugiat tellus lorem eu metus. In lorem. Donec elementum, lorem ut aliquam iaculis, lacus pede sagittis augue, eu tempor	f	2021-12-04 19:24:53
233	suscipit, est ac facilisis facilisis,_233	dictum. Phasellus in felis. Nulla tempor augue ac ipsum. Phasellus vitae mauris sit amet lorem semper auctor. Mauris vel turpis. Aliquam adipiscing lobortis risus. In mi pede, nonummy ut, molestie in, tempus eu, ligula. Aenean euismod mauris eu elit. Nulla facilisi. Sed neque. Sed eget lacus. Mauris non dui nec urna suscipit nonummy. Fusce fermentum fermentum arcu. Vestibulum ante ipsum primis in faucibus orci luctus et ultrices posuere	f	2023-08-09 17:25:56
234	vel arcu eu odio_234	Phasellus ornare. Fusce mollis. Duis sit amet diam eu dolor egestas rhoncus. Proin nisl sem, consequat nec, mollis vitae, posuere at, velit. Cras lorem lorem, luctus ut, pellentesque eget, dictum placerat, augue. Sed molestie. Sed id risus quis diam luctus lobortis. Class aptent taciti sociosqu ad litora torquent per conubia nostra, per inceptos hymenaeos. Mauris ut quam vel sapien imperdiet ornare. In faucibus. Morbi vehicula. Pellentesque tincidunt tempus risus. Donec egestas. Duis ac arcu. Nunc mauris. Morbi non sapien molestie orci tincidunt	f	2022-08-26 21:53:50
235	justo eu arcu._235	semper auctor. Mauris vel turpis. Aliquam adipiscing lobortis risus. In mi pede, nonummy ut, molestie in, tempus eu, ligula. Aenean euismod mauris eu elit. Nulla facilisi. Sed neque. Sed eget lacus. Mauris non dui nec urna suscipit nonummy. Fusce fermentum fermentum arcu. Vestibulum ante ipsum primis in faucibus orci luctus et ultrices posuere cubilia Curae Phasellus ornare. Fusce mollis. Duis sit amet diam eu dolor egestas rhoncus. Proin nisl sem, consequat nec, mollis vitae, posuere at, velit. Cras lorem lorem, luctus ut, pellentesque eget, dictum placerat, augue. Sed molestie. Sed id risus quis diam luctus lobortis.	t	2023-04-23 06:05:51
236	sed libero. Proin sed_236	dictum cursus. Nunc mauris elit, dictum eu, eleifend nec, malesuada ut, sem. Nulla interdum. Curabitur dictum. Phasellus in felis. Nulla tempor augue ac ipsum. Phasellus vitae mauris sit amet	t	2023-07-10 08:51:23
237	diam luctus lobortis._237	aptent taciti sociosqu ad litora torquent per conubia nostra, per inceptos hymenaeos. Mauris ut quam vel sapien imperdiet ornare. In faucibus. Morbi vehicula. Pellentesque tincidunt tempus risus. Donec egestas. Duis ac arcu. Nunc mauris. Morbi non sapien molestie orci tincidunt adipiscing. Mauris molestie pharetra nibh. Aliquam ornare, libero at auctor ullamcorper, nisl arcu iaculis enim, sit amet ornare lectus justo eu arcu. Morbi sit amet massa. Quisque porttitor eros nec tellus. Nunc lectus pede, ultrices a, auctor non, feugiat nec, diam. Duis mi enim, condimentum eget,	f	2023-04-13 03:51:54
243	gravida molestie arcu. Sed_243	quis, pede. Praesent eu dui. Cum sociis natoque penatibus et magnis dis parturient montes, nascetur ridiculus mus. Aenean eget magna. Suspendisse tristique neque venenatis lacus. Etiam bibendum fermentum metus. Aenean sed pede nec ante blandit viverra. Donec tempus, lorem fringilla ornare placerat, orci lacus vestibulum lorem, sit amet ultricies sem magna nec quam. Curabitur vel	f	2023-01-02 13:50:04
244	aliquam_244	mauris a nunc. In at pede. Cras vulputate velit eu sem. Pellentesque ut ipsum ac mi eleifend egestas. Sed pharetra, felis eget varius ultrices, mauris ipsum porta elit, a feugiat tellus lorem eu metus. In lorem. Donec elementum, lorem ut aliquam iaculis, lacus pede sagittis augue, eu tempor erat neque non quam. Pellentesque habitant morbi tristique senectus et netus et malesuada fames ac turpis egestas. Aliquam fringilla cursus purus. Nullam scelerisque neque sed sem egestas blandit. Nam nulla magna, malesuada vel, convallis in, cursus et, eros. Proin ultrices. Duis volutpat nunc	f	2021-12-10 03:53:12
246	Nulla eu_246	Nunc mauris sapien, cursus in, hendrerit consectetuer, cursus et, magna. Praesent interdum ligula eu enim. Etiam imperdiet dictum magna. Ut tincidunt orci quis lectus. Nullam suscipit, est ac facilisis facilisis, magna tellus faucibus leo, in lobortis tellus justo sit amet nulla. Donec non justo. Proin non massa non ante bibendum ullamcorper. Duis cursus, diam at pretium aliquet, metus urna convallis erat, eget tincidunt dui augue eu tellus. Phasellus elit pede, malesuada vel, venenatis vel, faucibus id, libero. Donec consectetuer mauris id sapien. Cras dolor dolor, tempus non, lacinia at, iaculis quis, pede. Praesent eu dui. Cum	t	2022-09-24 22:12:50
247	dui augue_247	Sed eget lacus. Mauris non dui nec urna suscipit nonummy. Fusce fermentum fermentum arcu. Vestibulum ante ipsum primis in faucibus orci luctus et ultrices posuere cubilia Curae Phasellus ornare. Fusce mollis. Duis sit amet diam eu dolor egestas rhoncus. Proin nisl sem, consequat nec, mollis vitae, posuere at, velit. Cras lorem lorem,	t	2022-11-05 16:20:29
248	eu arcu. Morbi_248	et netus et malesuada fames ac turpis egestas. Aliquam fringilla cursus purus. Nullam scelerisque neque sed sem egestas blandit. Nam nulla magna, malesuada vel, convallis in, cursus et, eros. Proin ultrices. Duis volutpat nunc sit amet metus. Aliquam erat volutpat. Nulla facilisis. Suspendisse commodo tincidunt nibh. Phasellus nulla. Integer vulputate, risus a ultricies adipiscing, enim mi tempor lorem, eget	f	2022-08-10 02:31:45
249	et, rutrum eu, ultrices_249	auctor. Mauris vel turpis. Aliquam adipiscing lobortis risus. In mi pede, nonummy ut, molestie in, tempus eu, ligula. Aenean euismod mauris eu elit. Nulla facilisi. Sed neque. Sed eget lacus. Mauris non dui nec urna suscipit nonummy. Fusce fermentum fermentum arcu. Vestibulum ante ipsum primis in faucibus orci luctus et ultrices posuere cubilia Curae Phasellus ornare. Fusce mollis. Duis sit amet diam eu dolor egestas rhoncus. Proin nisl sem, consequat nec, mollis vitae, posuere at, velit. Cras lorem lorem, luctus ut, pellentesque eget, dictum placerat, augue. Sed	t	2022-10-25 12:08:46
250	vitae, orci. Phasellus_250	rhoncus. Nullam velit dui, semper et, lacinia vitae, sodales at, velit. Pellentesque ultricies dignissim lacus. Aliquam rutrum lorem ac risus. Morbi metus. Vivamus euismod urna. Nullam lobortis quam a felis ullamcorper viverra. Maecenas iaculis aliquet diam. Sed diam lorem, auctor quis, tristique ac, eleifend vitae, erat. Vivamus nisi. Mauris nulla. Integer urna. Vivamus molestie dapibus ligula. Aliquam erat volutpat. Nulla dignissim. Maecenas ornare egestas ligula. Nullam feugiat placerat velit. Quisque varius. Nam porttitor scelerisque neque. Nullam nisl. Maecenas malesuada fringilla est. Mauris eu turpis. Nulla aliquet. Proin velit. Sed malesuada augue ut lacus. Nulla tincidunt, neque vitae semper egestas,	f	2022-07-21 00:05:47
251	pede. Cras_251	non, hendrerit id, ante. Nunc mauris sapien, cursus in, hendrerit consectetuer, cursus	t	2022-11-08 02:04:35
252	sit amet luctus vulputate,_252	nec, mollis vitae, posuere at, velit. Cras lorem lorem, luctus ut, pellentesque eget, dictum placerat, augue. Sed molestie. Sed id risus quis diam luctus lobortis. Class aptent taciti sociosqu ad litora torquent per conubia nostra, per inceptos hymenaeos. Mauris ut quam vel sapien imperdiet ornare. In faucibus. Morbi vehicula. Pellentesque tincidunt tempus risus. Donec egestas. Duis ac arcu. Nunc mauris.	t	2022-04-03 23:20:20
253	amet, consectetuer adipiscing elit._253	Nulla tempor augue ac ipsum. Phasellus vitae mauris sit amet lorem semper auctor. Mauris vel turpis. Aliquam adipiscing lobortis risus.	t	2022-02-28 09:40:49
254	nisi magna_254	gravida non, sollicitudin a, malesuada id, erat. Etiam vestibulum massa rutrum magna. Cras convallis convallis dolor. Quisque tincidunt pede ac urna. Ut tincidunt vehicula risus. Nulla eget metus eu erat semper rutrum. Fusce dolor quam, elementum at, egestas a, scelerisque sed, sapien. Nunc pulvinar arcu et pede. Nunc sed orci lobortis augue scelerisque mollis. Phasellus libero mauris, aliquam eu, accumsan sed, facilisis vitae, orci. Phasellus dapibus quam quis diam. Pellentesque habitant morbi tristique senectus et netus et malesuada fames	t	2022-05-27 13:49:59
255	consectetuer adipiscing_255	mus. Donec dignissim magna a tortor. Nunc commodo auctor velit. Aliquam nisl. Nulla eu neque pellentesque massa lobortis ultrices. Vivamus rhoncus. Donec est. Nunc ullamcorper, velit in aliquet lobortis, nisi nibh lacinia orci, consectetuer euismod est arcu ac orci. Ut semper pretium neque. Morbi quis urna. Nunc quis arcu vel quam dignissim pharetra. Nam ac nulla. In tincidunt congue turpis.	f	2023-06-03 17:58:36
256	penatibus et magnis_256	orci sem eget massa. Suspendisse eleifend. Cras sed leo. Cras vehicula aliquet libero. Integer in magna. Phasellus dolor elit, pellentesque a, facilisis non, bibendum sed, est. Nunc laoreet lectus quis massa. Mauris vestibulum, neque sed dictum eleifend, nunc risus varius orci, in consequat enim diam vel arcu. Curabitur ut odio vel est tempor bibendum. Donec felis orci, adipiscing non, luctus sit amet, faucibus ut, nulla. Cras eu tellus eu augue porttitor interdum. Sed auctor odio a purus. Duis elementum, dui quis accumsan convallis, ante lectus convallis est, vitae sodales nisi	t	2022-06-03 10:30:20
257	dolor elit,_257	nisi. Cum sociis natoque penatibus et magnis dis parturient montes, nascetur ridiculus mus. Proin vel nisl. Quisque fringilla euismod enim. Etiam gravida molestie arcu. Sed eu nibh	t	2022-07-04 14:57:49
258	sociis natoque penatibus_258	et, lacinia vitae, sodales at, velit. Pellentesque ultricies dignissim	t	2023-05-16 19:22:51
259	lorem, vehicula_259	ante dictum cursus. Nunc mauris elit, dictum eu, eleifend nec, malesuada ut,	f	2022-01-29 18:18:46
260	sit amet lorem_260	diam vel arcu. Curabitur ut odio vel est tempor bibendum. Donec felis orci, adipiscing non, luctus sit amet, faucibus ut, nulla. Cras eu tellus eu augue porttitor interdum. Sed auctor odio	t	2022-01-24 14:40:33
261	ante. Nunc_261	sed pede. Cum sociis natoque penatibus et magnis dis parturient montes, nascetur ridiculus mus. Proin vel arcu eu odio tristique	f	2022-02-17 08:48:06
262	magna a neque. Nullam ut_262	Mauris vel turpis. Aliquam adipiscing lobortis risus. In mi pede, nonummy ut, molestie in, tempus eu, ligula. Aenean euismod mauris eu elit. Nulla facilisi. Sed neque. Sed eget lacus. Mauris non dui nec urna suscipit nonummy. Fusce fermentum fermentum arcu. Vestibulum ante ipsum primis in faucibus orci luctus et ultrices posuere cubilia Curae Phasellus ornare. Fusce mollis. Duis sit amet diam eu dolor egestas rhoncus. Proin nisl	f	2023-06-20 19:44:27
263	interdum. Curabitur dictum. Phasellus_263	senectus et netus et malesuada fames ac turpis egestas. Aliquam fringilla cursus purus. Nullam scelerisque neque sed sem egestas blandit. Nam nulla magna, malesuada vel, convallis in, cursus et, eros. Proin ultrices. Duis volutpat nunc sit amet metus. Aliquam erat volutpat. Nulla facilisis.	t	2023-07-31 09:59:17
266	nec luctus felis_266	cursus a, enim. Suspendisse aliquet, sem ut cursus luctus, ipsum leo elementum sem, vitae aliquam eros turpis non enim. Mauris quis turpis vitae purus gravida sagittis. Duis gravida. Praesent eu nulla at sem molestie sodales. Mauris blandit enim consequat purus. Maecenas libero est, congue a, aliquet vel, vulputate eu, odio. Phasellus at augue id ante dictum cursus. Nunc mauris elit, dictum eu, eleifend nec, malesuada ut,	t	2023-02-01 20:49:29
268	Duis volutpat nunc_268	elit. Aliquam auctor, velit eget laoreet posuere, enim nisl elementum purus, accumsan interdum	f	2023-01-18 10:53:44
269	in consectetuer_269	ligula consectetuer rhoncus. Nullam velit dui, semper et, lacinia vitae, sodales at, velit. Pellentesque ultricies dignissim lacus. Aliquam rutrum lorem ac risus. Morbi metus. Vivamus euismod urna. Nullam lobortis quam a felis ullamcorper viverra. Maecenas iaculis aliquet diam. Sed diam lorem, auctor quis, tristique ac, eleifend vitae, erat. Vivamus nisi. Mauris nulla. Integer urna. Vivamus molestie dapibus ligula. Aliquam erat volutpat.	f	2021-10-30 22:05:31
270	arcu. Vivamus sit_270	leo. Cras vehicula aliquet libero. Integer in magna. Phasellus dolor elit, pellentesque a, facilisis non, bibendum sed, est. Nunc laoreet lectus quis massa. Mauris vestibulum, neque sed dictum eleifend, nunc risus varius orci, in consequat enim diam vel arcu. Curabitur ut odio vel est tempor bibendum. Donec felis orci, adipiscing non, luctus sit amet, faucibus ut, nulla. Cras eu tellus eu augue porttitor interdum. Sed auctor odio	f	2022-07-18 11:42:01
271	magna et ipsum cursus_271	nunc. Quisque ornare tortor at risus. Nunc ac sem ut dolor dapibus gravida. Aliquam tincidunt, nunc ac mattis ornare, lectus ante dictum mi, ac mattis velit justo nec ante. Maecenas mi felis, adipiscing fringilla, porttitor vulputate, posuere vulputate, lacus. Cras interdum. Nunc sollicitudin commodo ipsum. Suspendisse non leo. Vivamus nibh dolor, nonummy ac, feugiat non, lobortis quis, pede. Suspendisse dui. Fusce diam	f	2021-10-29 23:32:58
272	urna. Nullam_272	dis parturient montes, nascetur ridiculus mus. Aenean eget magna. Suspendisse tristique neque venenatis lacus. Etiam bibendum fermentum metus. Aenean sed pede	f	2023-03-31 02:25:33
273	eleifend, nunc_273	non arcu. Vivamus sit amet risus. Donec egestas. Aliquam nec enim. Nunc ut erat. Sed nunc est, mollis non, cursus non, egestas a, dui. Cras pellentesque. Sed dictum. Proin eget odio.	f	2022-10-02 16:03:55
274	augue id ante dictum cursus._274	metus sit amet ante. Vivamus non lorem vitae odio sagittis semper. Nam tempor diam dictum sapien. Aenean massa. Integer vitae nibh. Donec est mauris, rhoncus id, mollis nec, cursus a, enim. Suspendisse aliquet, sem ut cursus luctus, ipsum leo elementum sem, vitae aliquam eros turpis non enim. Mauris quis turpis vitae purus gravida sagittis. Duis	t	2022-02-03 02:29:07
275	penatibus et magnis_275	erat. Sed nunc est, mollis non, cursus non, egestas a, dui. Cras pellentesque. Sed dictum. Proin eget odio. Aliquam vulputate ullamcorper magna. Sed eu eros. Nam consequat dolor vitae dolor. Donec fringilla. Donec feugiat metus sit amet ante. Vivamus non lorem vitae odio sagittis semper. Nam tempor diam dictum sapien. Aenean massa. Integer vitae nibh. Donec est mauris, rhoncus id, mollis nec, cursus a, enim. Suspendisse aliquet, sem ut cursus luctus, ipsum leo elementum sem, vitae aliquam eros turpis non enim. Mauris quis turpis vitae	t	2021-10-23 06:41:02
276	fringilla, porttitor vulputate, posuere_276	non ante bibendum ullamcorper. Duis cursus, diam	f	2022-07-30 23:08:40
277	fringilla_277	interdum. Sed auctor odio a purus. Duis elementum, dui quis accumsan convallis, ante lectus convallis est, vitae sodales nisi magna sed dui. Fusce aliquam, enim nec tempus scelerisque, lorem ipsum sodales purus, in molestie tortor nibh sit amet orci. Ut sagittis lobortis mauris. Suspendisse aliquet molestie tellus. Aenean egestas hendrerit neque. In ornare sagittis felis. Donec tempor, est ac mattis semper, dui lectus rutrum urna, nec luctus felis purus ac tellus.	f	2023-08-20 22:14:03
278	tempus non, lacinia at,_278	ultricies adipiscing, enim mi tempor lorem, eget mollis lectus pede et risus. Quisque libero lacus, varius et, euismod et, commodo at, libero. Morbi accumsan laoreet ipsum. Curabitur consequat, lectus sit amet luctus vulputate, nisi sem semper erat, in consectetuer ipsum nunc id enim. Curabitur massa.	f	2021-09-06 03:36:59
279	enim, sit amet ornare lectus_279	id risus quis diam luctus lobortis. Class	t	2022-03-03 22:12:15
280	dui. Suspendisse_280	Mauris eu turpis. Nulla aliquet. Proin velit. Sed malesuada augue ut lacus. Nulla tincidunt, neque	t	2022-03-25 08:03:07
281	gravida non, sollicitudin a,_281	malesuada id, erat. Etiam vestibulum massa rutrum magna. Cras convallis convallis dolor. Quisque tincidunt pede ac urna. Ut tincidunt vehicula risus. Nulla eget metus eu erat semper rutrum. Fusce dolor quam, elementum at, egestas a, scelerisque sed, sapien. Nunc pulvinar arcu et pede. Nunc sed orci lobortis augue scelerisque mollis. Phasellus libero mauris, aliquam eu, accumsan sed, facilisis vitae, orci. Phasellus dapibus quam quis diam. Pellentesque habitant morbi tristique senectus et netus et malesuada fames ac turpis egestas. Fusce aliquet magna a neque. Nullam ut nisi a	f	2022-06-26 23:33:01
282	non massa_282	cursus a, enim. Suspendisse aliquet, sem ut cursus luctus, ipsum leo elementum sem, vitae aliquam eros turpis non enim. Mauris quis turpis vitae purus gravida sagittis. Duis gravida. Praesent eu nulla at sem molestie sodales. Mauris blandit enim consequat purus. Maecenas libero est, congue a, aliquet vel, vulputate eu, odio.	f	2021-08-30 07:29:21
283	non leo. Vivamus_283	aliquet molestie tellus. Aenean egestas hendrerit neque. In ornare sagittis felis. Donec tempor, est ac mattis semper, dui lectus rutrum urna, nec luctus felis purus ac tellus. Suspendisse sed dolor. Fusce mi lorem, vehicula et, rutrum eu, ultrices sit amet, risus. Donec nibh enim, gravida sit amet, dapibus id, blandit at, nisi. Cum	t	2021-09-07 10:05:47
284	ante. Vivamus_284	pede. Nunc sed orci lobortis augue scelerisque mollis. Phasellus libero mauris, aliquam eu, accumsan sed, facilisis vitae, orci. Phasellus dapibus quam quis diam. Pellentesque habitant morbi tristique senectus et netus et malesuada fames ac turpis egestas.	t	2022-07-18 03:03:25
285	ligula. Nullam feugiat_285	urna, nec luctus felis purus ac tellus. Suspendisse sed dolor. Fusce mi lorem,	t	2022-05-30 03:56:37
286	sem mollis dui, in_286	at, egestas a, scelerisque sed, sapien. Nunc pulvinar arcu et pede. Nunc sed orci lobortis augue scelerisque	t	2022-09-21 22:46:09
287	diam. Duis mi enim, condimentum_287	interdum feugiat. Sed nec metus facilisis lorem tristique aliquet. Phasellus fermentum convallis ligula. Donec luctus aliquet odio. Etiam ligula tortor, dictum eu, placerat eget, venenatis a, magna. Lorem ipsum dolor sit amet, consectetuer adipiscing elit. Etiam laoreet, libero et tristique pellentesque, tellus sem mollis dui, in sodales elit erat vitae risus. Duis a mi fringilla mi lacinia mattis. Integer eu lacus. Quisque imperdiet, erat nonummy ultricies ornare, elit elit fermentum risus, at fringilla purus mauris a nunc. In	t	2021-12-02 13:34:29
288	sapien. Nunc pulvinar arcu_288	eu turpis. Nulla aliquet. Proin velit. Sed malesuada augue ut lacus. Nulla tincidunt, neque vitae semper egestas, urna justo faucibus lectus, a sollicitudin orci sem eget massa. Suspendisse eleifend. Cras	t	2022-08-14 03:43:37
289	Proin vel_289	interdum ligula eu enim. Etiam imperdiet dictum magna. Ut tincidunt orci quis lectus. Nullam suscipit, est ac facilisis facilisis, magna tellus faucibus leo, in lobortis tellus justo sit amet nulla. Donec non justo. Proin non massa non ante bibendum ullamcorper. Duis cursus, diam at pretium aliquet, metus urna	f	2021-10-28 07:41:52
290	tristique pellentesque, tellus sem mollis_290	sed pede. Cum sociis natoque penatibus et magnis dis parturient montes, nascetur ridiculus mus. Proin vel arcu eu odio tristique pharetra. Quisque ac libero nec ligula consectetuer rhoncus. Nullam velit dui, semper et, lacinia vitae, sodales at, velit. Pellentesque ultricies dignissim lacus. Aliquam rutrum lorem ac risus. Morbi metus. Vivamus euismod urna. Nullam lobortis quam a felis ullamcorper viverra. Maecenas iaculis aliquet diam. Sed diam	f	2022-01-07 23:49:21
291	nec, euismod_291	ligula. Donec luctus aliquet odio. Etiam ligula tortor, dictum eu,	f	2022-07-20 17:00:03
292	consequat nec, mollis_292	id nunc interdum feugiat. Sed nec metus facilisis lorem tristique aliquet. Phasellus fermentum convallis ligula. Donec luctus aliquet odio. Etiam ligula tortor, dictum eu, placerat eget, venenatis a, magna. Lorem ipsum dolor sit amet, consectetuer adipiscing elit. Etiam laoreet, libero et tristique pellentesque, tellus sem mollis dui, in sodales elit erat vitae	f	2022-07-08 00:46:36
293	mi fringilla mi lacinia_293	vel quam dignissim pharetra. Nam ac	t	2022-05-01 15:02:34
294	amet, consectetuer adipiscing elit. Aliquam_294	Ut tincidunt orci quis lectus. Nullam suscipit, est ac facilisis facilisis, magna tellus faucibus leo, in lobortis tellus justo sit amet nulla. Donec non justo. Proin non massa non ante bibendum ullamcorper. Duis cursus, diam at pretium aliquet, metus urna convallis erat, eget tincidunt dui augue eu tellus. Phasellus elit pede, malesuada vel, venenatis vel, faucibus id, libero. Donec consectetuer mauris id sapien. Cras dolor dolor, tempus non, lacinia at, iaculis quis, pede. Praesent eu dui. Cum sociis natoque penatibus et magnis dis parturient montes, nascetur ridiculus mus. Aenean eget magna. Suspendisse tristique neque	f	2022-12-23 11:10:43
295	fermentum metus. Aenean_295	vitae nibh. Donec est mauris, rhoncus id, mollis nec, cursus a, enim. Suspendisse aliquet, sem ut cursus luctus, ipsum leo elementum sem, vitae aliquam eros turpis non enim. Mauris quis turpis vitae purus gravida sagittis. Duis gravida. Praesent eu nulla at sem molestie sodales. Mauris blandit enim consequat purus. Maecenas libero est, congue a, aliquet vel, vulputate eu, odio. Phasellus at augue id ante dictum cursus. Nunc mauris elit, dictum eu, eleifend nec, malesuada ut, sem. Nulla interdum. Curabitur dictum. Phasellus in felis. Nulla tempor augue ac	t	2022-09-10 04:12:57
296	natoque penatibus_296	Duis gravida. Praesent eu nulla at sem molestie sodales. Mauris blandit enim consequat purus. Maecenas libero est, congue a, aliquet vel, vulputate eu, odio. Phasellus at augue id ante dictum cursus. Nunc mauris elit, dictum eu, eleifend nec, malesuada ut, sem. Nulla interdum. Curabitur dictum. Phasellus in felis. Nulla tempor augue ac ipsum. Phasellus vitae mauris sit amet lorem semper auctor. Mauris vel turpis. Aliquam adipiscing lobortis risus.	t	2022-10-23 21:10:20
297	sit amet_297	placerat. Cras dictum ultricies ligula.	t	2023-01-22 09:01:44
298	amet, risus. Donec nibh_298	eros turpis non enim. Mauris quis turpis vitae purus gravida sagittis. Duis gravida. Praesent eu nulla at sem molestie sodales. Mauris blandit enim consequat purus. Maecenas libero est, congue a, aliquet vel, vulputate eu, odio. Phasellus at augue id ante dictum cursus. Nunc mauris elit, dictum eu, eleifend nec, malesuada ut, sem. Nulla interdum. Curabitur dictum. Phasellus in felis. Nulla tempor augue ac ipsum. Phasellus vitae mauris sit amet lorem semper auctor. Mauris vel	f	2023-02-10 14:42:00
299	Cras_299	Phasellus fermentum convallis ligula. Donec luctus aliquet odio. Etiam ligula tortor, dictum eu, placerat eget, venenatis a, magna. Lorem ipsum dolor sit amet, consectetuer adipiscing elit. Etiam laoreet, libero et tristique pellentesque, tellus sem mollis dui,	t	2022-06-19 11:19:10
300	ipsum cursus_300	molestie tortor nibh sit amet orci. Ut sagittis lobortis mauris. Suspendisse aliquet molestie tellus. Aenean egestas hendrerit neque. In ornare sagittis felis. Donec tempor, est ac mattis semper, dui lectus rutrum urna, nec luctus felis purus ac tellus. Suspendisse sed dolor. Fusce mi lorem, vehicula et, rutrum eu, ultrices sit amet, risus. Donec nibh enim, gravida sit amet, dapibus id, blandit at, nisi. Cum sociis natoque penatibus	t	2022-04-05 02:26:38
301	Suspendisse sagittis._301	cubilia Curae Phasellus ornare. Fusce mollis. Duis sit amet diam eu dolor egestas rhoncus. Proin nisl sem, consequat nec, mollis vitae, posuere at, velit. Cras lorem lorem, luctus ut, pellentesque eget, dictum placerat, augue. Sed molestie. Sed id risus quis diam luctus lobortis. Class aptent taciti sociosqu ad litora torquent per conubia nostra, per inceptos hymenaeos. Mauris ut quam vel sapien imperdiet ornare. In faucibus. Morbi vehicula. Pellentesque tincidunt tempus risus. Donec egestas. Duis ac arcu. Nunc mauris. Morbi non sapien	t	2022-10-04 11:50:23
302	adipiscing_302	Cras eget nisi dictum augue malesuada malesuada. Integer id magna et ipsum cursus vestibulum. Mauris magna.	f	2023-03-09 03:53:06
303	Donec consectetuer mauris id_303	magnis dis parturient montes, nascetur ridiculus mus. Proin vel nisl. Quisque fringilla euismod enim. Etiam gravida molestie arcu. Sed eu nibh vulputate mauris sagittis placerat. Cras dictum ultricies ligula. Nullam enim. Sed nulla ante, iaculis nec, eleifend non, dapibus rutrum, justo. Praesent luctus. Curabitur egestas nunc	t	2022-04-07 11:06:41
321	tincidunt dui augue eu tellus._321	nisl. Maecenas malesuada fringilla est. Mauris eu turpis. Nulla aliquet. Proin velit. Sed malesuada augue ut lacus. Nulla tincidunt, neque vitae semper egestas, urna justo faucibus lectus, a sollicitudin orci sem eget massa. Suspendisse eleifend. Cras sed leo. Cras vehicula aliquet libero. Integer in magna. Phasellus dolor elit, pellentesque a, facilisis non, bibendum sed, est. Nunc laoreet lectus quis massa. Mauris	f	2023-06-26 06:46:09
304	posuere at, velit. Cras_304	massa. Quisque porttitor eros nec tellus. Nunc lectus pede, ultrices a, auctor non, feugiat nec, diam. Duis mi enim, condimentum eget, volutpat ornare, facilisis eget, ipsum. Donec sollicitudin adipiscing ligula. Aenean gravida nunc sed pede. Cum sociis natoque penatibus et magnis dis parturient montes, nascetur ridiculus mus. Proin vel arcu eu odio tristique pharetra. Quisque ac libero nec ligula consectetuer rhoncus. Nullam velit dui, semper et, lacinia vitae, sodales at, velit. Pellentesque ultricies dignissim lacus. Aliquam rutrum lorem ac risus.	f	2022-04-12 17:05:31
305	vel, faucibus id, libero._305	Donec elementum, lorem ut aliquam iaculis, lacus pede sagittis augue, eu tempor erat neque non quam. Pellentesque habitant morbi tristique senectus et netus et malesuada fames ac turpis egestas. Aliquam fringilla cursus purus.	t	2021-12-03 17:17:48
325	vitae, sodales at, velit._325	Fusce fermentum fermentum arcu. Vestibulum ante ipsum primis in faucibus orci luctus et ultrices posuere cubilia Curae Phasellus ornare. Fusce mollis. Duis sit amet diam eu dolor egestas rhoncus. Proin nisl sem, consequat nec, mollis vitae, posuere at, velit. Cras lorem lorem, luctus ut, pellentesque eget, dictum placerat, augue. Sed molestie. Sed id risus quis diam luctus lobortis. Class aptent taciti sociosqu ad litora torquent per conubia nostra, per inceptos	t	2023-02-02 13:11:05
307	mollis_307	tempor, est ac mattis semper, dui lectus rutrum urna, nec luctus felis purus ac tellus. Suspendisse sed dolor. Fusce mi lorem, vehicula et, rutrum eu, ultrices sit amet, risus. Donec nibh enim, gravida sit amet, dapibus id, blandit at, nisi. Cum sociis natoque penatibus et magnis dis parturient montes, nascetur ridiculus mus. Proin vel nisl. Quisque fringilla euismod enim. Etiam gravida molestie arcu. Sed eu nibh vulputate mauris sagittis placerat. Cras dictum ultricies ligula. Nullam enim. Sed nulla ante, iaculis nec, eleifend non, dapibus rutrum, justo. Praesent luctus. Curabitur egestas nunc	t	2022-07-16 22:08:04
308	parturient montes,_308	nibh. Aliquam ornare, libero at auctor ullamcorper, nisl arcu iaculis enim, sit amet ornare lectus justo eu arcu. Morbi sit amet massa. Quisque porttitor eros nec tellus. Nunc lectus pede, ultrices a, auctor non, feugiat nec, diam. Duis mi enim, condimentum eget, volutpat ornare, facilisis eget, ipsum. Donec sollicitudin adipiscing ligula. Aenean gravida nunc sed pede. Cum sociis natoque penatibus et magnis dis parturient montes, nascetur ridiculus mus. Proin vel arcu eu	t	2023-03-27 15:16:44
309	at pede. Cras vulputate velit_309	lorem, sit amet ultricies sem magna nec quam. Curabitur vel lectus. Cum sociis natoque penatibus et magnis dis parturient montes, nascetur ridiculus mus. Donec dignissim magna a tortor. Nunc commodo auctor velit. Aliquam nisl. Nulla eu neque pellentesque massa lobortis ultrices. Vivamus rhoncus. Donec est. Nunc ullamcorper, velit in aliquet lobortis, nisi nibh lacinia orci, consectetuer euismod est arcu ac orci. Ut semper pretium neque. Morbi quis urna. Nunc quis arcu vel quam dignissim pharetra. Nam ac nulla. In tincidunt congue turpis. In condimentum. Donec at arcu. Vestibulum ante ipsum primis in	f	2022-08-11 08:37:41
311	enim,_311	ultricies ornare, elit elit fermentum risus, at fringilla purus mauris a nunc. In at pede. Cras vulputate velit eu sem. Pellentesque ut ipsum ac mi eleifend egestas. Sed pharetra, felis eget varius ultrices, mauris ipsum porta elit,	f	2023-05-09 06:27:36
312	auctor quis,_312	nulla vulputate dui, nec tempus mauris erat eget ipsum. Suspendisse sagittis. Nullam vitae diam. Proin dolor. Nulla semper tellus id nunc interdum feugiat. Sed nec metus facilisis lorem tristique aliquet. Phasellus fermentum convallis ligula. Donec luctus aliquet odio. Etiam ligula tortor, dictum eu, placerat eget, venenatis a, magna. Lorem ipsum dolor sit amet, consectetuer adipiscing elit. Etiam laoreet, libero et tristique pellentesque, tellus sem mollis dui, in sodales elit erat vitae risus. Duis a mi fringilla mi lacinia mattis. Integer eu lacus. Quisque imperdiet, erat nonummy ultricies ornare, elit elit fermentum risus, at fringilla purus mauris a nunc. In	f	2023-01-06 04:25:35
313	a_313	Phasellus dapibus quam quis diam. Pellentesque habitant morbi tristique senectus et netus et malesuada fames ac turpis egestas. Fusce aliquet magna a neque. Nullam ut nisi a odio semper cursus. Integer mollis. Integer tincidunt aliquam arcu. Aliquam ultrices iaculis odio. Nam interdum enim non nisi. Aenean eget metus. In nec orci. Donec nibh. Quisque nonummy ipsum non arcu. Vivamus sit amet risus. Donec egestas. Aliquam nec enim. Nunc ut erat. Sed nunc est, mollis non, cursus non, egestas a, dui. Cras pellentesque. Sed dictum. Proin eget odio. Aliquam vulputate ullamcorper magna. Sed eu eros.	t	2022-07-18 18:03:37
314	dictum ultricies ligula. Nullam_314	Morbi non sapien molestie orci tincidunt adipiscing. Mauris molestie pharetra nibh. Aliquam ornare, libero at auctor ullamcorper, nisl arcu iaculis enim, sit amet ornare lectus justo eu arcu. Morbi sit amet massa. Quisque porttitor eros nec tellus. Nunc lectus pede, ultrices a, auctor non, feugiat nec, diam. Duis mi enim, condimentum eget, volutpat ornare, facilisis eget, ipsum. Donec sollicitudin adipiscing ligula. Aenean gravida nunc sed pede. Cum sociis natoque penatibus et magnis dis parturient montes, nascetur ridiculus mus. Proin vel arcu eu odio tristique pharetra. Quisque ac libero nec ligula consectetuer rhoncus. Nullam velit dui, semper	t	2022-01-19 16:45:39
315	dignissim_315	pellentesque massa lobortis ultrices. Vivamus rhoncus. Donec est. Nunc ullamcorper, velit in aliquet lobortis, nisi nibh lacinia orci, consectetuer euismod est arcu ac orci. Ut semper pretium neque. Morbi quis urna. Nunc quis	t	2023-01-30 05:38:09
316	eleifend vitae, erat._316	per inceptos hymenaeos. Mauris ut quam vel sapien imperdiet ornare. In faucibus. Morbi vehicula. Pellentesque tincidunt tempus risus. Donec egestas. Duis ac arcu. Nunc mauris. Morbi non sapien molestie orci tincidunt adipiscing. Mauris molestie pharetra nibh. Aliquam	t	2022-08-18 21:51:36
317	Ut sagittis lobortis mauris. Suspendisse_317	Quisque porttitor eros nec tellus. Nunc lectus pede, ultrices a, auctor non, feugiat nec, diam. Duis mi enim, condimentum eget, volutpat ornare, facilisis eget, ipsum. Donec sollicitudin adipiscing ligula. Aenean gravida nunc sed pede. Cum sociis natoque penatibus et magnis dis parturient montes, nascetur ridiculus mus. Proin vel arcu eu odio tristique pharetra.	f	2022-03-10 15:52:11
318	Proin_318	sed libero. Proin sed turpis nec mauris blandit mattis. Cras eget nisi dictum augue malesuada malesuada. Integer id magna et ipsum cursus vestibulum. Mauris magna. Duis dignissim tempor arcu. Vestibulum ut eros non enim commodo hendrerit. Donec porttitor tellus non magna. Nam ligula elit, pretium et, rutrum non, hendrerit id, ante. Nunc mauris sapien, cursus in, hendrerit consectetuer, cursus et, magna. Praesent interdum ligula eu enim. Etiam imperdiet dictum magna. Ut tincidunt orci quis lectus. Nullam suscipit, est ac facilisis facilisis, magna tellus faucibus leo, in lobortis tellus justo sit amet nulla. Donec non justo. Proin non massa non	t	2022-10-17 16:55:00
319	metus facilisis_319	risus. In mi pede, nonummy ut, molestie in, tempus eu, ligula. Aenean euismod mauris eu elit. Nulla facilisi. Sed neque. Sed eget lacus. Mauris non dui nec urna suscipit nonummy. Fusce fermentum fermentum arcu. Vestibulum ante	t	2023-03-20 12:32:57
320	Curabitur massa._320	at, egestas a, scelerisque sed, sapien. Nunc pulvinar arcu et pede. Nunc sed orci lobortis augue scelerisque mollis. Phasellus libero mauris, aliquam eu, accumsan sed, facilisis vitae, orci. Phasellus dapibus quam quis diam. Pellentesque habitant morbi	f	2022-04-01 05:49:12
322	metus. Aenean_322	laoreet lectus quis massa. Mauris vestibulum, neque sed dictum eleifend, nunc risus varius orci, in consequat enim diam vel arcu. Curabitur ut odio vel est tempor bibendum. Donec felis orci, adipiscing non, luctus sit amet, faucibus ut, nulla. Cras eu tellus eu augue porttitor interdum. Sed auctor odio a purus. Duis elementum, dui quis accumsan	t	2023-05-31 21:58:40
323	interdum enim non_323	Integer id magna et ipsum cursus vestibulum. Mauris magna. Duis dignissim tempor arcu. Vestibulum ut eros non enim commodo hendrerit. Donec porttitor tellus non magna. Nam ligula elit, pretium et, rutrum non, hendrerit id, ante. Nunc mauris sapien, cursus in, hendrerit consectetuer, cursus et, magna. Praesent interdum ligula eu enim. Etiam imperdiet dictum magna. Ut tincidunt orci quis lectus. Nullam suscipit, est ac facilisis facilisis,	f	2022-01-19 00:04:11
324	montes, nascetur ridiculus_324	Donec porttitor tellus non magna. Nam ligula elit, pretium et, rutrum non, hendrerit id, ante. Nunc mauris sapien, cursus in, hendrerit consectetuer, cursus et, magna. Praesent interdum ligula eu enim. Etiam imperdiet dictum magna. Ut tincidunt orci quis lectus. Nullam suscipit, est ac	t	2022-12-09 23:37:14
326	orci lacus vestibulum lorem,_326	velit justo nec ante. Maecenas mi felis, adipiscing fringilla, porttitor vulputate, posuere vulputate, lacus. Cras interdum. Nunc sollicitudin commodo ipsum. Suspendisse non leo. Vivamus nibh dolor, nonummy ac, feugiat non, lobortis quis, pede. Suspendisse dui. Fusce diam nunc, ullamcorper eu, euismod ac, fermentum vel, mauris. Integer sem elit, pharetra ut, pharetra sed, hendrerit a, arcu. Sed et libero. Proin mi. Aliquam gravida mauris ut mi. Duis	f	2022-03-31 21:58:04
327	ac_327	dictum sapien. Aenean massa. Integer vitae nibh. Donec est mauris, rhoncus id, mollis nec, cursus a, enim. Suspendisse aliquet, sem ut cursus luctus, ipsum leo elementum sem, vitae aliquam eros turpis non enim. Mauris quis turpis vitae purus gravida sagittis. Duis gravida. Praesent eu nulla at sem molestie sodales. Mauris blandit enim consequat	f	2023-08-18 09:10:50
328	egestas. Aliquam nec_328	ipsum porta elit, a feugiat tellus lorem eu metus. In lorem. Donec elementum, lorem ut aliquam iaculis, lacus pede sagittis augue, eu tempor erat neque non quam. Pellentesque habitant morbi tristique senectus et netus et malesuada fames ac turpis egestas. Aliquam fringilla cursus purus. Nullam scelerisque neque	t	2021-12-05 23:30:51
329	scelerisque dui._329	a purus. Duis elementum, dui quis accumsan convallis, ante lectus convallis est, vitae sodales nisi magna sed dui. Fusce aliquam, enim nec tempus scelerisque, lorem ipsum sodales purus, in molestie tortor nibh sit amet orci.	f	2022-02-05 12:32:07
330	ipsum. Phasellus_330	ante dictum cursus. Nunc mauris elit, dictum eu, eleifend nec, malesuada ut, sem. Nulla interdum. Curabitur dictum. Phasellus in felis. Nulla tempor augue ac ipsum. Phasellus vitae mauris sit amet lorem semper auctor. Mauris vel turpis. Aliquam adipiscing lobortis risus. In mi pede, nonummy ut, molestie in, tempus eu, ligula. Aenean euismod mauris eu elit. Nulla facilisi. Sed neque. Sed eget lacus. Mauris non dui nec urna suscipit nonummy. Fusce fermentum fermentum arcu. Vestibulum ante ipsum primis in faucibus orci luctus et ultrices posuere cubilia Curae Phasellus ornare.	t	2022-09-01 09:31:32
331	Donec dignissim_331	Phasellus nulla. Integer vulputate, risus a ultricies adipiscing, enim mi tempor lorem, eget mollis lectus pede et risus. Quisque libero lacus, varius et, euismod et, commodo at, libero. Morbi accumsan laoreet ipsum. Curabitur consequat, lectus sit amet luctus vulputate, nisi sem semper erat, in consectetuer ipsum nunc id enim. Curabitur massa. Vestibulum accumsan neque et nunc. Quisque ornare tortor at risus. Nunc ac sem ut dolor dapibus gravida. Aliquam tincidunt, nunc ac mattis ornare, lectus	f	2023-05-23 19:59:39
332	lacinia._332	Nunc ac sem ut dolor dapibus gravida. Aliquam tincidunt, nunc ac mattis ornare, lectus ante dictum mi, ac mattis velit justo nec ante. Maecenas mi felis, adipiscing fringilla, porttitor vulputate, posuere	f	2022-01-23 16:32:10
333	aliquam adipiscing lacus._333	Cras eget nisi dictum augue malesuada malesuada. Integer id magna et ipsum cursus vestibulum. Mauris magna. Duis dignissim tempor arcu. Vestibulum ut eros non enim commodo hendrerit. Donec porttitor tellus non magna. Nam ligula elit, pretium et, rutrum non, hendrerit id, ante. Nunc mauris sapien, cursus in, hendrerit consectetuer, cursus et, magna.	t	2022-01-29 09:12:34
334	Vivamus euismod_334	tempor diam dictum sapien. Aenean massa. Integer vitae nibh. Donec est mauris, rhoncus id, mollis nec, cursus a, enim. Suspendisse aliquet, sem ut	t	2022-06-10 09:34:25
335	nonummy_335	montes, nascetur ridiculus mus. Donec dignissim magna a tortor. Nunc commodo auctor velit. Aliquam nisl. Nulla eu neque pellentesque massa lobortis ultrices. Vivamus rhoncus. Donec est. Nunc ullamcorper, velit in aliquet lobortis, nisi nibh lacinia orci, consectetuer euismod est arcu ac orci. Ut semper pretium neque. Morbi quis urna.	f	2023-05-16 12:53:19
336	volutpat ornare, facilisis eget,_336	mauris sapien, cursus in, hendrerit consectetuer, cursus et, magna. Praesent interdum ligula eu enim. Etiam imperdiet dictum magna. Ut tincidunt orci quis lectus. Nullam suscipit, est ac facilisis facilisis, magna tellus faucibus leo, in lobortis tellus justo sit amet nulla. Donec non justo. Proin non massa non	t	2022-04-10 13:59:08
337	nec ligula consectetuer_337	odio sagittis semper. Nam tempor diam dictum sapien. Aenean massa. Integer vitae nibh. Donec est mauris, rhoncus id, mollis nec, cursus a, enim. Suspendisse aliquet, sem ut cursus luctus, ipsum leo elementum sem, vitae	f	2022-05-25 12:23:38
338	a, aliquet_338	Ut tincidunt vehicula risus. Nulla eget metus eu erat semper	t	2023-08-24 00:32:13
339	elementum sem, vitae aliquam eros_339	ligula. Aenean euismod mauris eu elit. Nulla facilisi. Sed neque. Sed eget lacus. Mauris non dui nec urna suscipit nonummy. Fusce fermentum fermentum arcu. Vestibulum ante ipsum primis in faucibus orci luctus et ultrices posuere cubilia Curae Phasellus ornare. Fusce mollis. Duis sit amet	t	2023-04-09 22:03:11
340	cursus a, enim._340	tempor augue ac ipsum. Phasellus vitae mauris sit amet lorem semper auctor. Mauris vel turpis. Aliquam adipiscing lobortis risus. In mi pede, nonummy ut, molestie in,	t	2023-01-12 09:14:57
341	magna, malesuada vel,_341	Cras pellentesque. Sed dictum. Proin	f	2023-05-21 03:08:44
342	sodales purus, in molestie_342	Nulla aliquet. Proin velit. Sed malesuada augue ut lacus. Nulla tincidunt, neque vitae semper egestas, urna justo faucibus lectus, a sollicitudin orci sem eget massa. Suspendisse eleifend. Cras sed leo. Cras vehicula aliquet libero. Integer in magna. Phasellus dolor elit, pellentesque a, facilisis non, bibendum sed, est. Nunc laoreet lectus quis massa. Mauris vestibulum, neque sed dictum eleifend, nunc risus varius orci, in consequat enim diam vel arcu. Curabitur ut odio vel est tempor bibendum. Donec felis orci, adipiscing non, luctus sit amet, faucibus ut,	f	2023-03-06 10:26:53
343	ipsum. Donec sollicitudin adipiscing_343	In scelerisque scelerisque dui. Suspendisse ac metus vitae velit egestas lacinia. Sed congue, elit sed consequat auctor, nunc nulla vulputate dui, nec tempus mauris erat eget ipsum. Suspendisse sagittis. Nullam vitae diam. Proin dolor. Nulla semper tellus id nunc interdum feugiat. Sed nec metus facilisis lorem tristique aliquet. Phasellus fermentum convallis ligula. Donec luctus aliquet odio. Etiam ligula tortor, dictum eu, placerat eget, venenatis	t	2023-06-02 18:03:38
345	consectetuer_345	gravida. Aliquam tincidunt, nunc ac mattis ornare, lectus ante dictum mi, ac mattis velit justo nec ante. Maecenas mi felis, adipiscing fringilla, porttitor vulputate, posuere vulputate, lacus. Cras interdum. Nunc sollicitudin commodo ipsum. Suspendisse non leo. Vivamus nibh dolor, nonummy ac, feugiat non, lobortis quis, pede. Suspendisse dui. Fusce diam nunc,	f	2022-09-14 21:50:46
346	faucibus id,_346	cursus et, magna. Praesent interdum ligula eu enim. Etiam imperdiet dictum magna. Ut tincidunt orci quis lectus. Nullam suscipit, est ac facilisis facilisis, magna tellus faucibus leo, in lobortis tellus justo sit amet nulla. Donec non justo. Proin non massa non ante bibendum ullamcorper. Duis cursus, diam at pretium aliquet, metus urna convallis erat, eget tincidunt dui augue eu tellus. Phasellus elit pede, malesuada vel, venenatis vel, faucibus id, libero.	f	2023-04-24 05:58:15
464	faucibus_464	viverra. Donec tempus, lorem fringilla ornare placerat, orci lacus vestibulum lorem, sit amet ultricies sem magna nec quam. Curabitur vel lectus. Cum sociis natoque penatibus et magnis	f	2021-12-30 18:56:28
347	pede, malesuada vel, venenatis vel,_347	torquent per conubia nostra, per inceptos hymenaeos. Mauris ut quam vel sapien imperdiet ornare. In faucibus. Morbi vehicula. Pellentesque tincidunt tempus risus. Donec egestas. Duis ac arcu. Nunc mauris. Morbi non sapien molestie orci tincidunt adipiscing. Mauris molestie pharetra nibh. Aliquam ornare, libero at auctor ullamcorper, nisl arcu iaculis enim, sit amet ornare lectus justo eu arcu. Morbi sit amet massa. Quisque porttitor eros nec tellus. Nunc lectus pede, ultrices a,	t	2022-06-05 15:05:23
348	placerat, orci lacus_348	dapibus ligula. Aliquam erat volutpat. Nulla dignissim. Maecenas ornare egestas ligula. Nullam feugiat placerat velit. Quisque varius. Nam porttitor scelerisque neque. Nullam nisl. Maecenas malesuada fringilla est. Mauris	t	2022-09-09 23:32:58
350	sem, consequat_350	sit amet orci. Ut sagittis lobortis mauris. Suspendisse aliquet molestie tellus. Aenean egestas hendrerit neque. In ornare sagittis felis. Donec tempor, est ac mattis semper, dui lectus rutrum urna, nec luctus felis purus ac tellus. Suspendisse sed dolor. Fusce mi lorem, vehicula et, rutrum eu, ultrices sit amet, risus. Donec nibh enim, gravida sit amet, dapibus id, blandit at, nisi. Cum sociis natoque penatibus et magnis dis parturient montes, nascetur ridiculus mus. Proin	t	2022-10-17 18:28:04
351	dolor vitae_351	Sed neque. Sed eget lacus. Mauris non dui nec urna suscipit nonummy. Fusce fermentum fermentum arcu. Vestibulum ante ipsum primis in	t	2022-09-15 01:38:24
352	felis orci, adipiscing non,_352	lorem ut aliquam iaculis, lacus pede sagittis augue, eu tempor erat neque	t	2021-09-12 23:11:41
353	tellus non magna._353	sem. Pellentesque ut ipsum ac mi eleifend	f	2022-04-20 05:12:15
354	auctor, velit eget_354	ante blandit viverra. Donec tempus, lorem fringilla ornare placerat, orci lacus vestibulum lorem, sit amet ultricies sem magna nec quam. Curabitur vel lectus. Cum sociis natoque penatibus et magnis dis parturient montes, nascetur ridiculus mus. Donec dignissim magna a tortor. Nunc commodo auctor velit. Aliquam nisl. Nulla eu neque pellentesque massa lobortis ultrices. Vivamus rhoncus. Donec est. Nunc ullamcorper, velit in aliquet lobortis, nisi nibh lacinia orci, consectetuer	f	2023-04-16 06:04:28
355	Aliquam_355	quis, tristique ac, eleifend vitae, erat. Vivamus nisi. Mauris nulla. Integer urna. Vivamus molestie dapibus ligula. Aliquam erat volutpat. Nulla dignissim. Maecenas ornare egestas ligula. Nullam feugiat placerat velit. Quisque varius. Nam porttitor scelerisque neque. Nullam nisl. Maecenas malesuada fringilla est. Mauris eu turpis. Nulla aliquet. Proin velit. Sed malesuada augue ut lacus. Nulla tincidunt, neque vitae semper egestas, urna justo faucibus lectus, a sollicitudin orci sem eget massa. Suspendisse eleifend. Cras sed leo.	f	2022-04-21 21:00:58
356	Curabitur sed tortor. Integer_356	turpis egestas. Aliquam fringilla cursus purus. Nullam scelerisque neque sed sem egestas blandit. Nam nulla magna, malesuada vel, convallis in, cursus et, eros. Proin ultrices. Duis volutpat nunc sit amet metus. Aliquam erat volutpat. Nulla facilisis. Suspendisse commodo tincidunt nibh. Phasellus nulla. Integer vulputate, risus a ultricies adipiscing, enim mi tempor lorem, eget mollis lectus pede et risus. Quisque libero lacus, varius et, euismod et, commodo at, libero. Morbi accumsan laoreet ipsum. Curabitur	t	2023-08-15 13:16:21
357	nunc est,_357	feugiat tellus lorem eu metus. In lorem. Donec elementum, lorem ut aliquam iaculis, lacus pede sagittis augue, eu tempor erat neque non quam. Pellentesque habitant morbi tristique senectus et netus et malesuada fames ac turpis egestas. Aliquam fringilla cursus purus. Nullam scelerisque neque sed sem egestas blandit. Nam nulla magna, malesuada vel, convallis in,	t	2022-09-19 18:39:18
358	tellus. Phasellus elit pede,_358	velit. Quisque varius. Nam porttitor scelerisque neque. Nullam nisl. Maecenas malesuada fringilla est. Mauris eu turpis. Nulla aliquet. Proin velit. Sed malesuada augue ut lacus. Nulla tincidunt, neque vitae semper egestas, urna justo faucibus lectus, a sollicitudin orci sem eget massa. Suspendisse eleifend. Cras sed leo. Cras vehicula aliquet libero. Integer in magna. Phasellus dolor elit, pellentesque a, facilisis non, bibendum sed, est. Nunc laoreet lectus quis massa. Mauris vestibulum, neque sed dictum eleifend, nunc risus varius orci, in consequat enim diam vel arcu. Curabitur ut odio vel est tempor bibendum. Donec felis orci, adipiscing non,	t	2023-07-30 09:25:54
359	vel, vulputate_359	eget metus. In nec orci. Donec nibh. Quisque nonummy ipsum non arcu. Vivamus sit amet risus. Donec egestas. Aliquam nec enim. Nunc ut erat. Sed nunc est, mollis non, cursus non, egestas a, dui. Cras pellentesque. Sed dictum. Proin eget odio. Aliquam vulputate ullamcorper magna. Sed eu eros. Nam consequat dolor vitae dolor. Donec fringilla. Donec feugiat metus sit amet ante. Vivamus non lorem vitae odio sagittis semper. Nam tempor diam dictum sapien. Aenean massa. Integer vitae nibh. Donec est mauris, rhoncus id,	t	2022-08-05 20:19:39
360	lectus sit amet_360	semper, dui lectus rutrum urna, nec luctus felis purus ac tellus. Suspendisse sed dolor. Fusce mi	f	2022-05-24 00:47:18
361	egestas, urna_361	risus. Nunc ac sem ut dolor dapibus gravida. Aliquam tincidunt, nunc ac mattis ornare, lectus ante dictum mi, ac mattis velit justo nec ante. Maecenas mi felis, adipiscing fringilla, porttitor vulputate, posuere vulputate, lacus. Cras interdum. Nunc sollicitudin commodo ipsum. Suspendisse non leo. Vivamus nibh dolor, nonummy ac, feugiat non, lobortis quis,	t	2021-12-15 12:39:22
378	molestie dapibus_378	dui. Suspendisse ac metus vitae velit egestas lacinia. Sed congue, elit sed consequat auctor, nunc nulla vulputate dui, nec tempus mauris erat eget ipsum. Suspendisse sagittis. Nullam vitae diam. Proin dolor. Nulla semper tellus id nunc interdum feugiat. Sed nec metus facilisis lorem tristique aliquet. Phasellus fermentum convallis ligula.	t	2022-12-05 13:33:54
362	vulputate dui, nec tempus_362	ante. Maecenas mi felis, adipiscing fringilla, porttitor vulputate, posuere vulputate, lacus. Cras interdum. Nunc sollicitudin commodo ipsum. Suspendisse non leo. Vivamus nibh dolor, nonummy ac, feugiat non, lobortis quis, pede. Suspendisse dui. Fusce diam nunc, ullamcorper eu, euismod ac, fermentum vel, mauris. Integer sem elit, pharetra ut, pharetra sed, hendrerit a, arcu. Sed et libero. Proin mi. Aliquam gravida mauris ut mi. Duis risus odio, auctor vitae, aliquet nec, imperdiet nec, leo. Morbi neque tellus, imperdiet non, vestibulum nec, euismod in, dolor. Fusce feugiat. Lorem ipsum dolor sit amet, consectetuer adipiscing	f	2022-01-02 00:40:41
363	sed pede nec ante_363	ante. Maecenas mi felis, adipiscing fringilla, porttitor vulputate, posuere vulputate, lacus. Cras interdum. Nunc sollicitudin commodo ipsum. Suspendisse non leo. Vivamus nibh dolor, nonummy ac, feugiat non, lobortis quis, pede. Suspendisse dui. Fusce diam nunc, ullamcorper eu, euismod ac, fermentum vel, mauris. Integer sem elit, pharetra ut, pharetra sed, hendrerit a, arcu. Sed et libero. Proin mi. Aliquam gravida mauris ut mi.	f	2022-10-29 07:17:03
364	arcu. Morbi sit amet_364	Donec egestas. Aliquam nec enim. Nunc ut erat. Sed nunc est, mollis non, cursus non, egestas a, dui. Cras pellentesque. Sed dictum. Proin eget odio. Aliquam vulputate ullamcorper magna. Sed eu eros. Nam consequat dolor vitae dolor. Donec fringilla. Donec feugiat metus sit amet ante. Vivamus non lorem vitae odio sagittis semper. Nam tempor diam dictum sapien. Aenean massa. Integer vitae nibh. Donec est mauris, rhoncus id, mollis nec,	t	2022-07-15 23:17:05
365	rhoncus. Donec est. Nunc_365	sodales elit erat vitae risus. Duis a mi fringilla mi lacinia mattis. Integer eu lacus. Quisque imperdiet, erat nonummy ultricies ornare, elit elit fermentum risus, at fringilla purus mauris a nunc. In at pede. Cras vulputate velit eu sem. Pellentesque ut ipsum ac mi eleifend egestas. Sed pharetra, felis eget varius ultrices, mauris ipsum porta elit, a feugiat tellus lorem eu metus. In lorem. Donec elementum, lorem ut aliquam iaculis, lacus pede sagittis augue, eu tempor erat neque non quam.	t	2023-04-13 22:10:33
366	risus. In_366	interdum ligula eu enim. Etiam imperdiet dictum magna. Ut tincidunt orci quis lectus. Nullam suscipit, est ac facilisis facilisis, magna tellus faucibus leo, in lobortis tellus justo sit amet nulla. Donec non justo. Proin non massa non ante bibendum ullamcorper. Duis cursus, diam at pretium aliquet, metus urna convallis erat, eget tincidunt dui augue eu tellus. Phasellus elit pede, malesuada vel, venenatis vel, faucibus id, libero. Donec consectetuer mauris id sapien. Cras dolor dolor, tempus non, lacinia at, iaculis quis, pede. Praesent	f	2022-04-06 06:51:11
367	lectus sit_367	in consectetuer ipsum nunc id enim. Curabitur massa. Vestibulum accumsan neque et nunc. Quisque ornare tortor at risus. Nunc ac sem	f	2022-05-19 16:38:50
368	dolor. Nulla_368	enim, condimentum eget, volutpat ornare, facilisis eget, ipsum. Donec sollicitudin adipiscing ligula. Aenean gravida nunc sed pede. Cum sociis natoque penatibus et magnis dis parturient montes, nascetur ridiculus mus. Proin vel arcu eu odio tristique pharetra. Quisque ac libero nec ligula consectetuer rhoncus. Nullam velit dui, semper et, lacinia vitae, sodales at, velit. Pellentesque ultricies dignissim lacus. Aliquam rutrum lorem ac risus. Morbi metus. Vivamus euismod urna. Nullam lobortis quam a felis ullamcorper	t	2023-08-26 14:02:11
369	tellus, imperdiet_369	tempor lorem, eget mollis lectus pede et risus. Quisque libero lacus,	f	2022-06-28 15:07:23
370	Integer aliquam adipiscing lacus._370	ante ipsum primis in faucibus orci luctus	f	2022-04-28 05:15:08
371	magnis dis parturient_371	ligula. Nullam feugiat placerat velit. Quisque varius. Nam porttitor scelerisque neque. Nullam nisl. Maecenas malesuada fringilla est. Mauris eu turpis. Nulla aliquet. Proin velit. Sed malesuada augue ut lacus. Nulla tincidunt, neque vitae semper egestas, urna justo faucibus lectus, a sollicitudin	f	2022-06-07 19:43:32
372	eu_372	ante ipsum primis in faucibus orci luctus et ultrices posuere cubilia Curae Donec tincidunt. Donec vitae erat vel pede blandit congue. In scelerisque scelerisque dui. Suspendisse ac metus vitae velit egestas lacinia. Sed congue, elit sed consequat auctor, nunc nulla vulputate dui, nec tempus mauris erat eget ipsum. Suspendisse sagittis. Nullam vitae diam. Proin dolor. Nulla semper tellus id nunc interdum feugiat. Sed nec metus facilisis lorem tristique aliquet. Phasellus fermentum convallis ligula. Donec luctus aliquet odio. Etiam ligula tortor, dictum eu, placerat eget, venenatis a, magna. Lorem ipsum dolor sit amet, consectetuer adipiscing elit. Etiam laoreet, libero et tristique	f	2022-10-23 21:35:01
373	eu, ultrices_373	lacus. Quisque imperdiet, erat nonummy ultricies ornare, elit elit fermentum risus, at fringilla purus mauris a nunc. In at pede. Cras vulputate velit eu sem. Pellentesque ut ipsum ac mi eleifend egestas. Sed pharetra, felis eget varius ultrices, mauris ipsum porta elit, a feugiat	t	2023-05-12 16:46:29
374	ut, sem. Nulla interdum. Curabitur_374	luctus sit amet, faucibus ut, nulla. Cras eu tellus eu augue porttitor interdum. Sed auctor odio a purus. Duis elementum, dui quis accumsan convallis, ante lectus convallis est, vitae sodales nisi magna sed dui. Fusce aliquam, enim nec tempus scelerisque, lorem ipsum sodales purus, in molestie tortor nibh sit amet orci. Ut sagittis lobortis mauris. Suspendisse aliquet molestie tellus.	t	2021-10-16 01:03:37
375	Phasellus ornare._375	elit, dictum eu, eleifend nec, malesuada ut, sem. Nulla interdum. Curabitur dictum. Phasellus in felis. Nulla tempor augue ac ipsum. Phasellus vitae mauris sit amet lorem semper auctor. Mauris vel turpis. Aliquam adipiscing lobortis risus. In mi pede, nonummy ut, molestie in, tempus eu, ligula. Aenean euismod mauris eu elit. Nulla facilisi. Sed neque. Sed eget lacus. Mauris non dui nec urna suscipit nonummy. Fusce fermentum fermentum arcu. Vestibulum ante ipsum primis in faucibus orci luctus et ultrices posuere cubilia Curae Phasellus ornare. Fusce mollis. Duis sit amet diam eu dolor egestas rhoncus. Proin nisl sem,	f	2023-02-10 03:01:21
376	gravida non,_376	id nunc interdum feugiat. Sed nec metus facilisis lorem tristique aliquet. Phasellus fermentum convallis ligula. Donec luctus aliquet odio. Etiam ligula tortor, dictum eu, placerat eget, venenatis a, magna. Lorem ipsum dolor sit amet, consectetuer adipiscing elit. Etiam laoreet, libero et tristique pellentesque, tellus sem mollis dui, in sodales elit erat vitae risus. Duis a mi fringilla mi lacinia mattis. Integer eu lacus. Quisque imperdiet, erat nonummy ultricies ornare, elit elit fermentum risus, at fringilla purus mauris a nunc. In at pede. Cras vulputate velit eu sem. Pellentesque ut ipsum ac	t	2022-04-02 10:10:03
377	ante lectus convallis_377	imperdiet ornare. In faucibus. Morbi vehicula. Pellentesque tincidunt tempus risus. Donec egestas. Duis ac arcu. Nunc mauris. Morbi non sapien molestie orci tincidunt adipiscing. Mauris molestie pharetra nibh. Aliquam ornare, libero at auctor ullamcorper, nisl arcu iaculis enim, sit amet ornare lectus justo eu arcu. Morbi sit amet massa. Quisque porttitor eros nec tellus. Nunc lectus pede, ultrices a, auctor non, feugiat nec, diam. Duis mi enim, condimentum eget, volutpat ornare, facilisis eget, ipsum.	t	2022-02-24 15:51:16
379	tellus id nunc interdum_379	elit fermentum risus, at fringilla purus mauris a nunc. In at pede. Cras vulputate velit eu sem. Pellentesque ut ipsum ac mi eleifend egestas. Sed pharetra, felis eget varius ultrices, mauris ipsum porta elit, a feugiat tellus lorem eu metus. In lorem. Donec elementum, lorem ut aliquam iaculis, lacus pede sagittis augue, eu tempor erat neque non quam. Pellentesque habitant morbi tristique senectus et netus et malesuada fames ac turpis egestas. Aliquam fringilla cursus purus. Nullam	t	2022-05-11 01:11:38
380	nascetur ridiculus mus. Aenean eget_380	tellus. Suspendisse sed dolor. Fusce mi lorem, vehicula et, rutrum eu, ultrices sit amet, risus. Donec nibh enim, gravida sit amet, dapibus id, blandit at, nisi. Cum sociis natoque penatibus et magnis dis parturient montes, nascetur ridiculus mus. Proin vel nisl. Quisque fringilla euismod enim. Etiam gravida molestie arcu. Sed eu nibh vulputate mauris sagittis placerat. Cras dictum ultricies ligula. Nullam enim. Sed nulla ante, iaculis nec, eleifend non, dapibus rutrum, justo. Praesent luctus. Curabitur egestas nunc sed libero.	f	2023-01-03 09:20:57
381	Suspendisse ac_381	nec orci. Donec nibh. Quisque nonummy ipsum non arcu. Vivamus sit amet risus. Donec egestas. Aliquam nec enim. Nunc ut erat. Sed nunc est, mollis non, cursus non, egestas a, dui. Cras pellentesque. Sed dictum. Proin eget odio. Aliquam vulputate ullamcorper magna. Sed eu eros. Nam consequat dolor vitae dolor. Donec fringilla. Donec feugiat metus sit amet ante. Vivamus non lorem vitae odio sagittis semper. Nam tempor diam dictum sapien. Aenean massa. Integer vitae nibh. Donec est mauris,	t	2023-03-31 21:12:41
382	dolor. Quisque tincidunt_382	ligula. Donec luctus aliquet odio. Etiam ligula tortor, dictum eu, placerat eget, venenatis a, magna. Lorem ipsum dolor sit amet, consectetuer adipiscing elit.	t	2022-10-11 16:41:48
383	diam._383	neque. Morbi quis urna. Nunc quis arcu vel quam dignissim pharetra. Nam ac nulla. In tincidunt congue turpis. In condimentum. Donec at arcu. Vestibulum ante ipsum primis in faucibus orci luctus et ultrices posuere cubilia Curae Donec tincidunt. Donec vitae erat vel pede blandit congue. In scelerisque scelerisque dui. Suspendisse ac metus vitae velit egestas lacinia. Sed congue, elit sed consequat auctor, nunc nulla vulputate dui, nec	t	2023-04-05 22:08:12
384	convallis erat,_384	interdum. Curabitur dictum. Phasellus in felis. Nulla tempor augue ac ipsum. Phasellus vitae mauris sit amet lorem semper auctor. Mauris vel turpis. Aliquam adipiscing lobortis risus. In mi pede, nonummy	f	2022-04-09 08:09:11
385	Phasellus elit pede, malesuada_385	dolor. Fusce mi lorem, vehicula et, rutrum eu, ultrices sit amet, risus. Donec nibh enim, gravida sit amet, dapibus id, blandit at, nisi. Cum sociis natoque penatibus et magnis dis parturient montes, nascetur ridiculus mus. Proin vel nisl. Quisque fringilla euismod enim. Etiam gravida molestie arcu. Sed eu nibh vulputate mauris sagittis placerat. Cras dictum ultricies ligula. Nullam enim. Sed nulla ante, iaculis nec, eleifend non, dapibus rutrum, justo. Praesent luctus. Curabitur egestas nunc sed libero. Proin sed turpis nec mauris blandit mattis. Cras eget nisi dictum augue malesuada malesuada. Integer id magna et ipsum	t	2023-02-22 07:41:43
386	lectus, a sollicitudin_386	ante ipsum primis in faucibus orci luctus et ultrices posuere cubilia Curae Donec tincidunt. Donec vitae erat vel pede blandit congue. In scelerisque scelerisque dui. Suspendisse ac metus vitae velit egestas lacinia. Sed congue, elit sed consequat auctor, nunc nulla vulputate dui, nec tempus mauris erat eget ipsum. Suspendisse sagittis. Nullam vitae diam. Proin dolor. Nulla semper tellus id nunc interdum feugiat. Sed nec metus facilisis lorem tristique aliquet. Phasellus fermentum convallis ligula. Donec luctus aliquet odio. Etiam ligula tortor, dictum eu, placerat eget, venenatis a, magna. Lorem ipsum dolor	f	2023-08-15 00:14:23
388	et, euismod et,_388	sociis natoque penatibus et magnis dis parturient montes, nascetur ridiculus mus. Proin vel arcu eu odio tristique pharetra. Quisque ac libero nec ligula consectetuer rhoncus. Nullam velit dui, semper et, lacinia vitae, sodales at, velit. Pellentesque ultricies dignissim lacus. Aliquam rutrum lorem ac risus. Morbi metus. Vivamus euismod urna. Nullam lobortis quam a felis ullamcorper viverra. Maecenas iaculis aliquet diam. Sed diam lorem, auctor quis, tristique ac, eleifend vitae, erat. Vivamus nisi. Mauris nulla. Integer urna. Vivamus molestie dapibus ligula. Aliquam erat volutpat. Nulla dignissim. Maecenas ornare egestas ligula. Nullam feugiat placerat velit. Quisque	t	2022-08-01 23:39:21
389	lorem, luctus ut, pellentesque_389	Sed dictum. Proin eget odio. Aliquam vulputate ullamcorper magna. Sed eu eros. Nam consequat dolor vitae dolor. Donec fringilla. Donec feugiat metus sit amet ante. Vivamus non lorem	t	2022-01-07 02:20:46
390	a ultricies adipiscing,_390	pede, malesuada vel, venenatis vel, faucibus id, libero. Donec consectetuer mauris id sapien. Cras dolor dolor, tempus non, lacinia at, iaculis quis, pede. Praesent eu dui. Cum sociis natoque penatibus et magnis dis parturient montes, nascetur ridiculus mus. Aenean eget magna. Suspendisse tristique neque venenatis lacus. Etiam bibendum fermentum metus. Aenean sed pede nec ante blandit viverra. Donec tempus, lorem fringilla ornare placerat, orci lacus	t	2023-03-11 21:58:05
391	arcu. Sed eu nibh vulputate_391	Nunc pulvinar arcu et pede. Nunc sed orci lobortis augue scelerisque mollis. Phasellus libero	f	2023-02-17 19:47:53
392	mauris a_392	neque sed sem egestas blandit. Nam nulla magna, malesuada vel, convallis in, cursus et, eros. Proin ultrices. Duis volutpat nunc sit amet metus. Aliquam erat volutpat. Nulla facilisis. Suspendisse commodo tincidunt nibh. Phasellus nulla. Integer vulputate, risus a ultricies adipiscing, enim mi tempor lorem, eget mollis lectus pede et risus. Quisque libero lacus, varius et, euismod et, commodo at, libero. Morbi accumsan laoreet ipsum. Curabitur consequat, lectus sit amet luctus vulputate, nisi sem semper erat, in consectetuer ipsum nunc id enim. Curabitur massa. Vestibulum accumsan neque	f	2021-11-17 07:46:39
393	mauris a nunc. In at_393	turpis egestas. Aliquam fringilla cursus purus. Nullam scelerisque neque sed sem egestas blandit. Nam nulla magna, malesuada vel, convallis in, cursus et, eros. Proin ultrices. Duis volutpat nunc sit amet metus. Aliquam erat volutpat. Nulla facilisis. Suspendisse commodo tincidunt nibh. Phasellus nulla. Integer vulputate, risus a ultricies adipiscing, enim mi tempor lorem, eget mollis lectus pede et risus. Quisque libero lacus, varius et, euismod et, commodo at, libero. Morbi accumsan laoreet ipsum. Curabitur consequat, lectus	t	2022-10-27 13:53:33
394	euismod est arcu ac_394	Mauris molestie pharetra nibh. Aliquam ornare, libero at auctor ullamcorper,	f	2023-08-29 00:24:15
395	turpis nec mauris_395	ullamcorper, nisl arcu iaculis enim, sit amet ornare lectus justo eu arcu. Morbi sit amet massa. Quisque porttitor eros nec tellus. Nunc lectus pede, ultrices a, auctor non, feugiat nec, diam. Duis mi enim,	f	2021-12-06 16:12:34
396	cubilia Curae Donec tincidunt._396	laoreet, libero et tristique pellentesque, tellus sem mollis dui, in sodales elit erat vitae risus. Duis a mi fringilla mi lacinia mattis. Integer eu lacus. Quisque imperdiet, erat nonummy ultricies ornare, elit elit fermentum risus, at fringilla purus mauris a nunc. In at pede. Cras vulputate velit eu sem. Pellentesque ut ipsum ac mi eleifend egestas.	t	2023-04-17 01:51:52
397	magna. Cras convallis_397	aliquet magna a neque. Nullam ut nisi a odio semper cursus. Integer mollis. Integer tincidunt aliquam arcu. Aliquam ultrices iaculis odio. Nam interdum enim non nisi. Aenean eget metus. In nec orci. Donec nibh. Quisque nonummy ipsum non arcu. Vivamus sit amet risus. Donec egestas. Aliquam nec enim.	t	2022-11-14 03:11:03
398	inceptos hymenaeos. Mauris ut_398	eleifend non, dapibus rutrum, justo. Praesent luctus. Curabitur egestas nunc sed libero. Proin sed turpis nec mauris blandit mattis. Cras eget nisi dictum augue malesuada malesuada. Integer id magna et ipsum cursus	f	2022-10-06 19:26:36
399	blandit at, nisi. Cum_399	Cras lorem lorem, luctus ut, pellentesque eget, dictum placerat, augue. Sed molestie. Sed id risus quis diam luctus lobortis. Class aptent taciti sociosqu ad litora torquent per conubia nostra, per inceptos hymenaeos. Mauris ut quam vel sapien imperdiet ornare. In faucibus. Morbi vehicula. Pellentesque tincidunt tempus risus. Donec egestas. Duis ac arcu. Nunc mauris. Morbi non sapien molestie orci tincidunt adipiscing. Mauris molestie pharetra nibh. Aliquam ornare, libero at auctor ullamcorper, nisl arcu iaculis enim, sit amet ornare lectus justo eu	t	2022-03-13 17:47:36
401	arcu eu odio tristique_401	Donec elementum, lorem ut aliquam iaculis, lacus pede sagittis augue, eu tempor erat neque non quam. Pellentesque habitant morbi tristique senectus et netus et malesuada fames ac turpis egestas. Aliquam fringilla cursus purus. Nullam scelerisque neque sed sem egestas blandit. Nam nulla magna, malesuada vel, convallis in, cursus et, eros. Proin ultrices. Duis volutpat nunc sit amet metus. Aliquam erat volutpat. Nulla facilisis. Suspendisse commodo tincidunt	t	2022-01-20 18:47:09
465	eu nibh vulputate mauris_465	felis purus ac tellus. Suspendisse sed dolor. Fusce mi lorem, vehicula et, rutrum eu, ultrices sit amet, risus. Donec nibh enim, gravida sit amet, dapibus id, blandit at, nisi. Cum sociis natoque penatibus et	f	2022-05-05 07:28:44
402	nascetur ridiculus mus. Aenean eget_402	Phasellus dolor elit, pellentesque a, facilisis non, bibendum sed, est. Nunc laoreet lectus quis massa. Mauris vestibulum, neque sed dictum eleifend, nunc risus varius orci, in consequat enim diam vel arcu. Curabitur ut odio vel est tempor bibendum. Donec felis orci, adipiscing non,	f	2022-02-28 16:56:11
403	Pellentesque ultricies dignissim lacus._403	arcu. Sed eu nibh vulputate mauris sagittis placerat. Cras dictum ultricies ligula. Nullam enim. Sed nulla ante, iaculis nec, eleifend non, dapibus rutrum, justo. Praesent luctus. Curabitur egestas nunc sed libero. Proin sed turpis nec mauris blandit mattis. Cras eget nisi dictum augue malesuada malesuada. Integer id magna et ipsum cursus vestibulum. Mauris magna. Duis dignissim tempor arcu. Vestibulum ut eros non enim commodo hendrerit. Donec porttitor tellus non magna. Nam ligula elit, pretium et, rutrum non, hendrerit id, ante. Nunc mauris sapien, cursus	t	2021-12-10 21:01:18
404	sagittis. Nullam_404	sodales elit erat vitae risus. Duis a mi fringilla mi	f	2023-04-21 03:36:51
405	ultrices posuere_405	Morbi non sapien molestie orci tincidunt adipiscing. Mauris molestie pharetra nibh. Aliquam ornare, libero at auctor ullamcorper, nisl arcu iaculis enim, sit amet ornare lectus justo eu arcu. Morbi sit amet massa. Quisque porttitor eros nec tellus. Nunc lectus pede, ultrices a, auctor non, feugiat nec, diam. Duis mi enim, condimentum eget, volutpat ornare, facilisis eget, ipsum. Donec sollicitudin adipiscing ligula. Aenean gravida nunc sed pede. Cum sociis natoque penatibus et magnis dis parturient montes, nascetur ridiculus mus.	t	2022-01-08 14:18:59
406	molestie_406	lacus. Etiam bibendum fermentum metus. Aenean sed pede nec ante blandit viverra. Donec tempus, lorem fringilla ornare placerat, orci lacus vestibulum lorem, sit amet ultricies sem magna nec quam. Curabitur vel lectus. Cum sociis natoque penatibus et magnis dis parturient montes, nascetur ridiculus mus. Donec dignissim magna a tortor. Nunc commodo auctor velit. Aliquam nisl. Nulla eu neque pellentesque massa lobortis ultrices. Vivamus rhoncus. Donec est. Nunc ullamcorper, velit in aliquet lobortis, nisi nibh lacinia orci, consectetuer euismod est arcu ac orci. Ut semper pretium neque. Morbi quis urna. Nunc	f	2022-03-22 03:46:39
407	Sed_407	in, cursus et, eros. Proin ultrices. Duis volutpat nunc sit amet metus. Aliquam erat volutpat. Nulla facilisis. Suspendisse commodo tincidunt nibh. Phasellus nulla. Integer vulputate, risus a ultricies adipiscing, enim mi tempor lorem, eget mollis lectus pede et risus. Quisque libero lacus, varius et, euismod et, commodo at, libero. Morbi accumsan laoreet ipsum. Curabitur consequat, lectus sit amet luctus vulputate, nisi sem semper erat, in consectetuer ipsum nunc id enim. Curabitur massa. Vestibulum accumsan neque et nunc. Quisque ornare tortor at risus. Nunc ac sem ut dolor dapibus gravida. Aliquam tincidunt, nunc ac mattis ornare,	f	2023-02-03 14:09:02
408	non, vestibulum nec,_408	vel turpis. Aliquam	t	2023-04-28 01:39:31
409	facilisis, magna tellus_409	vestibulum massa rutrum magna. Cras convallis convallis dolor. Quisque tincidunt pede ac urna. Ut tincidunt vehicula risus. Nulla eget metus eu erat	t	2023-08-12 14:45:41
410	et netus_410	luctus et ultrices posuere cubilia Curae Phasellus ornare. Fusce mollis. Duis sit amet diam	t	2022-02-27 08:11:19
411	ultrices iaculis odio._411	interdum enim non nisi. Aenean eget metus. In nec orci. Donec nibh. Quisque nonummy ipsum non arcu. Vivamus sit amet risus. Donec egestas. Aliquam nec enim. Nunc ut erat. Sed nunc est, mollis non, cursus non, egestas a, dui. Cras pellentesque. Sed dictum. Proin eget odio.	t	2022-12-18 17:16:23
412	dis parturient montes,_412	et ultrices posuere cubilia Curae Donec tincidunt. Donec vitae erat vel	f	2022-08-01 18:59:11
413	Quisque nonummy_413	nibh. Phasellus nulla. Integer vulputate, risus a ultricies adipiscing, enim mi tempor lorem, eget mollis lectus pede et risus. Quisque libero lacus, varius et, euismod et, commodo at, libero. Morbi accumsan laoreet ipsum. Curabitur consequat, lectus sit amet luctus vulputate, nisi sem semper erat, in consectetuer ipsum nunc id enim.	f	2023-02-28 13:52:38
414	est arcu ac_414	risus. Quisque libero lacus, varius et, euismod et, commodo at, libero. Morbi accumsan laoreet	t	2021-12-14 20:12:28
415	quam. Curabitur vel_415	cursus et, eros. Proin ultrices. Duis volutpat nunc sit amet metus. Aliquam erat volutpat. Nulla facilisis. Suspendisse commodo tincidunt nibh. Phasellus nulla. Integer vulputate, risus a ultricies adipiscing, enim mi tempor lorem, eget mollis lectus pede et risus. Quisque libero lacus, varius et, euismod et, commodo at, libero. Morbi accumsan laoreet ipsum. Curabitur consequat, lectus sit amet luctus vulputate,	t	2021-09-22 08:05:51
416	auctor. Mauris vel turpis._416	lorem vitae odio	f	2022-12-11 02:04:20
417	ac mi eleifend egestas._417	commodo ipsum. Suspendisse non leo. Vivamus nibh dolor, nonummy ac, feugiat non, lobortis quis, pede. Suspendisse dui. Fusce diam nunc, ullamcorper eu, euismod ac, fermentum vel, mauris. Integer sem elit, pharetra ut, pharetra sed, hendrerit a, arcu. Sed et libero. Proin mi. Aliquam gravida mauris ut mi. Duis risus odio, auctor vitae, aliquet nec, imperdiet nec, leo. Morbi neque tellus, imperdiet non, vestibulum nec,	f	2022-10-11 15:41:41
418	Donec fringilla. Donec feugiat_418	ut eros non enim commodo hendrerit. Donec porttitor tellus non magna. Nam ligula elit, pretium et, rutrum non, hendrerit id, ante. Nunc mauris sapien, cursus in, hendrerit consectetuer, cursus et, magna. Praesent interdum ligula eu enim. Etiam imperdiet dictum magna. Ut tincidunt orci quis lectus. Nullam suscipit, est ac facilisis facilisis, magna tellus faucibus leo, in lobortis tellus justo sit amet nulla. Donec non justo. Proin non massa non ante bibendum ullamcorper. Duis cursus, diam at pretium aliquet, metus urna convallis erat, eget tincidunt dui augue eu tellus. Phasellus elit pede, malesuada vel, venenatis vel, faucibus id,	t	2023-08-28 07:54:42
419	Curabitur sed tortor._419	eget magna. Suspendisse tristique neque venenatis lacus. Etiam bibendum fermentum metus. Aenean sed pede nec ante blandit viverra. Donec tempus, lorem fringilla ornare placerat, orci lacus vestibulum lorem, sit amet ultricies sem magna nec quam. Curabitur vel lectus. Cum sociis natoque penatibus et magnis dis parturient montes, nascetur ridiculus mus. Donec dignissim magna a tortor. Nunc commodo auctor velit. Aliquam nisl. Nulla eu neque pellentesque massa	t	2023-08-22 04:56:24
420	urna convallis_420	eget metus. In nec orci. Donec nibh. Quisque nonummy ipsum non arcu. Vivamus sit amet risus. Donec egestas. Aliquam nec enim. Nunc ut erat. Sed nunc est, mollis non,	f	2022-08-06 16:39:53
421	mus. Proin_421	nonummy. Fusce fermentum fermentum arcu. Vestibulum ante ipsum primis in faucibus orci luctus et ultrices posuere cubilia Curae Phasellus ornare. Fusce mollis. Duis sit	t	2021-09-17 00:04:00
422	Nam ligula_422	libero at auctor ullamcorper, nisl arcu iaculis enim, sit amet ornare lectus justo eu arcu. Morbi sit amet massa. Quisque porttitor eros nec tellus. Nunc lectus pede, ultrices a, auctor non, feugiat nec, diam. Duis mi enim, condimentum eget, volutpat ornare, facilisis eget, ipsum. Donec sollicitudin adipiscing ligula. Aenean gravida nunc sed pede. Cum sociis natoque penatibus et magnis dis parturient montes, nascetur ridiculus mus. Proin vel arcu	f	2023-01-10 20:22:57
423	auctor non,_423	Donec fringilla. Donec feugiat metus sit amet ante. Vivamus non lorem vitae odio sagittis semper. Nam tempor diam dictum sapien. Aenean massa. Integer vitae nibh. Donec est mauris, rhoncus id, mollis nec, cursus a, enim. Suspendisse aliquet, sem ut cursus luctus, ipsum leo elementum sem, vitae aliquam eros turpis non enim. Mauris quis turpis vitae purus gravida sagittis. Duis gravida. Praesent eu nulla at sem molestie sodales. Mauris blandit enim consequat purus. Maecenas libero est, congue a, aliquet vel, vulputate eu, odio. Phasellus at augue id ante dictum cursus. Nunc mauris elit, dictum eu, eleifend nec,	t	2023-05-08 11:00:16
424	elit. Curabitur sed tortor._424	Suspendisse non leo. Vivamus nibh dolor, nonummy ac, feugiat non, lobortis quis, pede. Suspendisse dui. Fusce diam nunc, ullamcorper eu, euismod ac, fermentum vel, mauris. Integer sem elit, pharetra ut, pharetra sed, hendrerit a, arcu. Sed et libero. Proin mi. Aliquam gravida mauris ut mi. Duis risus odio, auctor vitae, aliquet nec, imperdiet nec, leo. Morbi neque tellus, imperdiet non, vestibulum nec, euismod in, dolor. Fusce feugiat. Lorem	f	2022-12-16 04:01:08
425	Nunc ut_425	Mauris quis turpis vitae purus gravida sagittis. Duis gravida. Praesent eu nulla at sem molestie sodales. Mauris blandit enim consequat purus. Maecenas libero est, congue a, aliquet vel, vulputate eu, odio. Phasellus at augue id ante	t	2022-02-23 22:11:26
426	dui, semper et,_426	lacus, varius et, euismod et,	t	2022-11-30 19:51:17
427	semper egestas, urna_427	faucibus. Morbi vehicula. Pellentesque tincidunt tempus risus. Donec egestas. Duis ac arcu. Nunc mauris. Morbi non sapien molestie orci tincidunt adipiscing. Mauris molestie pharetra nibh. Aliquam ornare, libero at auctor ullamcorper, nisl arcu iaculis enim, sit amet ornare lectus justo eu arcu. Morbi sit amet massa. Quisque porttitor eros nec tellus. Nunc lectus pede, ultrices a, auctor non, feugiat nec, diam. Duis mi enim,	f	2023-03-29 19:33:23
428	in, hendrerit_428	gravida mauris ut mi. Duis risus odio, auctor vitae, aliquet nec, imperdiet nec, leo. Morbi neque tellus, imperdiet	t	2022-07-05 10:23:52
429	ut eros_429	varius. Nam porttitor scelerisque neque. Nullam nisl. Maecenas malesuada fringilla est. Mauris eu turpis. Nulla aliquet. Proin velit. Sed malesuada augue ut lacus. Nulla tincidunt, neque vitae semper egestas, urna justo faucibus lectus, a sollicitudin orci sem eget massa. Suspendisse eleifend. Cras sed leo. Cras vehicula aliquet libero. Integer in magna. Phasellus dolor elit, pellentesque a, facilisis non, bibendum sed, est. Nunc laoreet lectus quis massa. Mauris vestibulum, neque sed dictum eleifend, nunc risus varius orci, in consequat enim diam vel arcu. Curabitur ut odio vel est tempor bibendum. Donec felis orci,	f	2022-07-13 05:39:08
430	nisi a odio semper_430	sed pede. Cum sociis natoque penatibus et magnis	f	2022-11-25 17:57:35
431	montes, nascetur_431	et ipsum cursus vestibulum. Mauris magna. Duis dignissim tempor arcu. Vestibulum ut eros non enim commodo hendrerit. Donec porttitor tellus non magna. Nam ligula elit, pretium et, rutrum non, hendrerit id, ante. Nunc mauris sapien, cursus in, hendrerit consectetuer, cursus et, magna. Praesent interdum ligula eu enim. Etiam imperdiet dictum magna. Ut tincidunt orci quis lectus. Nullam suscipit, est ac facilisis facilisis, magna tellus faucibus leo, in lobortis tellus justo sit amet nulla. Donec non justo. Proin non massa non ante bibendum ullamcorper. Duis cursus, diam at pretium aliquet,	t	2021-09-18 23:33:47
432	feugiat metus sit amet_432	elit sed consequat auctor, nunc nulla vulputate dui, nec tempus mauris erat	f	2023-03-10 19:50:15
433	rhoncus id, mollis nec,_433	penatibus et magnis dis parturient montes, nascetur ridiculus mus. Aenean eget magna. Suspendisse tristique neque venenatis lacus. Etiam bibendum fermentum metus. Aenean sed pede nec ante blandit viverra. Donec tempus, lorem fringilla ornare placerat, orci lacus vestibulum lorem, sit amet ultricies sem magna nec quam. Curabitur vel lectus. Cum sociis natoque penatibus et magnis dis parturient montes, nascetur ridiculus mus. Donec	f	2023-01-30 18:14:21
434	magnis dis_434	id, libero. Donec consectetuer mauris id sapien. Cras dolor dolor, tempus non, lacinia at, iaculis quis, pede. Praesent eu dui. Cum sociis natoque penatibus et magnis dis parturient montes,	t	2023-01-27 09:47:27
435	tincidunt pede ac_435	ipsum. Suspendisse sagittis. Nullam vitae diam. Proin dolor. Nulla semper tellus id nunc interdum feugiat. Sed nec metus facilisis lorem tristique aliquet. Phasellus fermentum convallis ligula. Donec luctus aliquet odio. Etiam ligula tortor, dictum eu, placerat eget, venenatis a, magna. Lorem ipsum dolor sit amet, consectetuer adipiscing elit. Etiam laoreet, libero et tristique pellentesque, tellus sem mollis dui,	f	2022-08-06 09:54:14
436	Cras interdum. Nunc sollicitudin_436	vehicula aliquet libero. Integer in magna. Phasellus dolor elit, pellentesque a, facilisis non, bibendum sed, est. Nunc	f	2021-11-09 04:10:17
437	Mauris ut quam_437	tempor diam dictum sapien. Aenean massa. Integer vitae nibh. Donec est mauris, rhoncus id, mollis nec, cursus	t	2022-04-17 01:44:30
438	pharetra ut,_438	lacus. Etiam bibendum fermentum metus. Aenean sed pede nec ante blandit viverra. Donec tempus, lorem fringilla ornare placerat, orci lacus vestibulum lorem, sit amet ultricies sem magna nec quam. Curabitur vel lectus. Cum sociis natoque penatibus et magnis dis parturient montes, nascetur ridiculus mus. Donec dignissim magna a tortor. Nunc commodo auctor velit. Aliquam nisl. Nulla eu neque pellentesque massa lobortis ultrices. Vivamus rhoncus. Donec est. Nunc ullamcorper, velit in aliquet lobortis, nisi nibh lacinia orci, consectetuer euismod est arcu ac	t	2023-08-14 20:20:28
440	nec urna suscipit nonummy._440	diam. Pellentesque habitant morbi tristique senectus et netus et malesuada fames ac turpis egestas. Fusce aliquet magna a neque. Nullam ut nisi a odio semper cursus. Integer mollis. Integer tincidunt aliquam arcu. Aliquam ultrices iaculis odio. Nam interdum enim non nisi. Aenean eget metus. In nec orci. Donec nibh. Quisque nonummy ipsum non arcu. Vivamus sit amet risus. Donec egestas. Aliquam nec enim. Nunc ut erat. Sed nunc est, mollis non, cursus non, egestas a, dui. Cras pellentesque. Sed dictum. Proin eget	t	2023-07-31 09:23:03
441	Integer aliquam adipiscing lacus._441	eu tempor erat neque non quam. Pellentesque habitant morbi tristique senectus et netus et malesuada fames ac turpis egestas. Aliquam fringilla cursus purus. Nullam scelerisque neque sed sem egestas blandit. Nam nulla magna, malesuada vel, convallis	f	2022-06-17 08:18:40
442	lectus quis massa._442	semper auctor. Mauris vel turpis. Aliquam adipiscing	f	2022-11-16 21:22:10
443	orci lobortis augue_443	Nunc sed orci lobortis augue scelerisque mollis. Phasellus libero mauris, aliquam eu, accumsan sed, facilisis vitae, orci. Phasellus dapibus quam quis diam. Pellentesque habitant morbi tristique senectus et netus et malesuada fames ac turpis egestas. Fusce aliquet magna a neque. Nullam ut nisi a odio semper cursus. Integer mollis. Integer tincidunt aliquam arcu. Aliquam ultrices iaculis odio. Nam interdum enim non nisi.	t	2021-11-01 01:37:47
444	non enim_444	Quisque ac libero nec ligula consectetuer rhoncus. Nullam velit dui, semper et, lacinia vitae, sodales at, velit. Pellentesque ultricies dignissim lacus. Aliquam rutrum lorem ac risus. Morbi metus. Vivamus euismod urna. Nullam lobortis quam a felis ullamcorper viverra. Maecenas iaculis aliquet diam. Sed diam lorem, auctor quis, tristique ac, eleifend	t	2023-01-19 02:02:06
445	velit. Quisque varius. Nam porttitor_445	vestibulum lorem, sit amet ultricies sem magna nec quam. Curabitur vel lectus. Cum sociis natoque penatibus et magnis dis parturient montes, nascetur ridiculus mus. Donec dignissim magna a tortor. Nunc commodo auctor velit. Aliquam nisl. Nulla eu neque pellentesque massa lobortis ultrices. Vivamus rhoncus. Donec est. Nunc ullamcorper, velit in aliquet lobortis, nisi nibh lacinia orci, consectetuer euismod est arcu ac orci. Ut semper pretium neque. Morbi quis urna. Nunc quis arcu vel quam dignissim pharetra. Nam ac nulla.	f	2022-04-03 04:42:50
446	luctus, ipsum leo elementum sem,_446	ipsum primis in faucibus orci luctus et ultrices	f	2023-02-06 04:02:14
447	ultrices iaculis odio._447	ut, pellentesque eget, dictum placerat, augue. Sed molestie. Sed id risus quis diam luctus lobortis. Class aptent taciti sociosqu ad litora torquent per	f	2022-10-20 18:59:03
448	Mauris blandit enim consequat purus._448	Suspendisse dui. Fusce diam nunc, ullamcorper eu, euismod	t	2021-09-25 16:36:56
449	tempus mauris erat_449	dictum placerat, augue. Sed molestie. Sed id risus quis diam luctus lobortis. Class aptent taciti sociosqu ad litora torquent per conubia nostra, per inceptos hymenaeos. Mauris ut quam vel sapien imperdiet ornare. In faucibus. Morbi vehicula. Pellentesque tincidunt tempus risus. Donec egestas. Duis ac arcu. Nunc mauris. Morbi non sapien molestie orci tincidunt adipiscing. Mauris molestie pharetra nibh. Aliquam ornare, libero	f	2022-01-30 22:45:53
450	Lorem ipsum dolor_450	sodales purus, in molestie tortor nibh sit amet orci. Ut sagittis lobortis mauris. Suspendisse aliquet molestie tellus. Aenean egestas hendrerit neque. In ornare sagittis felis. Donec tempor, est ac mattis semper, dui lectus rutrum urna, nec luctus felis purus ac tellus. Suspendisse sed dolor. Fusce mi lorem, vehicula et, rutrum eu, ultrices sit amet, risus. Donec nibh	t	2023-02-12 05:49:44
451	Donec tincidunt._451	sed tortor. Integer aliquam adipiscing lacus. Ut nec urna et arcu imperdiet ullamcorper. Duis at lacus. Quisque purus sapien, gravida non, sollicitudin a, malesuada id, erat. Etiam vestibulum massa rutrum magna. Cras convallis convallis dolor. Quisque tincidunt pede ac urna. Ut tincidunt vehicula risus. Nulla eget metus eu erat semper rutrum. Fusce dolor quam, elementum at, egestas a, scelerisque sed, sapien. Nunc pulvinar arcu et pede. Nunc sed orci lobortis augue scelerisque	t	2023-06-23 01:42:58
452	convallis est, vitae sodales nisi_452	nunc sed pede. Cum sociis natoque penatibus et magnis dis parturient montes, nascetur ridiculus mus. Proin vel arcu eu odio tristique pharetra. Quisque ac libero nec ligula consectetuer rhoncus. Nullam velit dui, semper et, lacinia vitae, sodales at, velit. Pellentesque ultricies dignissim lacus. Aliquam rutrum lorem ac risus. Morbi metus. Vivamus euismod urna. Nullam lobortis quam a felis ullamcorper viverra. Maecenas	t	2022-06-22 02:08:25
453	metus._453	massa non ante bibendum ullamcorper. Duis cursus, diam at pretium aliquet, metus urna convallis erat, eget tincidunt dui augue eu tellus. Phasellus elit pede, malesuada vel, venenatis vel, faucibus id, libero. Donec consectetuer mauris id sapien. Cras dolor dolor, tempus non, lacinia at, iaculis quis, pede. Praesent eu dui. Cum sociis natoque penatibus et magnis dis parturient montes, nascetur ridiculus mus. Aenean eget magna. Suspendisse tristique neque venenatis lacus. Etiam bibendum fermentum metus. Aenean sed pede nec ante blandit viverra. Donec tempus, lorem fringilla ornare placerat, orci lacus vestibulum lorem, sit amet ultricies sem magna	t	2021-09-08 05:48:38
454	magnis dis_454	quis diam luctus lobortis. Class aptent taciti sociosqu ad litora torquent per conubia nostra, per inceptos hymenaeos. Mauris ut quam vel sapien imperdiet ornare. In faucibus. Morbi vehicula. Pellentesque tincidunt tempus risus. Donec egestas. Duis ac arcu. Nunc mauris. Morbi non sapien molestie orci tincidunt adipiscing. Mauris molestie pharetra nibh. Aliquam ornare, libero at auctor ullamcorper, nisl arcu iaculis enim, sit amet ornare lectus justo eu arcu. Morbi sit amet	f	2023-07-02 04:56:19
455	cursus. Integer mollis. Integer_455	quam, elementum at, egestas a, scelerisque sed, sapien. Nunc pulvinar arcu et pede. Nunc sed orci lobortis augue scelerisque mollis. Phasellus libero mauris, aliquam eu, accumsan	f	2023-07-27 18:59:14
456	aliquam_456	arcu. Aliquam ultrices iaculis odio. Nam interdum enim non nisi. Aenean eget metus. In nec orci. Donec nibh. Quisque nonummy ipsum non arcu. Vivamus sit amet risus. Donec egestas. Aliquam nec enim. Nunc ut erat. Sed nunc est, mollis non, cursus non, egestas	t	2022-07-10 14:54:19
457	nec mauris_457	eu neque pellentesque massa lobortis ultrices. Vivamus rhoncus. Donec est. Nunc ullamcorper, velit in aliquet lobortis, nisi nibh lacinia orci, consectetuer euismod est arcu ac orci. Ut semper pretium neque. Morbi quis urna. Nunc quis arcu vel quam dignissim pharetra. Nam ac nulla. In tincidunt congue turpis. In condimentum. Donec at arcu. Vestibulum ante ipsum primis in faucibus orci luctus et ultrices posuere cubilia Curae Donec tincidunt. Donec vitae erat vel pede blandit congue. In scelerisque scelerisque dui. Suspendisse ac metus vitae velit egestas lacinia. Sed congue,	f	2022-09-06 01:26:14
459	Quisque ac_459	tellus lorem eu metus. In lorem. Donec elementum, lorem ut aliquam iaculis, lacus pede sagittis augue, eu tempor erat neque non quam. Pellentesque habitant morbi tristique senectus et netus et malesuada fames ac turpis egestas. Aliquam fringilla cursus purus. Nullam scelerisque neque sed sem egestas blandit. Nam	t	2022-05-02 23:03:24
460	tellus. Phasellus elit pede,_460	Integer vitae nibh. Donec est mauris, rhoncus id, mollis nec, cursus a, enim. Suspendisse aliquet, sem ut cursus luctus, ipsum leo elementum sem, vitae aliquam eros turpis non enim. Mauris quis turpis vitae purus gravida sagittis. Duis gravida. Praesent eu nulla at sem molestie sodales. Mauris blandit enim consequat purus. Maecenas libero est, congue a, aliquet vel, vulputate eu, odio. Phasellus at augue id ante dictum cursus. Nunc mauris elit, dictum eu, eleifend nec,	f	2023-01-10 21:36:28
461	Praesent eu dui._461	ridiculus mus. Aenean eget magna. Suspendisse tristique neque venenatis lacus. Etiam bibendum fermentum metus. Aenean sed pede nec ante blandit viverra. Donec tempus, lorem fringilla ornare placerat, orci lacus vestibulum lorem, sit amet ultricies sem magna nec quam. Curabitur vel lectus. Cum sociis natoque penatibus et magnis dis parturient montes, nascetur ridiculus mus. Donec dignissim magna a tortor. Nunc commodo auctor velit. Aliquam nisl. Nulla eu neque pellentesque massa lobortis ultrices. Vivamus rhoncus. Donec est. Nunc ullamcorper, velit in aliquet lobortis, nisi nibh lacinia orci, consectetuer euismod est arcu ac orci. Ut semper pretium neque. Morbi	t	2022-10-21 11:23:31
462	taciti sociosqu ad litora_462	tempor augue ac ipsum. Phasellus	t	2023-08-22 13:29:50
463	in, tempus eu, ligula._463	magna. Cras convallis convallis dolor. Quisque tincidunt pede ac urna. Ut tincidunt vehicula risus. Nulla eget metus eu erat semper rutrum. Fusce dolor quam, elementum at, egestas a, scelerisque sed, sapien. Nunc pulvinar arcu et pede. Nunc sed orci lobortis augue scelerisque mollis. Phasellus libero mauris, aliquam eu, accumsan sed, facilisis vitae, orci. Phasellus dapibus quam quis diam. Pellentesque habitant morbi tristique senectus et netus et malesuada fames ac turpis egestas. Fusce aliquet magna a neque. Nullam ut nisi a odio semper cursus. Integer mollis. Integer tincidunt aliquam arcu. Aliquam ultrices iaculis	t	2023-05-05 22:10:57
466	vel_466	vitae purus gravida sagittis. Duis gravida. Praesent eu nulla at sem molestie sodales. Mauris blandit enim consequat purus. Maecenas libero est, congue a, aliquet vel, vulputate eu, odio. Phasellus at augue id ante dictum cursus. Nunc mauris elit, dictum eu, eleifend	f	2023-01-18 08:45:43
467	imperdiet dictum magna. Ut_467	ante. Maecenas mi felis, adipiscing fringilla, porttitor vulputate, posuere vulputate, lacus. Cras interdum. Nunc sollicitudin commodo ipsum. Suspendisse non leo. Vivamus nibh dolor, nonummy ac, feugiat non, lobortis quis, pede. Suspendisse dui. Fusce diam nunc, ullamcorper eu, euismod ac, fermentum vel, mauris. Integer sem elit, pharetra ut, pharetra	t	2022-12-08 01:35:49
468	tristique pellentesque, tellus_468	elementum, lorem ut aliquam iaculis, lacus pede sagittis augue, eu tempor erat neque non quam. Pellentesque habitant morbi tristique senectus et netus et malesuada fames ac turpis egestas. Aliquam fringilla cursus purus. Nullam scelerisque neque sed sem egestas blandit. Nam nulla magna, malesuada vel, convallis in, cursus et, eros. Proin ultrices. Duis volutpat nunc sit amet metus. Aliquam erat volutpat. Nulla facilisis. Suspendisse commodo tincidunt nibh. Phasellus nulla. Integer vulputate, risus a ultricies adipiscing, enim mi tempor lorem, eget mollis lectus pede et risus. Quisque libero lacus, varius et, euismod et,	f	2023-07-12 23:44:54
469	id magna et ipsum_469	egestas. Aliquam nec enim. Nunc ut erat. Sed nunc est, mollis non, cursus non, egestas a, dui. Cras pellentesque. Sed dictum. Proin eget odio. Aliquam vulputate ullamcorper magna. Sed eu eros. Nam consequat dolor vitae dolor. Donec fringilla. Donec feugiat metus sit amet ante. Vivamus non lorem vitae odio sagittis semper. Nam tempor diam dictum sapien. Aenean massa. Integer vitae nibh. Donec est mauris, rhoncus id, mollis nec, cursus a, enim. Suspendisse aliquet, sem ut cursus luctus, ipsum leo elementum sem, vitae aliquam eros turpis non enim. Mauris quis turpis vitae purus	f	2022-03-14 10:19:18
470	gravida molestie_470	at, nisi. Cum sociis natoque penatibus et magnis dis parturient montes, nascetur ridiculus mus. Proin vel nisl. Quisque fringilla euismod enim. Etiam gravida molestie arcu. Sed eu nibh vulputate mauris sagittis placerat. Cras dictum ultricies ligula. Nullam enim. Sed nulla ante, iaculis nec, eleifend non, dapibus rutrum, justo. Praesent luctus. Curabitur egestas nunc sed libero. Proin sed turpis nec mauris blandit mattis. Cras eget nisi dictum augue	t	2023-02-15 06:34:34
471	erat._471	metus. Aliquam erat volutpat. Nulla facilisis. Suspendisse commodo tincidunt nibh. Phasellus nulla. Integer vulputate, risus a ultricies adipiscing, enim mi tempor lorem, eget mollis lectus pede et risus. Quisque libero lacus, varius et, euismod et, commodo at, libero. Morbi accumsan laoreet ipsum. Curabitur consequat, lectus sit amet luctus vulputate, nisi sem semper erat, in consectetuer ipsum nunc id enim. Curabitur massa. Vestibulum accumsan neque et nunc. Quisque ornare tortor at risus. Nunc ac sem ut dolor dapibus gravida. Aliquam tincidunt, nunc ac mattis ornare, lectus ante dictum mi,	t	2022-06-24 05:24:24
472	diam. Duis mi_472	enim, condimentum eget, volutpat ornare, facilisis eget, ipsum. Donec sollicitudin adipiscing ligula. Aenean gravida nunc sed pede. Cum sociis natoque	t	2022-06-25 20:30:46
473	semper_473	luctus lobortis. Class aptent taciti sociosqu ad litora torquent per conubia nostra, per inceptos	t	2022-10-24 13:24:07
474	fermentum vel, mauris. Integer_474	mauris. Morbi non sapien molestie orci tincidunt adipiscing. Mauris molestie pharetra nibh. Aliquam ornare, libero at auctor ullamcorper, nisl arcu iaculis enim, sit amet ornare lectus justo eu arcu. Morbi sit amet massa. Quisque porttitor eros nec tellus. Nunc lectus pede, ultrices a, auctor non, feugiat nec, diam. Duis mi enim, condimentum eget, volutpat ornare, facilisis eget, ipsum. Donec sollicitudin adipiscing ligula. Aenean gravida nunc sed pede. Cum sociis natoque penatibus et magnis dis parturient montes, nascetur ridiculus mus. Proin vel	t	2023-01-27 09:53:32
475	magna tellus faucibus leo,_475	id, erat. Etiam vestibulum massa rutrum magna. Cras convallis convallis dolor. Quisque tincidunt pede ac urna. Ut tincidunt vehicula risus. Nulla eget metus eu erat semper rutrum. Fusce dolor quam, elementum at, egestas a, scelerisque sed, sapien. Nunc pulvinar arcu et pede. Nunc sed orci lobortis augue scelerisque mollis. Phasellus libero mauris, aliquam eu, accumsan sed, facilisis vitae, orci. Phasellus dapibus quam quis diam. Pellentesque habitant morbi tristique senectus et netus et malesuada fames ac turpis egestas. Fusce aliquet magna a neque. Nullam ut nisi a odio	f	2023-08-24 04:49:21
476	et ultrices posuere_476	Pellentesque ut ipsum ac mi eleifend egestas. Sed pharetra, felis eget varius ultrices, mauris ipsum porta elit, a feugiat tellus lorem eu metus. In lorem. Donec elementum, lorem ut aliquam iaculis, lacus pede sagittis augue, eu tempor erat neque non quam. Pellentesque habitant morbi tristique senectus et netus et malesuada fames ac turpis egestas. Aliquam fringilla cursus purus. Nullam scelerisque neque sed sem egestas blandit. Nam nulla magna, malesuada vel, convallis in, cursus et, eros. Proin ultrices. Duis volutpat nunc sit amet metus. Aliquam erat volutpat.	f	2023-01-03 19:26:47
477	purus._477	Etiam laoreet, libero et tristique pellentesque, tellus sem mollis dui, in sodales elit erat vitae risus. Duis a mi fringilla mi lacinia mattis. Integer eu lacus. Quisque imperdiet, erat nonummy ultricies ornare, elit elit fermentum risus, at fringilla purus mauris a nunc. In at pede. Cras vulputate velit eu sem. Pellentesque ut ipsum ac mi eleifend egestas. Sed pharetra, felis eget varius ultrices, mauris ipsum porta elit, a feugiat tellus	t	2022-03-26 22:18:37
479	Phasellus in_479	Duis mi enim, condimentum eget, volutpat ornare, facilisis eget, ipsum. Donec sollicitudin adipiscing ligula. Aenean gravida nunc sed pede.	f	2023-03-16 15:50:34
480	natoque penatibus et_480	velit. Sed malesuada augue ut lacus. Nulla tincidunt, neque vitae semper egestas, urna justo faucibus lectus, a sollicitudin orci sem eget massa. Suspendisse eleifend. Cras sed leo. Cras vehicula aliquet libero. Integer in magna. Phasellus dolor elit, pellentesque a, facilisis non, bibendum sed, est. Nunc laoreet lectus quis massa. Mauris vestibulum, neque sed dictum eleifend, nunc risus varius orci, in consequat enim diam vel arcu. Curabitur ut odio vel est tempor bibendum. Donec felis orci, adipiscing non, luctus sit amet, faucibus ut,	t	2022-04-24 22:03:48
481	pede et_481	Nulla interdum.	f	2023-01-04 18:34:47
482	tellus, imperdiet non,_482	lorem vitae odio sagittis semper. Nam tempor diam dictum sapien. Aenean massa. Integer vitae nibh. Donec est mauris, rhoncus id, mollis nec, cursus a, enim. Suspendisse aliquet, sem ut cursus luctus, ipsum leo elementum sem, vitae aliquam eros turpis non enim.	t	2022-01-12 22:04:46
483	sit_483	ullamcorper, nisl arcu iaculis enim, sit amet ornare lectus justo	f	2021-10-13 07:57:46
484	dui_484	lorem ut aliquam iaculis, lacus pede sagittis augue, eu tempor erat neque non quam. Pellentesque habitant morbi tristique senectus et netus et malesuada fames ac turpis egestas. Aliquam fringilla cursus purus. Nullam scelerisque neque sed sem egestas blandit. Nam nulla magna, malesuada vel, convallis in,	t	2023-04-12 19:05:13
485	metus. Vivamus euismod urna._485	Quisque ac libero nec ligula consectetuer rhoncus. Nullam velit dui, semper et, lacinia vitae, sodales at, velit. Pellentesque ultricies dignissim lacus. Aliquam rutrum lorem ac risus. Morbi metus. Vivamus euismod urna. Nullam lobortis quam	t	2022-11-13 11:12:39
486	feugiat non,_486	lacus. Cras interdum. Nunc sollicitudin commodo ipsum. Suspendisse non leo. Vivamus nibh dolor, nonummy ac, feugiat non, lobortis quis, pede. Suspendisse dui. Fusce diam nunc, ullamcorper eu, euismod ac, fermentum vel, mauris. Integer sem elit, pharetra ut, pharetra sed, hendrerit	t	2022-11-07 06:04:07
487	tincidunt, nunc ac mattis_487	cubilia Curae Donec tincidunt. Donec vitae erat vel pede blandit congue. In scelerisque scelerisque dui. Suspendisse ac metus vitae velit egestas	f	2022-05-10 01:13:29
488	dapibus_488	orci luctus et ultrices posuere cubilia Curae Phasellus ornare. Fusce mollis. Duis	f	2023-05-14 17:26:53
489	semper_489	Quisque porttitor eros nec tellus. Nunc lectus pede, ultrices a, auctor non, feugiat nec, diam.	f	2023-04-09 01:07:02
490	consequat, lectus sit amet_490	dui. Fusce aliquam, enim nec tempus scelerisque, lorem ipsum sodales purus, in molestie tortor nibh sit amet orci. Ut sagittis lobortis mauris. Suspendisse aliquet molestie tellus. Aenean egestas hendrerit neque. In ornare sagittis felis. Donec tempor, est ac mattis semper, dui lectus rutrum urna, nec luctus felis purus ac tellus. Suspendisse sed dolor. Fusce mi lorem, vehicula et, rutrum eu, ultrices sit amet, risus. Donec nibh enim, gravida sit amet, dapibus id, blandit at, nisi.	t	2023-03-14 02:34:51
491	Aliquam rutrum lorem ac risus._491	nec urna	t	2022-10-08 20:37:56
492	Praesent eu dui. Cum_492	condimentum. Donec at arcu. Vestibulum ante ipsum primis in faucibus orci luctus et ultrices posuere cubilia Curae Donec tincidunt. Donec vitae erat vel pede blandit congue. In scelerisque scelerisque dui. Suspendisse ac metus vitae velit egestas lacinia. Sed congue, elit sed consequat auctor, nunc nulla vulputate dui,	t	2022-03-20 21:12:37
493	nec mauris blandit mattis._493	sit amet, dapibus id, blandit at, nisi. Cum sociis natoque penatibus et magnis dis parturient montes, nascetur ridiculus mus. Proin vel nisl. Quisque fringilla euismod enim. Etiam	t	2023-04-20 13:16:07
494	Vivamus euismod_494	nec, malesuada ut, sem. Nulla interdum. Curabitur dictum. Phasellus in felis. Nulla tempor augue ac	t	2022-03-04 16:06:41
495	quis_495	libero est, congue a, aliquet vel, vulputate eu, odio. Phasellus at augue id ante dictum	t	2022-10-16 08:31:34
497	interdum_497	malesuada ut, sem. Nulla interdum. Curabitur dictum. Phasellus in felis. Nulla tempor augue ac ipsum. Phasellus vitae mauris sit amet lorem semper auctor. Mauris vel turpis.	f	2023-05-11 23:23:28
498	Phasellus elit_498	a, malesuada id, erat. Etiam vestibulum massa rutrum magna. Cras convallis convallis dolor. Quisque tincidunt pede ac urna. Ut tincidunt vehicula risus. Nulla eget metus eu erat semper rutrum. Fusce dolor quam, elementum at, egestas a, scelerisque sed, sapien. Nunc pulvinar arcu et pede. Nunc sed orci lobortis augue scelerisque mollis. Phasellus libero mauris, aliquam eu, accumsan sed, facilisis vitae, orci. Phasellus dapibus quam quis diam. Pellentesque habitant morbi tristique senectus et netus et malesuada fames ac turpis egestas.	t	2022-11-10 07:17:59
499	magna. Phasellus dolor elit,_499	non	f	2023-06-03 17:31:59
500	et, eros._500	elementum, dui quis accumsan convallis, ante lectus convallis est, vitae sodales nisi magna sed dui. Fusce	f	2023-01-01 06:02:57
\.


--
-- Data for Name: products_photos; Type: TABLE DATA; Schema: public; Owner: db_user
--

COPY public.products_photos (id, product_id, photo_url, created_at) FROM stdin;
1	325	http://google.com/settings?ad=115	2021-09-02 14:01:52
2	108	http://guardian.co.uk/user/110?q=11	2023-02-20 16:54:29
3	433	https://whatsapp.com/sub/cars?p=8	2021-11-05 09:56:53
4	177	https://wikipedia.org/site?client=g	2021-12-17 13:38:53
5	169	http://wikipedia.org/sub/cars?q=0	2022-04-10 17:07:25
6	19	http://pinterest.com/fr?q=11	2023-04-14 09:11:23
7	274	http://walmart.com/fr?ad=115	2023-04-17 11:55:32
8	292	http://instagram.com/group/9?k=0	2022-07-22 13:01:10
9	483	http://pinterest.com/en-ca?client=g	2022-10-25 17:44:57
10	16	http://naver.com/site?client=g	2023-07-26 04:33:59
11	121	http://cnn.com/sub?search=1	2022-07-22 17:51:28
12	72	http://wikipedia.org/fr?q=test	2022-08-30 18:10:19
13	38	http://bbc.co.uk/en-us?k=0	2021-09-24 13:06:02
14	382	https://baidu.com/sub?gi=100	2022-10-13 12:34:01
15	12	http://bbc.co.uk/site?q=11	2023-05-10 19:59:48
16	153	https://reddit.com/sub/cars?ab=441&aad=2	2022-10-09 02:47:09
17	168	https://guardian.co.uk/group/9?client=g	2022-05-16 11:07:30
18	164	https://cnn.com/fr?gi=100	2023-01-25 19:21:54
19	144	https://youtube.com/fr?ad=115	2022-02-19 05:57:04
20	119	http://naver.com/settings?q=test	2022-07-17 21:59:59
21	336	http://baidu.com/group/9?q=11	2023-07-01 00:30:12
22	90	http://walmart.com/sub?search=1	2021-10-02 15:21:20
23	123	http://instagram.com/sub/cars?page=1&offset=1	2022-10-01 23:57:46
24	265	https://baidu.com/settings?client=g	2023-02-15 15:49:43
25	302	https://baidu.com/one?client=g	2022-01-22 09:47:24
26	97	https://walmart.com/settings?gi=100	2023-02-28 08:41:38
27	24	http://whatsapp.com/group/9?gi=100	2022-03-08 18:13:52
28	104	http://bbc.co.uk/en-ca?ab=441&aad=2	2022-12-24 20:00:27
29	150	http://yahoo.com/user/110?g=1	2022-11-17 03:58:50
30	293	http://nytimes.com/en-us?q=4	2022-06-23 09:19:06
31	130	http://whatsapp.com/en-ca?q=11	2022-06-18 16:02:10
32	315	https://nytimes.com/group/9?search=1&q=de	2022-12-12 08:14:45
33	469	http://guardian.co.uk/group/9?k=0	2022-04-18 14:13:08
34	132	https://wikipedia.org/site?ab=441&aad=2	2022-07-05 11:16:49
35	240	https://cnn.com/group/9?q=4	2023-08-05 20:49:27
36	92	https://guardian.co.uk/site?ab=441&aad=2	2022-05-23 04:37:39
37	87	https://guardian.co.uk/fr?p=8	2021-11-10 01:27:12
38	41	http://zoom.us/sub?q=11	2023-07-31 17:28:58
39	169	http://netflix.com/en-ca?gi=100	2023-06-08 18:26:09
40	393	http://twitter.com/site?ad=115	2022-09-07 04:01:17
41	68	https://bbc.co.uk/sub/cars?q=test	2021-12-02 20:22:56
42	433	http://facebook.com/site?g=1	2022-06-17 11:16:46
43	495	https://yahoo.com/one?q=11	2022-02-21 08:55:24
44	146	http://whatsapp.com/group/9?p=8	2022-01-16 06:13:28
45	335	http://instagram.com/sub?q=4	2022-08-27 21:01:38
46	357	http://facebook.com/site?q=0	2022-03-16 08:33:21
47	403	https://cnn.com/one?str=se	2022-11-14 10:01:44
48	132	http://google.com/sub?q=test	2022-07-16 20:37:08
49	486	https://instagram.com/sub/cars?ad=115	2021-10-08 13:13:52
50	390	http://zoom.us/one?str=se	2022-12-03 22:57:37
51	459	https://google.com/site?q=11	2023-08-21 23:01:59
52	89	http://walmart.com/one?k=0	2022-06-03 15:27:07
53	57	https://youtube.com/fr?ad=115	2022-05-01 06:05:18
54	482	http://naver.com/en-us?g=1	2021-09-08 18:07:34
55	236	http://wikipedia.org/settings?search=1&q=de	2023-05-04 16:39:30
56	27	https://bbc.co.uk/sub/cars?k=0	2022-01-24 11:23:11
57	362	https://facebook.com/site?page=1&offset=1	2022-11-08 03:01:43
58	44	http://google.com/user/110?ad=115	2022-05-07 11:15:39
59	455	https://pinterest.com/sub/cars?p=8	2021-09-03 05:01:42
60	402	http://facebook.com/group/9?ab=441&aad=2	2023-03-14 15:01:27
61	84	https://netflix.com/sub/cars?str=se	2023-04-21 16:44:21
62	279	http://naver.com/group/9?ab=441&aad=2	2022-04-06 23:39:38
63	420	http://walmart.com/one?q=test	2022-11-13 09:09:03
64	165	http://google.com/sub/cars?page=1&offset=1	2022-03-09 07:06:10
65	62	https://wikipedia.org/sub/cars?q=0	2023-07-17 05:24:59
66	2	http://youtube.com/group/9?g=1	2022-06-25 12:42:22
67	295	http://yahoo.com/en-us?ad=115	2022-01-25 12:25:39
68	106	https://ebay.com/fr?search=1	2023-04-12 07:17:16
69	283	http://instagram.com/user/110?search=1&q=de	2022-03-10 04:18:14
70	224	http://bbc.co.uk/sub?gi=100	2022-05-12 22:58:37
71	58	http://facebook.com/site?client=g	2023-05-16 08:17:47
72	262	https://naver.com/en-ca?search=1&q=de	2021-12-14 08:31:21
73	54	https://zoom.us/fr?k=0	2022-08-07 18:32:38
74	105	https://instagram.com/en-us?g=1	2022-12-15 04:33:38
75	200	http://walmart.com/settings?str=se	2022-06-30 10:49:25
76	63	https://zoom.us/en-ca?gi=100	2023-05-19 05:40:05
77	169	https://bbc.co.uk/sub?ab=441&aad=2	2022-09-01 15:51:56
78	357	https://youtube.com/user/110?client=g	2023-06-12 04:29:08
79	136	http://yahoo.com/group/9?gi=100	2022-02-18 07:25:53
80	385	http://whatsapp.com/sub?search=1&q=de	2022-06-30 14:13:25
81	445	http://nytimes.com/user/110?client=g	2023-06-21 14:32:29
82	144	http://instagram.com/en-ca?ab=441&aad=2	2021-09-21 13:09:35
83	331	http://baidu.com/group/9?str=se	2023-01-12 15:38:36
84	440	http://bbc.co.uk/group/9?q=0	2021-09-28 18:47:52
85	465	https://wikipedia.org/one?gi=100	2021-10-11 23:01:06
86	288	https://instagram.com/group/9?client=g	2022-11-16 11:44:48
87	15	https://nytimes.com/site?page=1&offset=1	2022-12-09 04:44:08
88	93	https://nytimes.com/group/9?str=se	2021-12-24 20:28:38
89	417	https://instagram.com/group/9?p=8	2022-06-06 09:55:40
90	234	http://walmart.com/sub/cars?q=test	2022-08-06 00:46:43
91	313	http://instagram.com/one?p=8	2022-01-30 10:07:05
92	79	https://instagram.com/site?p=8	2023-03-23 15:35:52
93	335	https://guardian.co.uk/user/110?p=8	2022-09-13 18:47:10
94	131	https://yahoo.com/one?str=se	2023-07-12 14:38:37
95	358	http://twitter.com/en-us?q=11	2021-11-23 00:46:10
96	122	http://yahoo.com/en-ca?client=g	2022-04-06 06:19:20
97	413	http://youtube.com/site?p=8	2023-02-15 06:26:39
98	41	http://youtube.com/user/110?page=1&offset=1	2023-05-08 20:50:58
99	380	http://nytimes.com/sub?q=test	2022-03-02 18:12:21
100	321	https://cnn.com/settings?q=11	2021-09-21 10:37:20
101	253	http://netflix.com/user/110?p=8	2022-06-02 05:48:34
102	465	http://cnn.com/en-us?page=1&offset=1	2022-01-03 00:23:06
103	283	https://yahoo.com/settings?q=4	2022-07-19 16:13:28
104	186	https://yahoo.com/fr?ad=115	2022-05-02 15:37:21
105	68	https://youtube.com/sub?k=0	2023-08-18 08:50:16
106	461	https://zoom.us/group/9?g=1	2023-08-12 15:55:19
107	416	http://whatsapp.com/sub/cars?search=1&q=de	2023-04-13 05:47:10
108	235	https://guardian.co.uk/settings?str=se	2023-08-24 20:10:54
109	202	http://youtube.com/group/9?str=se	2023-04-16 03:23:29
110	40	https://yahoo.com/group/9?p=8	2022-05-16 12:23:52
111	412	http://naver.com/sub/cars?gi=100	2022-04-14 09:26:19
112	75	http://walmart.com/sub?search=1&q=de	2023-02-03 16:21:58
113	96	http://whatsapp.com/group/9?str=se	2021-12-23 15:44:25
114	48	https://reddit.com/en-us?q=0	2023-02-12 06:38:33
115	440	http://whatsapp.com/sub/cars?k=0	2022-08-23 06:40:48
116	65	http://zoom.us/sub?page=1&offset=1	2022-05-10 16:29:56
117	170	http://ebay.com/sub/cars?page=1&offset=1	2023-04-11 14:08:07
118	395	https://baidu.com/user/110?k=0	2023-06-05 11:01:03
119	98	https://whatsapp.com/en-us?g=1	2023-05-13 19:20:49
120	495	http://bbc.co.uk/en-ca?client=g	2023-08-27 04:19:33
121	480	http://yahoo.com/group/9?g=1	2023-06-02 05:30:21
122	340	http://ebay.com/site?search=1	2023-02-06 21:37:25
123	348	https://youtube.com/sub?gi=100	2023-08-01 23:41:07
124	213	http://nytimes.com/group/9?search=1&q=de	2022-11-20 14:58:57
125	481	http://naver.com/one?client=g	2021-09-06 22:29:33
126	119	https://reddit.com/one?q=4	2022-09-23 08:53:20
127	426	http://instagram.com/settings?client=g	2023-03-09 11:22:46
128	191	https://youtube.com/site?search=1&q=de	2023-07-01 00:49:22
129	17	http://naver.com/sub/cars?q=11	2023-05-02 12:35:08
130	371	https://walmart.com/group/9?q=test	2022-01-05 01:51:18
131	488	https://naver.com/en-ca?gi=100	2023-01-30 05:27:55
132	15	https://reddit.com/fr?gi=100	2023-05-10 13:20:32
133	459	https://reddit.com/settings?p=8	2022-10-17 23:33:02
134	87	http://twitter.com/sub/cars?ad=115	2021-10-31 10:14:09
135	287	http://walmart.com/user/110?g=1	2022-01-18 05:20:11
136	106	http://baidu.com/sub/cars?str=se	2022-05-01 19:27:53
137	72	https://guardian.co.uk/fr?ad=115	2023-07-24 15:34:30
138	98	http://cnn.com/user/110?search=1	2023-05-28 01:28:59
139	94	http://whatsapp.com/en-ca?q=test	2022-07-28 12:46:56
140	228	https://reddit.com/en-ca?p=8	2023-07-28 15:38:59
141	81	http://naver.com/settings?q=4	2022-10-21 17:29:08
142	36	https://google.com/sub/cars?q=test	2023-04-19 18:40:40
143	477	https://naver.com/en-us?ab=441&aad=2	2023-06-11 06:36:21
144	423	http://guardian.co.uk/site?q=0	2023-01-12 16:12:51
145	471	https://guardian.co.uk/group/9?client=g	2022-08-07 10:33:47
146	426	http://naver.com/fr?search=1&q=de	2022-03-13 23:39:23
147	251	https://google.com/user/110?g=1	2022-07-09 13:18:58
148	168	https://guardian.co.uk/one?search=1&q=de	2023-05-27 02:15:49
149	244	https://youtube.com/en-us?gi=100	2022-08-19 08:42:35
150	192	https://baidu.com/user/110?page=1&offset=1	2022-05-04 20:25:15
151	393	http://yahoo.com/one?client=g	2021-12-23 08:30:59
152	210	https://google.com/en-ca?q=11	2021-10-09 21:57:58
153	160	https://walmart.com/sub?page=1&offset=1	2023-03-04 14:44:30
154	279	https://whatsapp.com/one?q=11	2021-12-04 16:14:43
155	422	http://netflix.com/site?g=1	2023-04-22 03:41:00
156	168	https://wikipedia.org/group/9?search=1&q=de	2023-07-23 08:40:41
157	266	https://baidu.com/sub?gi=100	2023-04-09 23:25:12
158	357	https://reddit.com/one?client=g	2021-10-26 23:08:13
159	278	http://netflix.com/en-us?page=1&offset=1	2022-06-20 08:02:48
160	84	http://google.com/sub?q=0	2021-12-17 01:15:45
161	222	http://pinterest.com/site?page=1&offset=1	2023-04-08 08:26:11
162	60	http://wikipedia.org/sub?q=11	2022-04-28 13:48:55
163	482	https://pinterest.com/group/9?q=11	2022-05-01 01:02:17
164	73	http://walmart.com/sub?k=0	2022-07-09 14:16:00
165	317	https://ebay.com/sub/cars?search=1	2022-03-31 15:49:39
166	257	https://bbc.co.uk/sub/cars?ab=441&aad=2	2022-09-02 22:05:38
167	115	http://facebook.com/user/110?gi=100	2023-03-06 15:28:34
168	341	https://guardian.co.uk/fr?search=1	2023-03-10 14:15:26
169	134	https://ebay.com/site?ab=441&aad=2	2022-01-23 10:26:14
170	11	https://reddit.com/user/110?ad=115	2022-07-10 06:20:10
171	295	http://yahoo.com/settings?ad=115	2022-09-21 14:05:38
172	418	https://ebay.com/en-ca?q=4	2022-12-21 22:29:48
173	306	http://whatsapp.com/en-ca?gi=100	2023-02-04 10:48:21
174	477	http://cnn.com/settings?q=test	2023-01-26 02:44:25
175	301	http://ebay.com/group/9?gi=100	2021-12-01 07:57:51
176	395	https://bbc.co.uk/sub?q=11	2023-04-15 13:24:49
177	386	http://netflix.com/en-us?page=1&offset=1	2022-09-16 23:01:57
178	285	https://bbc.co.uk/settings?q=11	2023-07-17 17:30:31
179	393	https://zoom.us/group/9?page=1&offset=1	2022-08-06 21:47:13
180	75	https://instagram.com/en-ca?page=1&offset=1	2022-06-17 16:53:15
181	29	http://naver.com/settings?gi=100	2022-06-03 21:03:52
182	55	http://facebook.com/group/9?search=1&q=de	2022-07-08 13:53:36
183	53	https://google.com/one?q=test	2021-11-26 04:50:54
184	249	https://youtube.com/settings?k=0	2021-12-14 06:56:57
185	454	http://twitter.com/fr?k=0	2023-05-27 21:15:25
186	137	https://baidu.com/settings?ad=115	2021-12-08 17:32:17
187	293	http://youtube.com/site?search=1	2023-01-26 18:05:25
188	70	https://nytimes.com/en-us?search=1&q=de	2023-03-19 23:39:18
189	151	https://wikipedia.org/en-us?q=4	2022-05-07 07:10:49
190	490	https://nytimes.com/settings?q=test	2022-12-23 01:44:38
191	405	http://baidu.com/group/9?str=se	2022-04-15 15:19:01
192	69	http://yahoo.com/en-us?page=1&offset=1	2022-03-06 15:58:36
193	469	https://reddit.com/one?p=8	2023-03-01 04:42:33
194	43	https://wikipedia.org/settings?ad=115	2022-04-01 08:31:02
195	325	http://zoom.us/settings?g=1	2022-09-24 18:28:28
196	343	http://netflix.com/user/110?gi=100	2023-07-31 23:46:51
197	468	http://twitter.com/group/9?q=4	2022-08-29 00:32:05
198	488	https://zoom.us/settings?search=1&q=de	2022-10-14 21:33:05
199	374	https://twitter.com/site?ad=115	2021-10-07 21:20:22
200	356	http://bbc.co.uk/site?page=1&offset=1	2022-04-11 07:16:05
201	57	http://wikipedia.org/en-ca?q=11	2023-02-26 12:14:41
202	294	http://ebay.com/en-ca?search=1	2021-09-21 07:32:03
203	209	https://nytimes.com/settings?g=1	2022-04-10 16:51:49
204	78	https://zoom.us/site?q=4	2023-08-01 06:15:00
205	356	http://walmart.com/user/110?gi=100	2021-11-24 17:26:55
206	293	https://bbc.co.uk/user/110?str=se	2023-04-29 06:39:00
207	38	https://nytimes.com/group/9?ad=115	2021-10-21 06:43:15
208	162	https://bbc.co.uk/sub?str=se	2022-03-26 05:11:21
209	11	https://ebay.com/sub?q=0	2022-03-09 01:25:15
210	273	https://walmart.com/group/9?ad=115	2022-11-14 13:20:21
211	148	https://baidu.com/en-ca?p=8	2021-11-24 15:34:09
212	210	https://naver.com/user/110?gi=100	2023-07-01 21:39:21
213	189	http://twitter.com/fr?q=4	2022-03-26 14:25:15
214	124	https://twitter.com/site?gi=100	2023-03-21 11:40:35
215	204	https://cnn.com/sub?q=test	2022-07-23 01:03:09
216	86	https://google.com/sub/cars?q=11	2022-12-15 22:17:03
217	452	https://ebay.com/en-us?str=se	2022-07-26 07:38:23
218	184	https://youtube.com/settings?q=0	2021-10-25 21:59:17
219	350	http://nytimes.com/one?q=11	2022-07-06 13:56:14
220	18	https://bbc.co.uk/sub/cars?page=1&offset=1	2023-01-28 23:13:12
221	293	http://google.com/sub/cars?page=1&offset=1	2021-09-17 00:23:58
222	430	https://netflix.com/sub?q=4	2022-08-30 13:04:57
223	6	https://facebook.com/settings?k=0	2021-11-14 04:33:10
224	315	https://netflix.com/en-us?k=0	2022-09-15 22:39:31
225	301	https://twitter.com/en-us?ab=441&aad=2	2023-02-06 07:03:55
226	402	http://youtube.com/sub?ad=115	2021-09-26 08:57:16
227	343	http://yahoo.com/sub?ad=115	2022-01-24 01:18:37
228	112	http://bbc.co.uk/settings?k=0	2022-04-19 12:20:03
229	375	http://wikipedia.org/site?page=1&offset=1	2022-04-04 14:09:07
230	15	https://youtube.com/one?gi=100	2022-12-22 01:53:22
231	194	http://cnn.com/en-ca?q=0	2023-05-14 07:38:56
232	488	https://zoom.us/sub/cars?ad=115	2022-07-23 18:38:03
233	134	http://nytimes.com/user/110?q=4	2022-05-28 12:13:40
234	50	http://zoom.us/group/9?search=1	2022-02-10 18:00:03
235	5	https://instagram.com/sub?g=1	2022-02-20 06:44:13
236	407	https://whatsapp.com/fr?ab=441&aad=2	2022-07-17 10:05:38
237	151	http://cnn.com/sub?p=8	2021-11-22 07:12:47
238	369	http://instagram.com/settings?q=test	2022-08-09 16:35:44
239	309	https://zoom.us/en-us?page=1&offset=1	2022-10-19 17:26:41
240	118	http://pinterest.com/one?search=1&q=de	2021-11-04 21:49:44
241	211	https://cnn.com/user/110?p=8	2023-04-07 20:14:57
242	361	http://google.com/settings?page=1&offset=1	2022-09-05 17:54:53
243	186	http://netflix.com/site?gi=100	2022-04-21 18:31:30
244	135	https://whatsapp.com/en-us?search=1&q=de	2022-09-27 00:13:19
245	267	http://youtube.com/user/110?str=se	2023-06-13 21:58:18
246	358	http://naver.com/site?str=se	2022-03-31 06:19:57
247	330	http://youtube.com/site?client=g	2022-05-28 08:20:04
248	346	https://reddit.com/one?ad=115	2022-05-17 03:41:16
249	278	https://wikipedia.org/en-us?p=8	2022-11-29 04:42:44
250	217	http://guardian.co.uk/en-us?search=1	2023-01-28 12:46:19
251	319	http://yahoo.com/fr?client=g	2022-10-17 15:35:32
252	498	http://whatsapp.com/sub?str=se	2022-10-16 08:05:28
253	247	https://netflix.com/en-us?str=se	2022-11-13 10:54:16
254	196	http://guardian.co.uk/group/9?g=1	2021-12-02 13:51:19
255	368	http://bbc.co.uk/user/110?gi=100	2023-02-24 23:28:04
256	17	https://cnn.com/fr?ad=115	2022-06-04 07:29:07
257	46	http://wikipedia.org/fr?q=test	2022-05-26 20:57:57
258	144	https://yahoo.com/site?ad=115	2022-04-12 16:29:42
259	495	http://walmart.com/en-ca?ab=441&aad=2	2022-04-13 06:04:10
260	43	https://netflix.com/group/9?q=4	2023-08-18 03:35:15
261	158	https://zoom.us/fr?search=1&q=de	2022-04-12 08:40:55
262	314	https://netflix.com/site?client=g	2023-05-11 21:31:00
263	455	http://naver.com/fr?search=1&q=de	2022-12-11 04:57:51
264	24	http://facebook.com/site?page=1&offset=1	2021-10-01 01:19:45
265	387	https://cnn.com/site?q=0	2022-12-05 16:17:58
266	73	http://wikipedia.org/site?q=11	2023-05-13 10:54:59
267	101	https://facebook.com/user/110?str=se	2023-05-05 10:48:59
268	26	https://netflix.com/group/9?g=1	2023-02-08 23:26:15
269	412	http://zoom.us/sub/cars?k=0	2021-10-06 18:47:05
270	202	http://whatsapp.com/sub?q=test	2021-08-29 10:09:44
271	459	https://walmart.com/one?q=test	2022-10-05 08:01:46
272	276	https://guardian.co.uk/one?q=0	2022-12-05 17:49:20
273	309	http://netflix.com/settings?gi=100	2022-06-27 03:22:20
274	318	https://walmart.com/site?client=g	2023-08-28 08:14:32
275	82	http://bbc.co.uk/one?q=0	2022-06-15 21:49:18
276	68	https://youtube.com/one?ad=115	2023-03-07 16:34:59
277	17	http://guardian.co.uk/group/9?q=test	2023-04-07 08:09:40
278	346	https://pinterest.com/site?gi=100	2023-05-30 12:14:06
279	376	https://naver.com/one?q=0	2023-04-13 08:31:36
280	5	https://yahoo.com/sub/cars?ad=115	2022-05-25 13:41:32
281	180	https://facebook.com/one?search=1&q=de	2023-01-04 03:54:35
282	20	https://instagram.com/group/9?ab=441&aad=2	2022-05-26 18:38:54
283	489	http://wikipedia.org/settings?q=11	2022-05-31 07:57:38
284	43	http://ebay.com/en-ca?search=1	2023-01-22 10:14:32
285	131	https://walmart.com/fr?search=1	2021-12-30 00:15:32
286	178	https://bbc.co.uk/user/110?k=0	2022-07-26 20:01:01
287	437	http://whatsapp.com/fr?search=1&q=de	2023-05-10 12:25:11
288	215	http://nytimes.com/settings?g=1	2022-04-11 11:33:06
289	212	http://guardian.co.uk/en-us?ad=115	2023-05-01 22:17:54
290	486	https://netflix.com/group/9?p=8	2022-11-26 21:34:46
291	234	http://nytimes.com/settings?str=se	2022-04-04 01:09:54
292	307	https://twitter.com/user/110?gi=100	2022-05-10 02:40:44
293	392	http://yahoo.com/group/9?str=se	2021-10-14 16:32:42
294	414	https://whatsapp.com/group/9?q=test	2023-02-24 23:17:09
295	394	http://youtube.com/one?k=0	2022-06-30 14:40:45
296	224	https://yahoo.com/user/110?k=0	2021-10-09 18:28:37
297	141	https://zoom.us/group/9?q=11	2023-08-17 05:48:04
298	85	http://naver.com/en-us?str=se	2022-09-28 07:17:14
299	434	https://baidu.com/sub/cars?search=1&q=de	2021-12-10 18:51:14
300	91	https://netflix.com/sub?str=se	2023-06-08 10:53:48
301	437	http://nytimes.com/group/9?q=0	2023-07-27 01:20:21
302	89	https://twitter.com/group/9?gi=100	2023-04-24 16:17:02
303	141	http://yahoo.com/sub?page=1&offset=1	2021-10-02 22:18:42
304	213	https://bbc.co.uk/sub?ad=115	2022-06-26 17:37:33
305	4	https://nytimes.com/en-ca?search=1&q=de	2023-08-08 03:21:13
306	81	https://google.com/fr?gi=100	2022-01-23 12:06:32
307	391	http://whatsapp.com/sub/cars?q=0	2022-02-02 20:05:13
308	355	https://zoom.us/one?client=g	2021-09-04 15:26:15
309	207	http://reddit.com/settings?client=g	2023-01-05 03:09:44
310	38	https://guardian.co.uk/site?page=1&offset=1	2023-02-23 02:11:17
311	46	https://cnn.com/sub?search=1&q=de	2022-02-27 16:16:55
312	164	https://facebook.com/one?gi=100	2021-09-21 07:50:02
313	408	http://cnn.com/settings?k=0	2023-05-31 21:30:49
314	130	http://nytimes.com/site?q=11	2023-03-31 18:25:45
315	181	http://bbc.co.uk/sub/cars?page=1&offset=1	2022-01-05 04:13:05
316	59	http://facebook.com/site?q=test	2023-03-04 02:52:53
317	472	http://pinterest.com/en-us?q=0	2022-01-17 21:39:48
318	111	https://twitter.com/fr?str=se	2023-01-27 09:22:58
319	470	http://wikipedia.org/group/9?page=1&offset=1	2022-11-07 16:57:25
320	358	http://nytimes.com/site?p=8	2023-07-28 18:59:10
321	266	http://ebay.com/en-ca?gi=100	2022-10-01 01:51:34
322	367	https://nytimes.com/site?p=8	2022-01-09 10:06:41
323	386	http://nytimes.com/site?q=test	2021-10-30 02:51:00
324	407	https://cnn.com/group/9?g=1	2022-07-11 08:04:30
325	454	https://reddit.com/en-us?page=1&offset=1	2022-03-30 14:53:08
326	8	http://yahoo.com/settings?q=test	2022-01-06 18:18:17
327	321	http://instagram.com/sub/cars?str=se	2022-10-23 01:22:54
328	493	http://zoom.us/user/110?ad=115	2022-08-02 16:45:03
329	376	https://ebay.com/sub?ab=441&aad=2	2022-07-26 04:09:36
330	415	http://guardian.co.uk/en-ca?str=se	2022-10-23 19:13:47
331	123	http://wikipedia.org/group/9?gi=100	2021-11-30 23:07:06
332	254	https://facebook.com/user/110?q=4	2023-07-10 09:16:05
333	320	https://netflix.com/sub/cars?gi=100	2021-09-21 15:49:31
334	2	https://bbc.co.uk/settings?search=1&q=de	2021-09-14 16:29:58
335	195	http://youtube.com/one?p=8	2023-03-14 10:19:53
336	256	https://yahoo.com/settings?g=1	2022-07-31 18:57:41
337	204	http://netflix.com/one?p=8	2023-06-11 02:45:37
338	429	https://guardian.co.uk/en-us?p=8	2022-11-04 17:03:31
339	357	http://ebay.com/sub/cars?search=1&q=de	2023-07-13 23:20:08
340	343	https://ebay.com/en-ca?search=1	2021-09-15 21:11:58
341	319	http://nytimes.com/en-us?g=1	2023-07-20 11:34:20
342	419	http://pinterest.com/fr?search=1	2022-12-27 12:13:43
343	120	http://youtube.com/fr?ad=115	2023-07-30 17:34:53
344	337	http://facebook.com/en-ca?search=1&q=de	2022-05-06 23:51:20
345	482	http://instagram.com/sub/cars?g=1	2021-12-11 20:08:17
346	306	https://yahoo.com/en-ca?ab=441&aad=2	2023-01-24 08:27:06
347	289	https://guardian.co.uk/user/110?search=1&q=de	2022-06-06 18:45:14
348	192	https://google.com/sub?gi=100	2023-08-23 01:37:12
349	44	https://google.com/one?page=1&offset=1	2023-03-02 07:31:55
350	137	https://reddit.com/en-us?q=0	2022-11-16 23:46:06
351	244	https://baidu.com/settings?search=1	2022-03-14 10:52:53
352	492	http://netflix.com/settings?q=11	2022-04-19 13:52:25
353	337	https://cnn.com/en-ca?search=1	2022-09-28 06:17:21
354	63	https://cnn.com/group/9?k=0	2021-10-24 15:24:19
355	306	http://ebay.com/group/9?ab=441&aad=2	2021-10-04 17:51:01
356	446	https://yahoo.com/fr?page=1&offset=1	2022-11-04 07:11:21
357	179	http://zoom.us/fr?page=1&offset=1	2023-05-15 18:40:18
358	302	https://instagram.com/user/110?search=1	2023-02-19 08:32:21
359	111	https://baidu.com/sub?gi=100	2022-07-07 20:18:47
360	81	http://whatsapp.com/fr?str=se	2023-07-23 19:08:31
361	373	http://wikipedia.org/site?q=test	2022-03-25 07:39:10
362	455	https://guardian.co.uk/en-ca?ab=441&aad=2	2021-09-29 02:47:49
363	431	http://nytimes.com/en-ca?q=test	2023-04-08 04:04:02
364	145	https://guardian.co.uk/fr?page=1&offset=1	2022-06-08 10:06:13
365	7	http://cnn.com/en-ca?q=4	2021-11-11 03:01:02
366	441	https://facebook.com/sub/cars?client=g	2022-11-22 19:56:53
367	94	https://wikipedia.org/fr?ab=441&aad=2	2022-09-13 06:49:49
368	362	http://google.com/fr?search=1&q=de	2022-11-07 00:37:54
369	188	https://wikipedia.org/sub?p=8	2023-01-13 10:40:08
370	34	https://guardian.co.uk/settings?k=0	2022-06-19 05:11:44
371	499	https://yahoo.com/user/110?str=se	2021-11-29 14:34:45
372	229	https://cnn.com/group/9?page=1&offset=1	2023-07-19 16:14:31
373	343	https://reddit.com/one?q=0	2022-07-09 10:25:50
374	405	https://zoom.us/sub?q=0	2021-10-02 05:58:18
375	92	https://wikipedia.org/sub/cars?search=1	2022-10-27 21:12:07
376	322	https://whatsapp.com/settings?search=1&q=de	2023-06-05 13:41:35
377	194	http://bbc.co.uk/group/9?page=1&offset=1	2022-10-08 13:48:21
378	260	http://facebook.com/one?q=11	2021-12-22 01:38:01
379	98	http://baidu.com/sub?q=0	2022-10-29 10:49:10
380	421	https://twitter.com/fr?q=11	2023-04-22 02:46:02
381	251	http://nytimes.com/settings?p=8	2022-01-13 06:45:31
382	199	https://google.com/group/9?client=g	2021-11-30 04:56:15
383	180	https://yahoo.com/user/110?q=4	2023-06-05 07:37:29
384	302	http://facebook.com/en-ca?q=4	2023-08-08 06:12:21
385	183	http://google.com/group/9?search=1	2022-08-12 01:05:14
386	135	https://yahoo.com/user/110?q=4	2022-12-02 00:14:25
387	385	https://wikipedia.org/user/110?q=11	2023-05-11 16:07:31
388	114	https://youtube.com/group/9?search=1&q=de	2021-11-02 19:05:03
389	329	https://pinterest.com/one?q=4	2023-03-25 06:23:45
390	237	http://youtube.com/group/9?g=1	2022-06-07 05:19:33
391	95	http://whatsapp.com/settings?ab=441&aad=2	2022-04-22 20:51:56
392	156	https://youtube.com/group/9?search=1	2023-02-19 02:50:34
393	475	https://ebay.com/en-ca?q=11	2021-09-25 23:55:37
394	132	http://zoom.us/sub/cars?k=0	2022-07-25 19:07:17
395	149	http://walmart.com/settings?q=0	2023-08-09 09:00:31
396	356	https://whatsapp.com/settings?gi=100	2023-01-30 10:13:29
397	457	http://whatsapp.com/user/110?q=test	2022-07-17 18:02:18
398	301	https://google.com/settings?q=0	2021-12-28 14:23:35
399	371	https://twitter.com/en-us?q=11	2022-05-08 18:19:19
400	264	http://ebay.com/en-ca?page=1&offset=1	2022-02-01 16:33:38
401	409	http://zoom.us/group/9?q=0	2023-02-03 05:04:56
402	372	https://whatsapp.com/settings?str=se	2021-08-31 18:38:48
403	85	http://facebook.com/en-us?search=1&q=de	2023-07-21 02:23:20
404	448	http://walmart.com/group/9?search=1	2022-11-06 02:24:49
405	50	https://google.com/settings?q=test	2022-07-17 02:52:53
406	67	https://ebay.com/group/9?search=1&q=de	2021-10-02 16:14:45
407	386	https://reddit.com/sub?q=0	2023-07-29 19:01:37
408	332	http://zoom.us/fr?p=8	2022-12-30 23:55:30
409	26	https://facebook.com/sub/cars?q=0	2022-08-08 03:14:46
410	134	http://nytimes.com/user/110?page=1&offset=1	2023-05-06 21:32:14
411	421	https://ebay.com/sub/cars?q=11	2021-12-05 10:49:12
412	199	https://wikipedia.org/en-ca?q=11	2023-03-24 02:50:16
413	276	https://netflix.com/sub?ad=115	2022-05-28 20:33:08
414	231	http://guardian.co.uk/settings?ad=115	2021-11-09 15:01:07
415	472	https://twitter.com/sub?q=0	2023-05-16 03:41:57
416	264	http://zoom.us/site?q=test	2022-05-09 17:07:03
417	277	http://facebook.com/one?q=4	2023-01-06 00:02:34
418	296	https://instagram.com/sub?q=test	2023-04-09 21:53:53
419	11	https://netflix.com/fr?q=11	2022-08-22 20:16:46
420	354	https://walmart.com/group/9?gi=100	2021-08-31 12:48:27
421	286	http://instagram.com/settings?str=se	2023-01-27 10:19:25
422	170	https://guardian.co.uk/group/9?page=1&offset=1	2023-07-06 16:41:04
423	117	http://instagram.com/site?q=test	2022-12-19 17:07:39
424	380	http://ebay.com/fr?ab=441&aad=2	2022-05-29 17:20:25
425	343	http://nytimes.com/settings?k=0	2023-06-01 11:36:35
426	484	http://instagram.com/sub/cars?ab=441&aad=2	2023-04-09 17:47:18
427	17	http://twitter.com/user/110?q=0	2022-04-02 19:41:17
428	219	https://bbc.co.uk/group/9?q=11	2022-01-11 05:30:10
429	69	https://baidu.com/user/110?q=test	2023-01-31 20:34:58
430	288	http://twitter.com/group/9?ab=441&aad=2	2022-01-29 17:15:00
431	403	http://youtube.com/sub?q=test	2023-05-26 22:09:31
432	145	http://netflix.com/sub/cars?client=g	2022-08-16 21:46:29
433	390	https://naver.com/user/110?q=4	2022-01-17 10:21:42
434	42	https://bbc.co.uk/sub/cars?ad=115	2022-04-01 14:11:12
435	194	http://netflix.com/user/110?ab=441&aad=2	2023-06-12 22:40:29
436	140	https://facebook.com/sub/cars?gi=100	2022-06-16 08:42:02
437	308	https://netflix.com/fr?client=g	2023-06-26 20:32:57
438	354	http://guardian.co.uk/en-ca?gi=100	2021-12-24 09:45:51
439	297	http://baidu.com/site?gi=100	2023-04-01 05:53:05
440	464	http://cnn.com/sub/cars?p=8	2022-11-05 20:16:24
441	101	http://netflix.com/user/110?q=4	2022-03-13 12:40:04
442	263	https://reddit.com/sub?client=g	2023-04-13 13:42:31
443	291	https://youtube.com/sub?ab=441&aad=2	2022-08-23 16:51:35
444	31	https://walmart.com/settings?g=1	2022-01-22 00:19:32
445	406	http://baidu.com/settings?q=test	2023-01-27 21:08:56
446	406	https://zoom.us/one?page=1&offset=1	2022-07-05 12:18:23
447	334	https://ebay.com/sub/cars?client=g	2022-12-07 19:13:53
448	398	https://ebay.com/sub/cars?k=0	2022-07-28 08:02:31
449	134	http://ebay.com/user/110?ab=441&aad=2	2023-05-18 09:28:07
450	344	https://walmart.com/en-ca?k=0	2022-06-16 14:47:55
451	420	http://facebook.com/site?page=1&offset=1	2023-07-15 02:13:22
452	122	https://zoom.us/one?q=11	2022-02-13 21:17:09
453	473	https://guardian.co.uk/settings?search=1	2022-01-05 14:03:32
454	383	http://naver.com/fr?q=0	2022-05-07 04:50:44
455	117	https://instagram.com/one?g=1	2021-12-31 05:40:14
456	178	https://cnn.com/settings?search=1&q=de	2023-01-20 12:53:16
457	410	https://pinterest.com/en-us?gi=100	2022-03-19 12:28:49
458	192	https://ebay.com/fr?q=11	2022-04-15 09:06:43
459	127	https://pinterest.com/fr?q=0	2023-04-25 22:51:59
460	301	https://ebay.com/en-ca?ad=115	2023-05-27 09:33:43
461	218	http://baidu.com/settings?ab=441&aad=2	2022-08-29 03:41:29
462	125	https://baidu.com/en-us?search=1	2022-08-04 01:52:39
463	167	https://wikipedia.org/sub/cars?page=1&offset=1	2022-07-17 04:31:40
464	464	https://twitter.com/en-ca?q=0	2021-10-05 09:17:09
465	418	http://twitter.com/user/110?q=0	2022-03-26 23:45:58
466	390	https://facebook.com/group/9?search=1	2022-05-05 02:59:30
467	199	https://facebook.com/one?p=8	2022-08-26 07:32:39
468	400	https://ebay.com/en-us?q=4	2023-04-07 10:47:37
469	349	http://naver.com/one?client=g	2021-10-03 20:49:46
470	476	https://walmart.com/sub/cars?k=0	2022-04-13 14:33:42
471	265	http://instagram.com/sub?q=4	2022-12-29 13:39:04
472	158	https://google.com/en-ca?ab=441&aad=2	2022-02-21 14:34:10
473	131	https://bbc.co.uk/site?q=test	2023-04-16 03:36:19
474	311	http://nytimes.com/site?search=1&q=de	2022-06-14 20:21:33
475	116	https://youtube.com/one?q=4	2022-12-30 20:01:38
476	129	https://twitter.com/site?q=test	2021-12-08 13:48:29
477	326	https://naver.com/sub?str=se	2023-03-31 23:05:36
478	82	http://google.com/en-ca?q=test	2022-06-17 10:37:38
479	69	https://whatsapp.com/fr?page=1&offset=1	2023-03-01 18:44:23
480	326	https://ebay.com/site?q=test	2023-05-16 23:59:51
481	360	http://whatsapp.com/user/110?q=4	2023-03-15 10:26:46
482	3	https://naver.com/group/9?p=8	2022-09-27 08:50:08
483	336	https://google.com/one?p=8	2022-07-03 10:37:06
484	238	http://google.com/fr?q=0	2023-03-24 11:56:53
485	9	http://wikipedia.org/user/110?client=g	2022-06-05 01:31:25
486	169	https://youtube.com/settings?client=g	2022-05-17 19:31:35
487	64	https://zoom.us/en-ca?q=4	2023-05-13 17:21:38
488	62	https://baidu.com/sub/cars?search=1&q=de	2023-08-08 16:20:54
489	35	https://whatsapp.com/en-us?search=1&q=de	2022-08-11 01:57:23
490	367	http://youtube.com/en-ca?ad=115	2023-08-11 16:11:17
491	281	https://zoom.us/sub/cars?k=0	2022-02-23 06:14:36
492	284	http://ebay.com/group/9?client=g	2023-08-24 14:21:42
493	343	http://naver.com/settings?k=0	2022-05-11 04:04:32
494	396	http://cnn.com/sub/cars?q=4	2022-08-06 07:02:51
495	313	http://guardian.co.uk/sub?q=test	2023-05-26 22:38:47
496	164	http://instagram.com/settings?g=1	2023-02-14 15:35:34
497	453	https://reddit.com/user/110?search=1	2021-10-20 11:37:43
498	45	https://bbc.co.uk/user/110?ab=441&aad=2	2023-02-03 20:29:31
499	174	http://zoom.us/sub/cars?ad=115	2023-03-15 00:13:03
500	32	https://twitter.com/settings?str=se	2023-03-07 16:11:58
\.


--
-- Data for Name: products_prices; Type: TABLE DATA; Schema: public; Owner: db_user
--

COPY public.products_prices (id, product_id, price) FROM stdin;
2	207	$637.70
3	437	$804.82
8	2	$212.19
10	235	$51.61
11	394	$22.28
12	72	$130.65
13	222	$797.10
14	20	$472.91
15	241	$334.82
17	356	$828.45
20	319	$121.53
21	440	$124.64
23	26	$341.60
25	73	$690.22
26	298	$577.96
27	420	$385.02
28	388	$195.38
29	284	$619.54
30	392	$621.65
31	302	$915.87
32	321	$871.92
33	163	$927.75
36	95	$389.34
40	165	$508.60
41	149	$428.77
44	348	$6.47
45	429	$810.71
46	405	$993.22
47	325	$840.29
48	112	$647.01
50	137	$706.72
51	384	$947.90
52	418	$158.91
55	328	$331.33
56	399	$698.92
57	414	$750.14
60	232	$976.78
61	237	$23.99
62	55	$761.62
63	301	$834.46
64	173	$949.34
65	162	$460.03
67	272	$54.75
68	342	$830.10
69	231	$635.99
70	108	$785.30
71	148	$301.13
73	199	$590.70
75	368	$45.66
76	210	$307.38
77	280	$61.11
78	239	$125.85
79	132	$155.78
80	118	$396.85
82	215	$180.24
83	86	$387.92
84	346	$528.31
85	406	$365.55
87	311	$828.99
89	271	$836.05
91	363	$76.04
92	439	$146.83
93	157	$662.13
94	428	$539.54
95	355	$533.48
96	351	$821.27
98	411	$909.12
99	438	$902.24
101	443	$971.01
102	200	$398.42
106	408	$538.96
108	156	$591.81
109	316	$316.01
110	304	$611.50
111	447	$799.10
112	52	$492.34
113	404	$398.48
115	60	$463.59
116	143	$32.67
117	39	$117.06
118	312	$117.35
119	139	$138.87
120	423	$381.79
121	435	$934.18
122	56	$287.44
123	354	$311.63
124	326	$843.88
125	374	$29.70
126	6	$792.54
127	305	$282.71
128	203	$605.41
130	403	$526.88
131	209	$214.48
132	53	$356.31
134	145	$177.38
137	3	$470.87
138	93	$735.02
139	445	$798.13
140	133	$282.52
141	198	$989.06
143	188	$578.52
144	293	$565.60
145	89	$470.72
146	350	$560.97
149	248	$321.80
150	306	$247.74
151	30	$27.91
152	175	$278.25
153	442	$855.12
156	98	$817.04
157	236	$581.03
158	249	$447.07
161	401	$933.70
162	427	$633.81
163	182	$854.92
164	432	$533.32
166	220	$762.86
167	262	$374.15
170	422	$680.43
173	158	$222.46
174	80	$728.45
176	21	$640.27
177	42	$707.10
178	96	$608.49
179	113	$969.02
180	33	$974.31
181	212	$431.62
182	78	$142.81
183	244	$501.58
184	330	$224.39
185	152	$121.23
186	371	$97.62
187	16	$94.42
188	121	$87.93
189	353	$174.98
191	177	$801.34
192	131	$319.19
193	61	$211.89
195	27	$496.87
197	332	$58.14
199	275	$33.07
200	338	$87.20
202	412	$293.02
203	170	$399.16
204	138	$111.39
205	128	$241.95
206	441	$82.18
207	252	$911.93
209	243	$956.77
210	99	$411.47
212	5	$124.03
213	223	$247.92
214	369	$913.83
216	381	$829.48
217	74	$427.89
218	436	$558.98
221	333	$56.43
222	218	$125.59
224	66	$846.29
226	146	$289.41
227	224	$560.10
228	147	$86.83
230	136	$492.70
231	36	$193.41
232	387	$465.91
233	234	$574.66
234	115	$84.91
235	309	$98.92
236	46	$790.84
240	103	$458.32
242	67	$461.13
243	123	$97.03
244	8	$180.85
245	10	$291.55
246	383	$767.66
247	251	$685.19
249	314	$923.38
251	339	$733.41
252	395	$141.16
253	344	$261.76
255	14	$948.68
256	410	$915.62
257	258	$998.53
258	193	$903.81
259	276	$172.69
260	109	$380.40
261	421	$788.25
262	161	$393.49
263	431	$250.85
267	111	$815.10
268	13	$977.65
269	226	$470.49
270	135	$268.88
272	126	$310.09
273	279	$498.50
276	337	$709.02
277	287	$370.24
278	407	$155.53
279	254	$205.02
281	179	$124.14
282	389	$998.95
283	379	$537.11
284	129	$215.25
285	171	$836.97
286	40	$242.00
287	323	$382.73
288	44	$367.85
289	122	$248.56
291	31	$601.76
292	263	$706.43
294	267	$183.41
295	184	$886.23
298	141	$198.75
299	320	$297.28
301	106	$998.00
302	285	$288.00
303	120	$331.20
304	264	$100.00
305	497	$236.62
306	452	$734.02
307	496	$927.43
308	455	$927.43
309	151	$927.43
310	253	$927.43
311	119	$927.43
312	270	$927.43
313	268	$927.43
314	310	$927.43
315	214	$927.43
316	397	$927.43
317	101	$927.43
318	486	$927.43
319	82	$927.43
320	25	$927.43
321	359	$927.43
322	213	$927.43
323	265	$927.43
324	292	$927.43
325	168	$927.43
326	196	$927.43
327	373	$927.43
328	238	$927.43
329	230	$927.43
330	449	$927.43
331	307	$927.43
332	382	$927.43
333	335	$927.43
334	191	$927.43
335	295	$927.43
336	11	$927.43
337	228	$927.43
338	489	$927.43
339	178	$927.43
340	471	$927.43
341	255	$927.43
342	357	$927.43
343	465	$927.43
344	142	$927.43
345	479	$927.43
346	160	$927.43
347	57	$927.43
348	288	$927.43
349	34	$927.43
350	296	$927.43
351	12	$927.43
352	282	$927.43
353	324	$927.43
354	18	$927.43
355	424	$927.43
356	466	$927.43
357	167	$927.43
358	250	$927.43
359	64	$927.43
360	478	$927.43
361	458	$927.43
362	104	$927.43
363	413	$927.43
364	102	$927.43
365	315	$927.43
366	71	$927.43
367	343	$927.43
368	186	$927.43
369	480	$927.43
370	297	$927.43
371	459	$927.43
372	419	$927.43
373	444	$927.43
374	391	$927.43
375	400	$927.43
376	274	$927.43
377	473	$927.43
378	426	$927.43
379	47	$927.43
380	211	$927.43
381	83	$927.43
382	15	$927.43
383	361	$927.43
384	125	$927.43
385	77	$927.43
386	140	$927.43
387	474	$927.43
388	153	$927.43
389	277	$927.43
390	261	$927.43
391	468	$927.43
392	484	$927.43
393	189	$927.43
394	233	$927.43
395	485	$927.43
396	500	$927.43
397	91	$927.43
398	433	$927.43
399	303	$927.43
400	365	$927.43
401	475	$927.43
402	462	$927.43
403	281	$927.43
404	461	$927.43
405	499	$927.43
406	181	$927.43
407	340	$927.43
408	498	$927.43
409	367	$927.43
410	396	$927.43
411	107	$927.43
412	493	$927.43
413	221	$927.43
414	398	$927.43
415	19	$927.43
416	65	$927.43
417	366	$927.43
418	317	$927.43
419	37	$927.43
420	85	$927.43
421	32	$927.43
422	358	$927.43
423	164	$927.43
424	278	$927.43
425	289	$927.43
426	100	$927.43
427	492	$927.43
428	416	$927.43
429	172	$927.43
430	377	$927.43
431	24	$927.43
432	494	$927.43
433	68	$927.43
434	456	$927.43
435	38	$927.43
436	300	$927.43
437	256	$927.43
438	216	$927.43
439	202	$927.43
440	266	$927.43
441	195	$927.43
442	483	$927.43
443	318	$927.43
444	470	$927.43
445	110	$927.43
446	370	$927.43
447	48	$927.43
448	28	$927.43
449	313	$927.43
450	94	$927.43
451	362	$927.43
452	204	$927.43
453	299	$927.43
454	62	$927.43
455	329	$927.43
456	454	$927.43
457	180	$927.43
458	390	$927.43
459	127	$927.43
460	117	$927.43
461	185	$927.43
462	487	$927.43
463	349	$927.43
464	341	$927.43
465	286	$927.43
466	409	$927.43
467	446	$927.43
468	155	$927.43
469	434	$927.43
470	417	$927.43
471	97	$927.43
472	205	$927.43
473	197	$927.43
474	187	$927.43
475	114	$927.43
476	386	$927.43
477	269	$927.43
478	194	$927.43
479	430	$927.43
480	336	$927.43
481	378	$927.43
482	457	$927.43
483	464	$927.43
484	352	$927.43
485	477	$927.43
486	50	$927.43
487	51	$927.43
488	76	$927.43
489	460	$927.43
490	69	$927.43
491	334	$927.43
492	385	$927.43
493	393	$927.43
494	219	$927.43
495	81	$927.43
496	273	$927.43
497	79	$927.43
498	450	$927.43
499	481	$927.43
500	90	$927.43
501	134	$927.43
502	59	$927.43
503	192	$927.43
504	116	$927.43
505	84	$927.43
506	463	$927.43
507	246	$927.43
508	488	$927.43
509	29	$927.43
510	159	$927.43
511	41	$927.43
512	467	$927.43
513	402	$927.43
514	227	$927.43
515	380	$927.43
516	247	$927.43
517	347	$927.43
518	242	$927.43
519	190	$927.43
520	54	$927.43
521	208	$927.43
522	322	$927.43
523	294	$927.43
524	174	$927.43
525	451	$927.43
526	4	$927.43
527	257	$927.43
528	92	$927.43
529	58	$927.43
530	1	$927.43
531	290	$927.43
532	206	$927.43
533	364	$927.43
534	372	$927.43
535	49	$927.43
536	22	$927.43
537	360	$927.43
538	70	$927.43
539	45	$927.43
540	225	$927.43
541	495	$927.43
542	327	$927.43
543	105	$927.43
544	469	$927.43
545	75	$927.43
546	124	$927.43
547	229	$927.43
548	245	$927.43
549	425	$927.43
550	415	$927.43
551	43	$927.43
552	482	$927.43
553	259	$927.43
554	166	$927.43
555	291	$927.43
556	201	$927.43
557	176	$927.43
558	87	$927.43
559	169	$927.43
560	476	$927.43
561	472	$927.43
562	154	$927.43
563	35	$927.43
564	375	$927.43
565	448	$927.43
566	491	$927.43
567	345	$927.43
568	308	$927.43
569	150	$927.43
570	490	$927.43
571	331	$927.43
572	63	$927.43
573	183	$927.43
574	9	$927.43
575	260	$927.43
576	88	$927.43
577	130	$927.43
578	240	$927.43
579	283	$927.43
580	217	$927.43
581	144	$927.43
582	453	$927.43
583	7	$927.43
\.


--
-- Data for Name: products_prices_reduces; Type: TABLE DATA; Schema: public; Owner: db_user
--

COPY public.products_prices_reduces (id, products_price_id, percents) FROM stdin;
13409	44	71.47
13410	282	54.52
13411	10	32.90
13414	253	19.90
13415	279	36.80
13416	77	85.01
13417	178	48.87
13418	164	61.71
13419	181	19.16
13422	40	79.41
13423	299	75.73
13424	62	17.65
13426	128	6.90
13428	134	23.16
13429	161	74.82
13430	192	89.96
13431	15	91.57
13432	12	85.50
13433	31	78.37
13434	145	40.37
13436	84	19.96
13439	108	82.00
13440	180	30.73
13441	261	54.36
13442	207	61.75
13443	216	4.36
13444	70	73.23
13445	287	30.68
13446	89	52.64
13449	206	97.24
13451	57	14.68
13453	75	3.59
13456	163	16.45
13457	41	50.07
13458	33	47.16
13459	118	66.01
13460	243	45.02
13461	153	41.76
13462	276	12.54
13463	294	1.49
13466	110	45.80
13468	113	38.82
13469	121	62.72
13470	158	36.78
13471	267	22.64
13472	92	1.62
13473	176	33.73
13474	98	67.06
13475	255	56.97
13476	102	87.93
13478	20	73.03
13480	270	51.07
13481	95	84.39
13482	115	28.72
13483	285	55.33
13485	213	35.77
13486	167	6.54
13487	85	24.15
13489	14	58.66
13490	230	37.77
13491	125	89.48
13492	162	54.60
13496	179	42.97
13497	234	12.43
13498	83	84.32
13499	117	54.26
13500	73	58.79
13502	119	75.47
13503	281	48.30
13504	112	97.07
13505	25	49.55
13506	140	2.95
13507	156	9.22
13509	26	18.06
13510	226	47.73
13512	46	66.37
13513	149	74.44
13515	246	49.76
13516	56	47.53
13517	79	84.67
13523	21	45.59
13524	151	88.77
13525	106	4.79
13526	277	96.00
13528	189	35.92
13529	209	89.48
13531	94	89.37
13533	91	98.09
13534	197	77.92
13538	45	76.39
13540	212	41.87
13542	202	60.21
13543	23	4.69
13544	61	44.24
13545	228	86.49
13547	96	61.53
13548	187	95.78
13549	126	14.36
13550	143	14.61
13551	28	63.27
13552	284	72.90
13553	217	15.52
13554	236	97.91
13555	55	49.84
13556	195	48.97
13557	8	84.90
13558	36	77.09
13560	68	93.40
13561	232	2.68
13562	144	90.96
13563	127	73.54
13565	131	69.22
13568	76	91.76
13569	199	53.87
13571	87	82.37
13572	141	40.70
13574	64	71.71
13575	203	89.05
13576	249	70.66
13577	138	66.94
13582	224	59.50
13583	273	28.17
13584	278	81.56
13585	65	79.05
13586	247	36.93
13587	48	43.20
13588	139	51.33
13589	221	20.68
13590	245	67.09
13591	80	17.16
13592	235	40.09
13594	272	41.18
13595	240	35.43
13596	51	2.05
13597	251	65.43
13598	166	37.69
13599	252	30.92
13601	269	41.93
\.


--
-- Data for Name: products_prices_reduces_individual; Type: TABLE DATA; Schema: public; Owner: db_user
--

COPY public.products_prices_reduces_individual (user_id, products_price_id, percents) FROM stdin;
168	233	45.16
43	71	72.11
181	128	29.98
18	278	36.34
121	28	30.13
45	192	26.87
88	137	51.44
87	127	19.00
143	173	48.49
189	95	42.91
63	299	57.84
123	289	17.47
60	230	10.68
135	82	37.98
175	277	10.20
197	12	19.59
114	246	72.19
122	262	75.50
97	111	2.10
164	213	34.83
54	282	3.99
22	186	16.41
77	51	43.68
7	230	41.03
121	197	25.41
197	82	81.06
14	278	27.47
161	281	67.23
86	230	44.35
94	46	92.49
40	188	27.64
145	137	87.94
79	188	12.34
125	153	25.75
187	188	25.15
105	106	60.95
156	76	84.83
124	10	24.71
100	96	24.74
130	96	33.92
81	30	17.67
180	32	76.85
63	3	77.58
153	204	51.58
133	94	29.05
102	182	13.24
10	294	93.92
111	292	49.01
137	243	58.15
126	31	71.80
187	64	32.22
51	125	57.37
152	130	76.47
179	65	89.93
151	200	18.65
162	178	83.51
9	128	68.76
32	183	9.68
171	108	40.32
171	185	51.57
145	253	62.66
180	156	62.82
181	87	72.95
43	256	70.92
125	14	84.24
5	234	82.62
149	180	66.90
23	101	88.66
191	96	75.71
96	70	81.46
12	231	88.30
12	174	40.62
165	79	17.57
74	110	63.94
47	157	46.12
131	192	97.32
49	70	70.87
38	28	58.62
172	15	10
171	70	10
\.


--
-- Data for Name: profiles; Type: TABLE DATA; Schema: public; Owner: db_user
--

COPY public.profiles (id, user_id, email, phone, gender, created_at, birthdate) FROM stdin;
163	137	aenean.eget@icloud.ca	836-1712	F	2022-03-31 11:08:09	1933-05-09
164	175	aliquam.nec@aol.ca	718-0428	M	2021-09-13 10:50:17	1995-10-28
165	177	magnis.dis@aol.com	1-938-634-6368	M	2023-06-11 06:38:31	1925-12-30
166	89	lacus.aliquam@google.edu	1-870-482-4432	F	2022-04-17 14:25:16	2019-06-13
167	12	parturient.montes@outlook.net	744-9436	M	2022-09-20 09:11:52	2014-03-07
168	108	urna@protonmail.net	1-267-865-7092	F	2022-02-02 11:25:24	1971-11-21
169	62	et@aol.couk	231-6140	M	2022-05-13 12:30:45	2001-10-07
170	30	sed.turpis@aol.org	524-6873	F	2022-12-20 12:02:56	1968-05-02
171	52	amet.dapibus@yahoo.com	874-2475	M	2022-03-24 16:34:50	1997-10-13
172	70	sit@google.couk	1-413-635-5526	F	2023-04-13 03:56:06	2020-10-18
173	35	suspendisse.non@protonmail.org	874-7468	M	2022-10-15 07:41:31	1925-04-18
174	41	ac@yahoo.couk	1-326-711-3357	M	2023-08-10 21:16:33	1953-12-25
175	142	et.euismod.et@outlook.ca	1-354-446-4287	F	2022-02-07 04:28:20	1923-02-26
176	177	proin.ultrices@yahoo.org	415-5364	F	2021-09-09 01:50:58	1922-06-02
177	43	ut@yahoo.edu	782-7616	F	2022-10-14 16:32:09	1933-09-21
178	122	nulla@google.couk	1-711-627-8664	F	2022-10-19 10:59:57	2009-02-05
179	48	consectetuer.rhoncus.nullam@yahoo.org	236-1710	F	2022-12-11 04:29:40	1969-08-25
180	131	ullamcorper.magna@aol.ca	346-9882	M	2023-04-08 15:18:21	2012-05-09
181	154	lectus.justo@protonmail.edu	1-742-764-7562	M	2022-12-17 20:06:56	1954-03-15
182	122	aenean.euismod@google.com	1-879-884-7688	F	2022-09-16 23:28:56	1984-08-29
183	53	dui.quis@outlook.net	1-847-399-2957	M	2021-11-24 12:02:31	1966-11-29
184	19	lectus.convallis.est@yahoo.edu	1-212-294-6770	F	2023-01-29 15:27:05	2008-12-02
185	168	dictum.cursus@outlook.com	1-618-239-6777	F	2022-01-10 05:23:57	1958-04-16
186	80	odio.semper@aol.couk	1-228-782-1428	M	2022-08-17 13:27:58	2019-01-27
187	89	nec@yahoo.edu	1-526-376-7026	M	2022-09-25 10:07:02	1949-09-16
188	63	sodales.at.velit@icloud.edu	1-607-445-4956	F	2021-11-21 23:38:20	1966-10-15
189	103	enim.nunc@icloud.couk	359-8487	F	2022-12-16 07:17:40	1977-08-02
190	82	fringilla.cursus.purus@aol.com	783-5853	M	2022-03-04 19:43:29	1941-01-18
191	60	sed.eu.eros@aol.com	1-923-753-2109	M	2022-09-29 15:33:56	1979-07-05
192	41	morbi@icloud.org	816-8613	F	2022-12-28 15:54:33	2022-01-14
193	139	et.netus@hotmail.org	280-1306	M	2022-09-04 20:48:30	1997-09-22
194	83	dictum.phasellus@protonmail.edu	211-1924	M	2022-04-07 03:46:01	1959-03-25
195	83	nam.nulla@yahoo.com	761-7619	F	2022-12-28 16:14:53	2003-07-31
196	135	penatibus.et@icloud.com	1-268-847-6360	F	2022-01-19 02:20:18	2013-06-06
197	121	a.ultricies.adipiscing@protonmail.ca	1-234-351-5224	M	2023-05-18 03:55:40	1980-02-12
198	97	non.enim.mauris@hotmail.couk	1-281-176-9681	M	2022-02-10 06:39:46	1998-01-04
199	34	quis@hotmail.com	803-9913	F	2022-08-16 07:38:12	1970-06-16
200	129	ut.nec.urna@hotmail.org	893-2075	M	2023-06-25 12:00:09	1970-01-24
201	3	fringilla.cursus.purus@icloud.ca	513-8471	M	2022-07-13 02:50:52	1984-01-14
202	16	nulla@hotmail.org	1-384-842-3283	F	2022-09-11 11:55:24	2002-02-14
203	83	luctus.ut@hotmail.net	1-697-538-4142	F	2023-01-27 11:54:33	2009-03-06
204	19	nunc@hotmail.edu	1-788-851-9578	F	2022-03-07 10:31:31	1932-05-09
205	31	in@hotmail.com	261-2586	M	2022-07-26 07:02:54	1958-01-10
206	151	lectus.cum@google.net	247-6681	M	2023-02-20 14:38:08	2018-09-28
207	63	scelerisque.neque@icloud.edu	138-6694	F	2021-12-24 23:21:31	1939-08-11
208	64	duis.ac@icloud.ca	344-3516	F	2023-01-12 16:17:05	2006-11-22
209	111	risus.varius.orci@aol.net	1-474-697-6465	F	2023-01-18 03:44:07	1944-07-14
210	73	aliquet.proin.velit@google.ca	865-5523	M	2023-01-04 13:42:41	1955-10-28
211	68	elit.dictum.eu@icloud.couk	1-927-384-1897	F	2022-01-17 21:32:42	1989-07-27
212	70	nulla.magna@aol.ca	1-885-433-1568	M	2023-06-10 03:38:53	2017-05-04
213	144	eget.nisi.dictum@aol.ca	1-946-334-4126	F	2023-07-15 22:45:05	1970-06-24
214	73	enim.consequat@aol.edu	578-7375	F	2022-04-04 03:25:07	1997-02-28
215	24	arcu.vestibulum@outlook.couk	1-768-397-7488	F	2022-07-16 11:25:13	1966-07-15
216	136	scelerisque.lorem.ipsum@yahoo.org	905-8473	M	2022-08-11 17:58:53	1936-08-01
217	114	mauris.nulla@protonmail.ca	1-952-747-7348	F	2023-01-04 03:48:59	1954-12-30
218	4	convallis@protonmail.com	1-833-386-6342	M	2021-09-09 10:59:14	2018-05-03
219	68	scelerisque.scelerisque@aol.couk	827-3347	M	2023-03-01 17:23:27	1956-09-25
220	29	vulputate@protonmail.com	271-3234	M	2022-10-15 01:20:58	2002-01-05
221	40	morbi.non@yahoo.edu	746-8461	M	2022-01-31 01:17:22	1975-10-04
222	36	per@yahoo.net	667-8143	M	2021-09-10 01:50:15	1979-01-07
223	96	sit.amet@google.edu	682-9533	F	2023-07-26 17:46:12	2018-07-30
224	42	molestie.orci@protonmail.couk	178-2980	F	2022-05-30 13:25:19	1985-07-05
225	170	tristique@icloud.ca	287-1686	F	2022-05-02 14:27:19	1926-02-01
226	13	in@protonmail.couk	1-443-612-8274	F	2022-04-15 05:42:52	2019-10-01
227	170	tortor.integer@hotmail.edu	1-810-585-2185	M	2022-01-16 01:21:55	1960-09-10
228	85	ligula.eu@google.com	117-4525	M	2022-05-06 22:36:30	1995-10-23
229	53	in@outlook.com	1-418-263-8601	F	2022-07-11 18:32:04	1966-04-11
230	179	magna@hotmail.org	360-3580	F	2022-03-21 04:47:21	2018-06-01
231	86	eget@google.com	1-294-996-6455	M	2021-12-02 04:43:32	2009-08-16
232	88	eu.nulla.at@yahoo.com	1-374-822-6719	F	2022-11-02 19:29:21	2020-09-23
233	171	integer@protonmail.ca	1-568-455-3548	M	2022-06-03 22:01:37	1995-04-05
234	36	venenatis@icloud.com	752-9568	F	2022-02-17 09:39:39	2006-10-31
235	142	sodales222@google.couk	720-2370	M	2022-08-16 03:22:17	1954-07-09
236	63	eu@hotmail.couk	769-4168	M	2023-05-21 05:57:15	1936-11-13
237	144	elit.fermentum@aol.net	832-0670	F	2021-10-25 11:03:21	1993-07-05
238	35	hendrerit.consectetuer@protonmail.net	455-7652	M	2022-12-11 15:20:24	1975-12-31
239	52	nostra.per@aol.edu	1-656-149-4644	M	2022-04-11 22:06:37	1994-02-21
240	158	rutrum@yahoo.edu	1-392-227-2577	M	2022-07-13 14:55:14	1986-08-19
241	93	pharetra@aol.ca	1-571-535-0634	M	2023-04-18 01:11:39	2014-11-17
242	16	sodales@protonmail.couk	1-767-618-4541	M	2022-08-18 17:59:23	1952-08-21
243	59	ac.urna@hotmail.org	1-700-942-8866	F	2023-05-22 08:10:08	1994-10-27
244	122	quam.curabitur.vel@aol.net	1-185-886-7337	M	2022-05-28 03:13:01	1932-10-20
245	94	egestas.a@protonmail.org	843-5078	M	2023-04-10 12:43:10	1947-01-09
246	3	vel.lectus.cum@protonmail.couk	1-717-726-7561	F	2023-01-08 02:40:31	1971-03-05
247	52	aliquet.diam@hotmail.com	1-797-501-1311	F	2022-06-26 04:31:19	1952-06-16
248	7	lectus@outlook.edu	1-309-566-9553	F	2023-02-01 04:25:19	1983-03-14
249	113	praesent.eu@outlook.com	1-503-464-9087	M	2022-11-14 20:01:32	1935-12-17
250	34	nunc.quisque.ornare@aol.com	414-7692	F	2021-09-02 14:06:36	1952-07-12
251	52	odio@outlook.edu	1-561-300-7314	F	2021-12-09 23:43:17	1976-11-14
252	39	ipsum.nunc@yahoo.com	579-5856	M	2022-05-15 09:19:36	1999-02-01
253	22	magna.nec@aol.couk	1-658-626-5985	F	2023-07-29 20:29:09	1975-08-20
254	94	eu@yahoo.net	371-7957	F	2022-11-21 04:12:40	2010-11-11
255	117	nonummy.fusce@outlook.net	127-3248	F	2023-08-17 10:16:07	2007-05-26
256	153	diam.proin@aol.ca	706-3271	M	2022-03-27 03:51:42	1980-01-29
257	19	vulputate.mauris@google.com	1-183-507-2268	M	2022-07-11 17:56:52	1990-07-20
258	61	mus.proin@outlook.net	876-2748	M	2022-07-02 06:13:11	2007-01-04
259	21	arcu.vel@icloud.couk	1-706-823-7349	F	2021-11-20 07:52:05	2004-08-03
260	8	rutrum.fusce@aol.com	1-225-952-3370	F	2022-07-21 14:21:37	1938-01-06
261	120	risus@yahoo.couk	887-6663	M	2022-05-27 17:45:28	1987-11-23
262	67	amet.faucibus@yahoo.ca	1-428-645-8610	M	2022-02-08 03:27:28	1939-03-22
263	83	ullamcorper.magna@outlook.edu	1-624-624-2903	F	2022-09-06 07:39:21	1946-01-10
264	12	dui.fusce.diam@icloud.com	442-4283	F	2023-06-02 07:23:36	2012-08-26
265	77	arcu.nunc@google.ca	1-341-858-5265	M	2023-02-23 20:57:14	1971-04-22
266	82	sed.sapien@yahoo.couk	727-2887	F	2023-05-30 19:56:50	1998-03-26
267	141	mauris.erat@protonmail.org	315-8344	F	2021-11-26 01:01:14	1993-12-06
268	87	purus@outlook.org	1-713-688-9234	F	2022-02-07 06:29:21	1985-12-25
269	32	orci.ut.sagittis@hotmail.ca	1-273-298-7678	M	2022-01-17 17:46:37	1931-12-30
270	178	at@icloud.org	1-487-414-2793	F	2023-03-14 19:53:50	1939-07-09
271	2	molestie.sed.id@google.ca	289-7457	F	2023-06-18 14:28:25	1955-12-13
272	78	in@protonmail.edu	651-2237	F	2022-10-27 21:35:21	1943-08-24
273	78	dui@outlook.com	637-0368	M	2023-03-07 00:06:26	2011-11-07
274	164	orci.consectetuer.euismod@yahoo.org	465-7213	M	2022-09-29 09:30:21	1987-07-09
275	72	id.libero@protonmail.ca	1-656-861-3137	M	2022-01-08 16:40:02	2010-10-18
276	105	quam@yahoo.com	1-390-437-8914	F	2022-10-10 02:46:20	1939-06-08
277	178	dolor.dapibus@google.ca	1-259-433-7208	F	2022-10-17 23:02:17	1974-09-09
278	42	donec@google.couk	524-3531	M	2023-06-16 21:32:15	1965-01-16
279	73	venenatis.lacus@aol.couk	1-672-433-2279	M	2022-06-26 02:39:37	1990-09-17
280	134	enim.sit.amet@google.com	688-3179	F	2022-07-07 08:55:58	1937-08-18
281	116	lacus.quisque.imperdiet@yahoo.net	1-188-384-8067	F	2021-12-24 23:58:28	1998-07-06
282	128	ut@outlook.couk	1-223-734-2553	M	2023-03-02 15:37:34	1924-07-12
283	56	sed@protonmail.couk	1-724-898-5694	F	2023-06-05 16:11:30	2021-12-08
284	57	a.auctor@protonmail.net	1-911-714-5576	F	2021-09-04 21:34:11	1999-02-23
285	92	convallis.dolor@protonmail.edu	1-632-461-6542	M	2022-12-04 09:13:41	1989-03-27
286	95	scelerisque.mollis@icloud.ca	1-428-677-8339	F	2023-02-04 08:14:06	1994-12-22
287	87	adipiscing@hotmail.couk	776-0200	M	2022-07-01 06:15:40	1985-08-07
288	79	dui.suspendisse.ac@protonmail.ca	316-6416	M	2023-02-12 11:24:25	1995-06-10
289	98	integer@aol.edu	871-4214	M	2022-01-05 17:52:25	2018-11-19
290	123	magna.a@outlook.com	1-553-552-3853	F	2022-09-22 23:31:40	1956-12-09
291	46	eget.tincidunt@icloud.org	1-536-821-2728	F	2022-03-01 12:33:11	1958-04-06
292	161	nec.euismod.in@protonmail.org	316-8833	M	2022-11-09 04:58:55	1934-06-29
293	111	at.fringilla.purus@google.ca	857-6578	F	2023-02-20 19:25:00	1956-09-02
294	95	faucibus.orci.luctus@icloud.org	1-363-412-4516	M	2023-07-19 08:35:59	2015-10-02
295	31	auctor@icloud.com	340-3761	M	2022-12-31 22:43:29	1993-01-18
296	129	luctus@yahoo.com	1-685-883-2779	F	2022-08-21 22:52:41	2001-10-19
297	109	sit.amet@aol.ca	1-877-233-6884	F	2023-07-13 16:05:30	2009-08-16
298	141	a.facilisis@yahoo.ca	1-527-634-8562	F	2023-02-08 02:07:43	1988-02-28
299	38	eros.non@yahoo.edu	1-943-983-8469	F	2022-07-28 17:15:57	2006-03-09
300	58	vitae.erat.vel@protonmail.org	346-6447	M	2022-03-14 06:42:10	1960-11-13
301	56	enim@google.net	681-4718	M	2023-06-26 16:47:25	1946-07-22
302	179	ipsum.sodales.purus@protonmail.com	1-455-116-4549	M	2022-10-03 12:02:11	1998-08-04
303	178	sociis@hotmail.com	299-6544	F	2023-08-17 06:19:32	2003-11-25
304	34	nisl@protonmail.net	329-3211	M	2023-08-20 19:31:25	1994-09-24
305	72	aliquam.gravida.mauris@aol.couk	721-1124	F	2023-06-05 23:47:06	1977-08-29
306	93	magna.et@hotmail.net	824-6416	F	2022-02-24 23:29:23	1956-05-08
307	39	dapibus.gravida.aliquam@aol.edu	102-6747	M	2022-05-19 17:26:13	1984-07-02
308	151	mauris@icloud.ca	1-736-532-1363	F	2022-06-11 14:29:59	1927-08-10
309	23	vulputate.nisi@hotmail.edu	1-227-351-5211	M	2023-01-04 00:15:39	1999-12-02
310	165	quisque@yahoo.net	1-605-356-4507	F	2021-10-31 18:31:43	1950-06-21
311	29	dignissim.maecenas@aol.edu	1-631-833-6490	M	2022-06-26 09:45:48	1957-06-12
312	17	facilisis.magna@protonmail.couk	922-0543	M	2022-09-23 08:49:49	2011-10-31
313	73	vulputate@protonmail.edu	1-233-785-1477	F	2022-05-10 20:39:56	1967-10-29
314	66	consequat.lectus@outlook.couk	561-0913	F	2022-10-08 14:17:18	1999-12-13
315	26	a.auctor@yahoo.com	1-538-429-3427	F	2022-03-20 00:29:09	2013-07-31
316	131	nunc@protonmail.couk	517-6268	M	2022-09-20 15:21:21	1925-12-06
317	146	vitae.aliquet@google.couk	1-286-344-6453	F	2022-01-17 12:43:40	2003-07-09
318	49	proin.velit.sed@icloud.org	816-5470	F	2022-03-29 23:58:13	1996-07-04
319	178	velit.egestas.lacinia@icloud.couk	1-663-767-8531	M	2022-12-08 18:40:45	1985-09-17
320	179	duis.at@outlook.org	1-872-145-1185	M	2021-11-21 02:55:50	1937-11-15
321	118	non.quam@outlook.edu	219-7273	M	2022-03-31 17:28:14	1951-08-06
322	124	eget.ipsum@hotmail.net	1-864-729-1256	M	2023-01-27 12:39:56	2011-10-16
323	21	consequat.nec@outlook.ca	777-2223	M	2021-09-30 09:57:54	1987-07-03
324	120	sodales@google.couk	1-624-232-8613	M	2022-04-26 09:25:53	1932-01-04
325	49	lectus.rutrum@aol.couk	438-6775	M	2022-02-02 04:58:57	1983-02-15
326	135	sed.nunc@yahoo.edu	577-7964	M	2022-11-15 02:14:04	1947-04-05
327	159	proin.dolor@outlook.com	1-385-555-8118	M	2023-03-12 09:47:04	1924-03-15
328	55	nec.eleifend@protonmail.couk	523-6446	F	2021-09-08 06:23:37	1965-11-08
329	114	sapien.nunc.pulvinar@protonmail.ca	1-339-587-3355	M	2023-08-22 21:23:47	1933-07-24
330	118	ullamcorper.eu.euismod@google.ca	1-714-252-8541	M	2022-11-11 01:20:54	2002-06-05
331	108	nulla.semper@protonmail.org	305-8986	F	2022-06-10 18:19:55	1931-07-10
332	161	quam.quis@hotmail.net	317-3586	F	2022-10-05 13:27:34	1976-08-26
333	125	proin.velit.sed@outlook.net	849-2605	F	2023-06-14 14:13:19	1981-01-12
334	127	neque.et@aol.net	1-531-226-4546	F	2021-11-11 21:20:35	2002-10-25
335	63	erat@google.com	987-4685	F	2023-06-11 05:56:29	1976-04-21
336	171	lorem.vehicula@outlook.org	522-8824	M	2022-11-17 03:36:38	1951-11-23
337	23	aliquam.vulputate.ullamcorper@aol.com	406-0864	F	2021-10-11 14:16:26	1967-10-15
338	99	consequat@outlook.ca	368-2375	M	2023-07-06 08:54:58	1945-06-01
339	156	aliquam.adipiscing@hotmail.couk	654-2124	M	2023-06-12 14:33:49	1927-08-08
340	63	sapien.cursus@icloud.org	751-5762	M	2022-03-31 14:23:30	1956-01-20
341	111	in.scelerisque@yahoo.edu	485-0305	F	2023-07-01 01:51:17	1946-01-13
342	164	tellus.lorem@hotmail.edu	566-7101	F	2023-03-29 00:14:27	1942-01-12
\.


--
-- Data for Name: security; Type: TABLE DATA; Schema: public; Owner: db_user
--

COPY public.security (id, user_id, password) FROM stdin;
1	120	Nullam
2	29	odio.
3	119	enim
4	100	sem
5	104	Cras
6	47	et
7	80	dictum
8	30	mauris
9	182	eu
10	13	Cras
11	56	at
12	7	erat
13	20	rutrum
14	10	ultricies
15	119	Donec
16	91	ac
17	126	sed
18	169	aliquet
19	86	orci
20	16	molestie
21	6	lectus
22	102	quis
23	26	inceptos
24	184	et
25	162	augue
26	129	magna,
27	85	ligula.
28	30	neque
29	83	velit.
30	57	magna.
31	142	Sed
32	185	nonummy.
33	111	Sed
34	23	ornare,
35	138	non
36	8	ligula.
37	65	vitae
38	178	commodo
39	12	purus,
40	124	lectus.
41	5	sollicitudin
42	77	montes,
43	43	Phasellus
44	4	massa.
45	172	tortor,
46	14	augue
47	73	rutrum.
48	93	mauris
49	72	tincidunt
50	88	penatibus
51	13	sollicitudin
52	92	risus
53	125	massa.
54	5	eget
55	75	ultricies
56	64	at
57	111	Integer
58	182	sem
59	36	Pellentesque
60	135	magna.
61	118	vehicula
62	22	lacus,
63	187	tellus
64	72	Vivamus
65	179	felis.
66	50	Suspendisse
67	48	pretium
68	62	nec,
69	64	Nam
70	182	lectus
71	25	posuere,
72	112	Aliquam
73	124	mus.
74	94	tortor.
75	181	felis
76	87	Morbi
77	155	Fusce
78	91	vestibulum,
79	78	Nulla
80	18	In
81	57	lectus.
82	39	a,
83	56	aliquet.
84	12	eu,
85	55	sagittis
86	59	Integer
87	184	eu
88	154	ut
89	18	mauris
90	174	ligula.
91	27	ac
92	105	orci
93	11	Duis
94	154	urna
95	181	vel,
96	164	in,
97	10	varius
98	81	luctus
99	36	sit
100	62	parturient
101	69	dictum.
102	7	velit
103	2	eu,
104	64	orci,
105	90	at
106	28	rhoncus.
107	43	parturient
108	28	tempus
109	47	metus
110	3	pretium
111	112	egestas
112	157	ullamcorper.
113	87	non,
114	144	Morbi
115	43	posuere
116	132	Nulla
117	113	Cras
118	47	Nam
119	90	libero
120	39	mollis.
121	9	cursus
122	63	quam
123	72	nisl
124	131	elit,
125	134	nec,
126	35	in
127	58	id,
128	87	magna.
129	154	aliquet
130	170	euismod
131	156	Sed
132	166	urna.
133	82	magna
134	83	blandit
135	38	Sed
136	113	justo.
137	67	ut,
138	140	fringilla,
139	34	vulputate
140	168	amet
141	96	placerat.
142	148	neque
143	81	nisl
144	4	ultrices
145	9	lectus.
146	70	lorem
147	9	Pellentesque
148	68	pellentesque
149	168	et
150	165	cursus
151	2	at
152	129	facilisis
153	128	nonummy
154	20	Donec
155	164	ultrices
156	2	lobortis.
157	182	volutpat
158	150	fames
159	100	vulputate,
160	132	ante.
161	98	at,
162	8	elit
163	129	amet
164	165	in,
165	114	dolor
166	39	tristique
167	89	pede
168	165	euismod
169	100	est.
170	50	non
171	154	non,
172	41	leo
173	27	aptent
174	96	quis,
175	60	Cras
176	82	magna
177	174	ut
178	44	varius
179	110	arcu
180	112	nisi
181	40	nec,
182	137	auctor.
183	7	vitae,
184	114	nisi
185	184	Nullam
186	116	vel,
187	184	Sed
188	68	rutrum
189	107	in
190	118	Proin
\.


--
-- Data for Name: users; Type: TABLE DATA; Schema: public; Owner: db_user
--

COPY public.users (id, first_name, last_name, created_at) FROM stdin;
1	Mary	Leon	2022-03-18 08:12:09
2	McKenzie	Rollins	2022-04-13 08:30:41
3	Marvin	Jensen	2023-03-29 20:32:20
4	Hammett	Barron	2021-11-21 03:47:57
5	Bo	Terrell	2021-08-31 19:12:25
6	Christian	Walker	2023-02-16 12:02:33
7	Jaime	Pittman	2023-03-01 09:00:18
8	Aidan	Hoffman	2021-11-23 11:40:41
9	Burke	Leonard	2023-06-06 16:27:26
10	Rhiannon	Dunlap	2022-01-02 06:39:23
11	Brett	Rutledge	2023-04-26 01:50:51
12	Lamar	Baldwin	2022-12-18 18:10:16
13	Jerry	Quinn	2021-10-13 15:11:43
14	Cora	Walsh	2023-04-17 11:37:16
15	Belle	Jimenez	2022-06-01 00:06:42
16	Odysseus	Patrick	2022-02-12 13:05:04
17	Jameson	Abbott	2022-08-24 22:26:47
18	Kelly	Baxter	2021-12-06 09:09:47
19	Erich	Foley	2021-09-05 18:34:37
20	Upton	Merritt	2022-05-01 23:31:44
21	Ignatius	Garrison	2022-03-08 22:58:38
22	Avye	Ruiz	2023-02-20 12:36:08
23	Idola	Rutledge	2021-09-11 14:04:58
24	Mason	Woods	2023-03-12 08:04:20
25	Martina	Avery	2022-03-07 03:50:28
26	Desiree	Carroll	2022-10-12 16:26:15
27	Reagan	Lucas	2022-10-09 18:49:14
28	Adam	Gamble	2023-02-06 14:54:32
29	Madaline	Fitzgerald	2023-07-02 09:38:57
30	Eaton	Bolton	2022-06-12 00:41:53
31	Yetta	Hernandez	2022-08-31 08:35:59
32	Elvis	Cochran	2023-03-20 05:36:48
33	Aphrodite	Carlson	2022-07-31 12:01:12
34	Alisa	Rice	2022-04-21 22:46:59
35	Tanek	Wiggins	2022-05-31 03:21:54
36	Yolanda	Diaz	2021-12-23 01:18:03
37	Hedda	Mendez	2023-05-17 20:08:45
38	Colton	Christensen	2023-01-19 20:08:34
39	Fitzgerald	Preston	2022-06-12 15:28:20
40	Timon	Townsend	2022-10-06 23:45:04
41	Alfonso	Washington	2021-10-11 04:12:48
42	Vielka	Stafford	2021-10-05 21:03:21
43	Quin	Crosby	2022-02-11 00:06:22
44	Camilla	Levy	2023-05-12 01:22:24
45	Violet	Dyer	2022-07-14 09:56:20
46	Sonia	Taylor	2022-01-07 23:54:02
47	Tarik	Garza	2022-04-09 00:20:01
48	Preston	Reed	2022-08-01 15:12:38
49	Nash	Wheeler	2023-03-24 12:09:00
50	Stuart	Ayers	2023-02-17 01:56:03
51	Zeus	Ewing	2022-04-03 10:22:05
52	Magee	Lowery	2021-11-08 02:37:28
53	Cody	Marks	2023-08-05 04:07:26
54	Belle	Camacho	2023-07-07 04:35:18
55	Preston	Small	2022-09-11 13:56:31
56	Dahlia	William	2022-12-04 14:24:10
57	Danielle	Bender	2022-11-19 02:29:50
58	Brennan	Moss	2023-01-07 21:54:29
59	Cheryl	Macdonald	2023-03-03 01:02:51
60	Amery	Price	2022-12-10 01:36:12
61	George	Freeman	2021-10-24 23:43:09
62	Cyrus	Holcomb	2021-12-29 15:55:30
63	Wing	Potter	2021-09-29 20:50:12
64	Allegra	Vargas	2023-05-22 17:09:13
65	Talon	Moreno	2023-06-30 12:55:17
66	Danielle	Sears	2023-05-16 10:43:15
67	Ray	Ross	2022-03-27 15:19:50
68	Isabelle	Sears	2023-04-07 13:23:26
69	Alan	Marks	2021-10-24 22:37:00
70	Denise	Sherman	2022-05-14 07:39:13
71	Eugenia	Eaton	2023-07-05 10:28:50
72	Wesley	Stark	2022-08-28 20:17:48
73	MacKensie	Keith	2022-01-17 14:25:11
74	Dustin	Francis	2022-07-01 00:22:45
75	Gray	Estrada	2022-05-08 05:19:14
76	Dylan	Kirk	2023-01-21 05:12:48
77	Ava	Bell	2021-10-18 18:19:28
78	Grant	Kent	2022-03-15 18:05:02
79	Octavius	Casey	2022-09-14 07:59:04
80	Tashya	Moon	2021-11-16 07:56:08
81	Georgia	Flowers	2021-12-20 21:47:02
82	Eve	Salas	2022-04-23 09:59:35
83	Astra	David	2022-09-17 09:30:43
84	Melvin	Peck	2023-03-12 08:43:52
85	Jonah	Martin	2023-03-07 20:19:26
86	Gloria	Mullen	2022-03-18 19:54:16
87	Daphne	Duke	2023-03-13 23:53:53
88	Selma	Donaldson	2022-07-23 11:14:26
89	Karen	Galloway	2023-05-14 19:22:05
90	Shay	Miranda	2022-02-03 07:49:03
91	Tatiana	Velasquez	2022-03-22 18:58:10
92	Benjamin	Bender	2022-05-31 16:58:18
93	Evan	Underwood	2021-11-01 12:39:06
94	Rashad	Cruz	2022-02-15 07:43:23
95	Orla	Tyson	2023-03-20 10:46:40
96	Melvin	Harper	2022-10-14 18:04:21
97	Marshall	Estrada	2022-06-30 12:17:12
98	Anjolie	Mendoza	2022-09-26 08:06:48
99	Isabella	Walls	2023-06-30 17:40:06
100	Judith	Harvey	2023-01-04 17:37:50
101	Jordan	Foley	2023-03-01 05:49:27
102	Gay	Alston	2022-05-14 18:01:14
103	Cullen	Middleton	2023-04-27 23:38:29
104	Harlan	Norman	2023-02-11 13:34:37
105	Veronica	Mcclain	2022-11-13 20:50:18
106	Olympia	Clay	2022-06-06 08:40:08
107	Chandler	Ortiz	2022-11-13 16:08:54
108	Kyla	Love	2023-08-29 05:24:11
109	Nasim	Santana	2022-05-23 12:37:54
110	Colton	Huff	2021-11-24 09:21:51
111	Shelby	Moore	2023-01-20 14:34:17
112	Yvonne	Wood	2023-04-06 14:07:12
113	Chaim	Le	2022-09-23 13:31:08
114	Willa	Bray	2022-11-15 20:40:35
115	Kirk	Hanson	2022-01-27 12:11:30
116	Wang	Douglas	2022-10-26 22:37:24
117	Cole	Flynn	2021-10-14 12:36:19
118	Abbot	Shaffer	2023-01-24 13:03:28
119	Indigo	Gray	2022-02-08 08:25:45
120	Jelani	Black	2022-05-24 12:45:51
121	Hiram	Pratt	2023-06-23 12:38:53
122	Shaine	Bowman	2022-08-15 16:48:33
123	Ramona	Beck	2023-05-19 20:33:29
124	Murphy	Macdonald	2022-10-27 20:14:45
125	Bevis	Mayer	2021-11-09 04:25:15
126	Dennis	Carlson	2021-11-30 21:34:14
127	Hunter	Boyle	2022-09-30 00:36:20
128	Nasim	Joyce	2022-11-03 04:16:24
129	Castor	Talley	2022-02-02 21:43:59
130	August	Underwood	2022-08-15 00:17:22
131	Rosalyn	Finch	2023-07-30 14:04:29
132	Cairo	Dillard	2022-04-10 05:39:59
133	Tate	Stevens	2023-04-15 16:01:51
134	Daria	Mack	2022-04-02 17:36:47
135	Michael	Franks	2022-02-22 02:08:30
136	Yardley	Mccoy	2023-05-20 18:34:34
137	Dale	Holt	2022-06-25 14:00:24
138	Travis	Copeland	2022-05-02 13:13:06
139	Harlan	Guy	2022-04-18 02:22:28
140	Leah	Whitney	2023-05-14 21:56:39
141	Hanae	Hopkins	2021-09-07 03:25:33
142	Yardley	Stevens	2021-09-17 15:40:30
143	Anastasia	Mckenzie	2022-10-08 04:59:43
144	Portia	Weiss	2022-03-24 19:47:07
145	Stacey	Ferguson	2023-06-07 06:19:00
146	Gareth	Flowers	2022-03-25 01:32:53
147	Raya	Leonard	2023-04-21 17:58:43
148	Cheyenne	Weeks	2022-12-05 11:30:23
149	Fay	Green	2023-01-31 00:37:35
150	Talon	Townsend	2022-09-20 15:55:17
151	Stephanie	Wheeler	2022-06-10 04:54:28
152	Kirk	Blair	2022-06-30 05:48:46
153	Bruce	Vasquez	2022-02-07 14:16:06
154	Len	Mullins	2022-07-09 05:00:27
155	Whitney	Watkins	2021-10-27 03:40:09
156	Tanisha	Lynch	2021-10-28 02:29:51
157	Freya	Kelly	2021-12-05 10:31:44
158	Nora	Campbell	2022-04-09 04:31:04
159	Wendy	Cooper	2023-04-29 04:20:05
160	Riley	Kirk	2023-05-05 20:48:49
161	Jordan	Sanders	2021-12-20 16:46:20
162	Josiah	Villarreal	2022-06-20 01:26:03
163	Nina	Steele	2022-02-28 02:45:58
164	Adam	Evans	2022-02-16 07:45:28
165	Katelyn	Humphrey	2022-01-03 11:06:50
166	Channing	Sargent	2022-10-24 07:08:41
167	Skyler	Dunlap	2021-12-07 12:53:27
168	Lev	Dean	2022-11-12 18:33:31
169	Hanae	Macdonald	2022-10-20 14:03:25
170	Ruth	Russo	2022-04-18 06:03:00
171	Angelica	Hamilton	2023-05-24 13:10:12
172	Tad	Burch	2022-11-29 01:34:27
173	Quinn	Velasquez	2023-07-13 01:34:22
174	Abigail	Parks	2023-01-23 08:09:44
175	Ivan	Olson	2022-09-02 14:53:05
176	Ella	Hammond	2022-08-25 19:12:55
177	Erica	Ramos	2022-06-02 02:17:06
178	Yasir	Henson	2023-08-27 08:26:19
179	Eagan	Marshall	2021-12-19 01:37:55
180	Preston	Welch	2022-04-30 14:22:40
181	Yuli	Hart	2021-10-25 13:24:19
182	Mannix	Gay	2022-03-25 02:30:55
183	Beau	Talley	2023-03-30 23:16:26
184	Hyatt	Austin	2022-05-14 00:21:18
185	Haley	Turner	2022-01-26 11:50:39
186	Akeem	Rodgers	2023-04-30 16:31:38
187	Hop	Welch	2021-10-22 14:04:50
188	Damon	Atkins	2023-07-21 01:42:21
189	Yuri	Huber	2022-04-02 11:49:24
190	Wanda	Bradford	2022-04-22 18:33:12
191	Reese	Sosa	2022-08-20 12:53:23
192	Xavier	Blackwell	2023-01-29 13:29:18
193	Kylie	Sullivan	2023-03-26 06:20:47
194	Geraldine	Baldwin	2022-05-06 04:39:48
195	Olga	Hudson	2021-10-12 10:54:52
196	Hadley	Franklin	2021-09-25 10:40:04
197	Kay	Adkins	2022-11-28 00:54:41
198	Lara	Wilson	2022-10-02 00:53:22
199	Tyrone	Joyner	2022-11-09 18:09:58
200	Zeus	Burke	2022-10-21 12:42:13
201	Ivan	Ivanoff	\N
202	Ivan	Ivanoff2	\N
203	Ivan	Ivanoff3	2022-08-29 15:02:19.250676
204	Ivan	Ivanoff4	\N
205	Ivan	Ivanoff5	2022-08-29 15:11:22.647724
\.


--
-- Name: baskets_id_seq; Type: SEQUENCE SET; Schema: public; Owner: db_user
--

SELECT pg_catalog.setval('public.baskets_id_seq', 500, true);


--
-- Name: baskets_products_id_seq; Type: SEQUENCE SET; Schema: public; Owner: db_user
--

SELECT pg_catalog.setval('public.baskets_products_id_seq', 1600, true);


--
-- Name: baskets_users_id_seq; Type: SEQUENCE SET; Schema: public; Owner: db_user
--

SELECT pg_catalog.setval('public.baskets_users_id_seq', 46065, true);


--
-- Name: orders_id_seq; Type: SEQUENCE SET; Schema: public; Owner: db_user
--

SELECT pg_catalog.setval('public.orders_id_seq', 250, true);


--
-- Name: pay_cards_id_seq; Type: SEQUENCE SET; Schema: public; Owner: db_user
--

SELECT pg_catalog.setval('public.pay_cards_id_seq', 190, true);


--
-- Name: pickpoints_id_seq; Type: SEQUENCE SET; Schema: public; Owner: db_user
--

SELECT pg_catalog.setval('public.pickpoints_id_seq', 30, true);


--
-- Name: products_id_seq; Type: SEQUENCE SET; Schema: public; Owner: db_user
--

SELECT pg_catalog.setval('public.products_id_seq', 500, true);


--
-- Name: products_photos_id_seq; Type: SEQUENCE SET; Schema: public; Owner: db_user
--

SELECT pg_catalog.setval('public.products_photos_id_seq', 500, true);


--
-- Name: products_prices_id_seq; Type: SEQUENCE SET; Schema: public; Owner: db_user
--

SELECT pg_catalog.setval('public.products_prices_id_seq', 583, true);


--
-- Name: products_prices_reduces_id_seq; Type: SEQUENCE SET; Schema: public; Owner: db_user
--

SELECT pg_catalog.setval('public.products_prices_reduces_id_seq', 13601, true);


--
-- Name: profiles_id_seq; Type: SEQUENCE SET; Schema: public; Owner: db_user
--

SELECT pg_catalog.setval('public.profiles_id_seq', 342, true);


--
-- Name: security_id_seq; Type: SEQUENCE SET; Schema: public; Owner: db_user
--

SELECT pg_catalog.setval('public.security_id_seq', 190, true);


--
-- Name: users_id_seq; Type: SEQUENCE SET; Schema: public; Owner: db_user
--

SELECT pg_catalog.setval('public.users_id_seq', 205, true);


--
-- Name: baskets baskets_pkey; Type: CONSTRAINT; Schema: public; Owner: db_user
--

ALTER TABLE ONLY public.baskets
    ADD CONSTRAINT baskets_pkey PRIMARY KEY (id);


--
-- Name: baskets_products baskets_products_pkey; Type: CONSTRAINT; Schema: public; Owner: db_user
--

ALTER TABLE ONLY public.baskets_products
    ADD CONSTRAINT baskets_products_pkey PRIMARY KEY (id);


--
-- Name: baskets_users baskets_users_basket_id_key; Type: CONSTRAINT; Schema: public; Owner: db_user
--

ALTER TABLE ONLY public.baskets_users
    ADD CONSTRAINT baskets_users_basket_id_key UNIQUE (basket_id);


--
-- Name: baskets_users baskets_users_pkey; Type: CONSTRAINT; Schema: public; Owner: db_user
--

ALTER TABLE ONLY public.baskets_users
    ADD CONSTRAINT baskets_users_pkey PRIMARY KEY (id);


--
-- Name: orders orders_pkey; Type: CONSTRAINT; Schema: public; Owner: db_user
--

ALTER TABLE ONLY public.orders
    ADD CONSTRAINT orders_pkey PRIMARY KEY (id);


--
-- Name: pay_cards pay_cards_pkey; Type: CONSTRAINT; Schema: public; Owner: db_user
--

ALTER TABLE ONLY public.pay_cards
    ADD CONSTRAINT pay_cards_pkey PRIMARY KEY (id);


--
-- Name: pickpoints pickpoints_pkey; Type: CONSTRAINT; Schema: public; Owner: db_user
--

ALTER TABLE ONLY public.pickpoints
    ADD CONSTRAINT pickpoints_pkey PRIMARY KEY (id);


--
-- Name: products_photos products_photos_pkey; Type: CONSTRAINT; Schema: public; Owner: db_user
--

ALTER TABLE ONLY public.products_photos
    ADD CONSTRAINT products_photos_pkey PRIMARY KEY (id);


--
-- Name: products products_pkey; Type: CONSTRAINT; Schema: public; Owner: db_user
--

ALTER TABLE ONLY public.products
    ADD CONSTRAINT products_pkey PRIMARY KEY (id);


--
-- Name: products_prices products_prices_pkey; Type: CONSTRAINT; Schema: public; Owner: db_user
--

ALTER TABLE ONLY public.products_prices
    ADD CONSTRAINT products_prices_pkey PRIMARY KEY (id);


--
-- Name: products_prices_reduces_individual products_prices_reduces_individual_pkey; Type: CONSTRAINT; Schema: public; Owner: db_user
--

ALTER TABLE ONLY public.products_prices_reduces_individual
    ADD CONSTRAINT products_prices_reduces_individual_pkey PRIMARY KEY (user_id, products_price_id);


--
-- Name: products_prices_reduces products_prices_reduces_pkey; Type: CONSTRAINT; Schema: public; Owner: db_user
--

ALTER TABLE ONLY public.products_prices_reduces
    ADD CONSTRAINT products_prices_reduces_pkey PRIMARY KEY (id);


--
-- Name: products_prices_reduces products_prices_reduces_products_price_id_key; Type: CONSTRAINT; Schema: public; Owner: db_user
--

ALTER TABLE ONLY public.products_prices_reduces
    ADD CONSTRAINT products_prices_reduces_products_price_id_key UNIQUE (products_price_id);


--
-- Name: profiles profiles_email_key; Type: CONSTRAINT; Schema: public; Owner: db_user
--

ALTER TABLE ONLY public.profiles
    ADD CONSTRAINT profiles_email_key UNIQUE (email);


--
-- Name: profiles profiles_phone_key; Type: CONSTRAINT; Schema: public; Owner: db_user
--

ALTER TABLE ONLY public.profiles
    ADD CONSTRAINT profiles_phone_key UNIQUE (phone);


--
-- Name: profiles profiles_pkey; Type: CONSTRAINT; Schema: public; Owner: db_user
--

ALTER TABLE ONLY public.profiles
    ADD CONSTRAINT profiles_pkey PRIMARY KEY (id);


--
-- Name: security security_pkey; Type: CONSTRAINT; Schema: public; Owner: db_user
--

ALTER TABLE ONLY public.security
    ADD CONSTRAINT security_pkey PRIMARY KEY (id);


--
-- Name: products uniq_name; Type: CONSTRAINT; Schema: public; Owner: db_user
--

ALTER TABLE ONLY public.products
    ADD CONSTRAINT uniq_name UNIQUE (name);


--
-- Name: users users_pkey; Type: CONSTRAINT; Schema: public; Owner: db_user
--

ALTER TABLE ONLY public.users
    ADD CONSTRAINT users_pkey PRIMARY KEY (id);


--
-- Name: baskets_basket_id_idx; Type: INDEX; Schema: public; Owner: db_user
--

CREATE INDEX baskets_basket_id_idx ON public.baskets_users USING btree (basket_id);


--
-- Name: baskets_id_uq; Type: INDEX; Schema: public; Owner: db_user
--

CREATE UNIQUE INDEX baskets_id_uq ON public.baskets USING btree (id);


--
-- Name: baskets_user_id_idx; Type: INDEX; Schema: public; Owner: db_user
--

CREATE INDEX baskets_user_id_idx ON public.baskets_users USING btree (user_id);


--
-- Name: profiles_email_idx; Type: INDEX; Schema: public; Owner: db_user
--

CREATE INDEX profiles_email_idx ON public.profiles USING btree (email);


--
-- Name: profiles_id_uq; Type: INDEX; Schema: public; Owner: db_user
--

CREATE UNIQUE INDEX profiles_id_uq ON public.profiles USING btree (id);


--
-- Name: profiles_user_id_idx; Type: INDEX; Schema: public; Owner: db_user
--

CREATE INDEX profiles_user_id_idx ON public.profiles USING btree (user_id);


--
-- Name: users add_create_at_data_on_insert; Type: TRIGGER; Schema: public; Owner: db_user
--

CREATE TRIGGER add_create_at_data_on_insert BEFORE INSERT ON public.users FOR EACH ROW EXECUTE FUNCTION public.add_create_at_data();


--
-- Name: baskets_products baskets_products_basket_id_fk; Type: FK CONSTRAINT; Schema: public; Owner: db_user
--

ALTER TABLE ONLY public.baskets_products
    ADD CONSTRAINT baskets_products_basket_id_fk FOREIGN KEY (basket_id) REFERENCES public.baskets(id) ON DELETE RESTRICT;


--
-- Name: baskets_products baskets_products_product_id_fk; Type: FK CONSTRAINT; Schema: public; Owner: db_user
--

ALTER TABLE ONLY public.baskets_products
    ADD CONSTRAINT baskets_products_product_id_fk FOREIGN KEY (product_id) REFERENCES public.products(id) ON DELETE RESTRICT;


--
-- Name: baskets_users baskets_users_basket_id_fk; Type: FK CONSTRAINT; Schema: public; Owner: db_user
--

ALTER TABLE ONLY public.baskets_users
    ADD CONSTRAINT baskets_users_basket_id_fk FOREIGN KEY (basket_id) REFERENCES public.baskets(id) ON DELETE RESTRICT;


--
-- Name: baskets_users baskets_users_user_id_fk; Type: FK CONSTRAINT; Schema: public; Owner: db_user
--

ALTER TABLE ONLY public.baskets_users
    ADD CONSTRAINT baskets_users_user_id_fk FOREIGN KEY (user_id) REFERENCES public.users(id) ON DELETE CASCADE;


--
-- Name: orders orders_basket_id_fk; Type: FK CONSTRAINT; Schema: public; Owner: db_user
--

ALTER TABLE ONLY public.orders
    ADD CONSTRAINT orders_basket_id_fk FOREIGN KEY (basket_id) REFERENCES public.baskets(id) ON DELETE RESTRICT;


--
-- Name: orders orders_pickpoint_id_fk; Type: FK CONSTRAINT; Schema: public; Owner: db_user
--

ALTER TABLE ONLY public.orders
    ADD CONSTRAINT orders_pickpoint_id_fk FOREIGN KEY (pickpoint_id) REFERENCES public.pickpoints(id) ON DELETE RESTRICT;


--
-- Name: pay_cards pay_cards_user_id_fk; Type: FK CONSTRAINT; Schema: public; Owner: db_user
--

ALTER TABLE ONLY public.pay_cards
    ADD CONSTRAINT pay_cards_user_id_fk FOREIGN KEY (user_id) REFERENCES public.users(id) ON DELETE CASCADE;


--
-- Name: products_photos products_photos_product_id_fk; Type: FK CONSTRAINT; Schema: public; Owner: db_user
--

ALTER TABLE ONLY public.products_photos
    ADD CONSTRAINT products_photos_product_id_fk FOREIGN KEY (product_id) REFERENCES public.products(id) ON DELETE RESTRICT;


--
-- Name: products_prices products_prices_product_id_fk; Type: FK CONSTRAINT; Schema: public; Owner: db_user
--

ALTER TABLE ONLY public.products_prices
    ADD CONSTRAINT products_prices_product_id_fk FOREIGN KEY (product_id) REFERENCES public.products(id) ON DELETE RESTRICT;


--
-- Name: products_prices_reduces_individual products_prices_reduces_individual_products_price_id_fkey; Type: FK CONSTRAINT; Schema: public; Owner: db_user
--

ALTER TABLE ONLY public.products_prices_reduces_individual
    ADD CONSTRAINT products_prices_reduces_individual_products_price_id_fkey FOREIGN KEY (products_price_id) REFERENCES public.products_prices(id);


--
-- Name: products_prices_reduces_individual products_prices_reduces_individual_user_id_fkey; Type: FK CONSTRAINT; Schema: public; Owner: db_user
--

ALTER TABLE ONLY public.products_prices_reduces_individual
    ADD CONSTRAINT products_prices_reduces_individual_user_id_fkey FOREIGN KEY (user_id) REFERENCES public.users(id);


--
-- Name: products_prices_reduces products_prices_reduces_products_price_id_fk; Type: FK CONSTRAINT; Schema: public; Owner: db_user
--

ALTER TABLE ONLY public.products_prices_reduces
    ADD CONSTRAINT products_prices_reduces_products_price_id_fk FOREIGN KEY (products_price_id) REFERENCES public.products_prices(id) ON DELETE RESTRICT;


--
-- Name: profiles profiles_user_id_fk; Type: FK CONSTRAINT; Schema: public; Owner: db_user
--

ALTER TABLE ONLY public.profiles
    ADD CONSTRAINT profiles_user_id_fk FOREIGN KEY (user_id) REFERENCES public.users(id) ON DELETE CASCADE;


--
-- Name: security security_user_id_fk; Type: FK CONSTRAINT; Schema: public; Owner: db_user
--

ALTER TABLE ONLY public.security
    ADD CONSTRAINT security_user_id_fk FOREIGN KEY (user_id) REFERENCES public.users(id) ON DELETE CASCADE;


--
-- PostgreSQL database dump complete
--

